applicant_id,age,gender,state,employment_type,monthly_income,credit_score,loan_purpose,loan_amount,tenure_months,interest_rate,emi,existing_loans,num_dependents,application_date,debt_to_income,default_flag
APP101901,39,Male,West Bengal,Salaried,55800.0,699,Education,47000.0,60,11.23,1027.0,0,2,2024-09-16,0.02,0
APP105089,43,Male,Tamil Nadu,Salaried,21200.0,731,Personal,376000.0,36,13.68,12792.0,2,3,2024-12-23,1.81,0
APP105813,24,Female,Maharashtra,Salaried,52600.0,679,Personal,319000.0,84,13.25,5847.0,0,1,2025-05-23,0.11,1
APP102381,39,Male,Telangana,Salaried,43300.0,574,Home Renovation,158000.0,24,14.63,7633.0,0,4,2024-04-18,0.18,0
APP101625,53,Female,Maharashtra,Self-Employed,36800.0,681,Medical,288000.0,12,13.3,25764.0,0,3,2025-11-08,0.7,0
APP101699,32,Male,Delhi,Business Owner,,654,Home Renovation,350000.0,36,13.84,11935.0,3,0,2025-11-30,0.62,0
APP102141,34,Female,Karnataka,Salaried,53000.0,644,Personal,286000.0,60,13.32,6554.0,0,1,2025-09-04,0.12,0
APP101172,42,Male,Punjab,Salaried,46000.0,527,Education,286000.0,24,14.29,13771.0,0,1,2025-02-09,0.3,0
APP103110,58,Male,Gujarat,Salaried,,658,Home Renovation,299000.0,12,11.93,26556.0,0,2,2024-08-09,0.68,0
APP100965,56,Male,Delhi,Self-Employed,59300.0,682,Vehicle,193000.0,60,13.29,4420.0,0,2,2025-08-20,0.07,0
APP105625,37,Female,Uttar Pradesh,Salaried,65100.0,808,Personal,359000.0,24,10.5,16649.0,5,2,2025-07-31,1.53,0
APP102805,28,Male,Telangana,Self-Employed,52700.0,689,Personal,288000.0,84,11.25,4969.0,3,0,2024-10-30,0.38,0
APP103971,36,Male,Tamil Nadu,Self-Employed,80300.0,554,Home Renovation,376000.0,60,15.96,9136.0,0,1,2024-09-20,0.11,0
APP101772,29,Male,Uttar Pradesh,Salaried,39600.0,672,Education,60000.0,48,12.18,1585.0,1,1,2024-06-08,0.08,0
APP100135,48,Male,West Bengal,Salaried,39100.0,623,Home Renovation,200000.0,36,14.32,6867.0,0,0,2024-03-22,0.18,0
APP102650,47,Male,Maharashtra,Self-Employed,13400.0,797,Vehicle,402000.0,48,11.83,10553.0,0,1,2025-07-22,0.79,0
APP103386,33,Male,Tamil Nadu,Business Owner,34700.0,777,Personal,264000.0,36,11.5,8706.0,1,0,2024-09-23,0.5,0
APP103950,33,Male,Gujarat,Salaried,34100.0,684,Education,20000.0,24,13.37,954.0,1,1,2024-03-29,0.06,0
APP101845,35,Male,Maharashtra,Salaried,77200.0,632,Vehicle,215000.0,12,13.04,19207.0,1,2,2024-10-28,0.5,1
APP102773,24,Female,Uttar Pradesh,Salaried,51500.0,851,Personal,306000.0,48,11.94,8049.0,1,1,2024-10-18,0.31,0
APP100194,53,Male,West Bengal,Business Owner,70000.0,633,Personal,195000.0,36,12.88,6559.0,3,2,2025-07-06,0.37,0
APP105557,55,Male,Tamil Nadu,Self-Employed,30100.0,542,Vehicle,488000.0,36,14.56,16812.0,4,0,2025-06-06,2.79,0
APP105367,59,Male,Delhi,Business Owner,77200.0,629,Vehicle,366000.0,36,12.85,12306.0,1,1,2025-10-04,0.32,0
APP102307,39,Male,Gujarat,Business Owner,22800.0,675,Personal,188000.0,12,12.96,16788.0,0,2,2025-11-12,0.74,0
APP100305,44,Male,Maharashtra,Salaried,58000.0,699,Medical,301000.0,48,14.07,8236.0,3,1,2025-02-02,0.57,0
APP103159,43,Female,Uttar Pradesh,Salaried,30300.0,537,Home Renovation,189000.0,24,14.9,9155.0,1,0,2025-09-22,0.6,0
APP102101,43,Male,Tamil Nadu,Salaried,65700.0,559,Business Expansion,378000.0,60,14.18,8831.0,0,1,2024-09-14,0.13,0
APP104806,32,Male,Uttar Pradesh,Salaried,43900.0,790,Business Expansion,297000.0,36,10.43,9643.0,1,3,2025-09-15,0.44,0
APP104887,36,Male,Rajasthan,Salaried,47100.0,708,Personal,282000.0,36,13.07,9511.0,1,0,2024-01-10,0.4,0
APP105448,39,Male,Uttar Pradesh,Self-Employed,12000.0,498,Business Expansion,338000.0,48,15.14,9431.0,0,3,2024-11-10,0.79,1
APP101837,26,Female,Karnataka,Business Owner,40600.0,579,Personal,345000.0,36,13.35,11683.0,3,0,2024-04-26,1.15,0
APP104296,42,Male,Delhi,Self-Employed,42500.0,616,Business Expansion,551000.0,12,13.45,49330.0,1,2,2024-07-27,2.32,1
APP105267,48,Female,Maharashtra,Business Owner,57300.0,651,Personal,90000.0,36,14.89,3115.0,2,1,2025-07-09,0.16,0
APP101457,43,Female,Tamil Nadu,Self-Employed,17800.0,857,Personal,224000.0,24,9.8,10316.0,2,1,2024-04-05,1.74,0
APP101646,26,Female,Uttar Pradesh,Self-Employed,28400.0,762,Personal,294000.0,48,11.41,7657.0,1,0,2025-05-07,0.54,0
APP103648,51,Male,Delhi,Business Owner,73800.0,541,Medical,306000.0,24,13.19,14575.0,1,0,2024-05-06,0.39,0
APP101444,49,Male,Punjab,Business Owner,120900.0,740,Medical,20000.0,12,11.07,1768.0,1,0,2024-05-18,0.03,0
APP103006,39,Male,Karnataka,Business Owner,30400.0,702,Personal,43000.0,60,11.86,953.0,1,0,2024-05-09,0.06,0
APP101925,30,Male,Delhi,Salaried,22400.0,585,Personal,101000.0,60,13.24,2310.0,2,2,2025-11-19,0.31,0
APP104319,37,Male,West Bengal,Salaried,29700.0,603,Education,481000.0,48,13.87,13113.0,0,1,2025-03-27,0.44,1
APP100276,50,Male,West Bengal,Self-Employed,59000.0,418,Home Renovation,540000.0,24,16.53,26577.0,0,1,2024-01-11,0.45,1
APP100893,52,Male,Rajasthan,Salaried,51300.0,711,Personal,328000.0,12,13.82,29422.0,1,1,2025-09-03,1.15,0
APP105156,43,Female,Gujarat,Salaried,63300.0,755,Education,20000.0,12,12.33,1780.0,0,3,2025-10-25,0.03,0
APP104398,53,Female,Tamil Nadu,Self-Employed,36700.0,588,Education,229000.0,48,14.08,6267.0,1,1,2025-07-10,0.34,1
APP104803,56,Male,Karnataka,Self-Employed,39400.0,900,Education,323000.0,36,10.46,10492.0,1,1,2024-09-12,0.53,0
APP104097,40,Male,Maharashtra,Self-Employed,21900.0,546,Education,443000.0,36,15.19,15398.0,1,2,2025-10-22,1.41,1
APP104059,30,Female,Tamil Nadu,Salaried,54000.0,767,Vehicle,127000.0,36,12.86,4271.0,1,1,2025-12-10,0.16,1
APP102747,29,Male,Gujarat,Salaried,62700.0,604,Education,20000.0,48,13.4,541.0,2,3,2024-10-24,0.03,0
APP104436,43,Male,Karnataka,Business Owner,86300.0,605,Medical,215000.0,48,14.4,5918.0,1,0,2025-03-18,0.14,0
APP104752,45,Male,Maharashtra,Salaried,12000.0,789,Education,389000.0,36,11.17,12767.0,2,1,2024-05-12,3.19,1
APP103957,33,Male,Telangana,Salaried,51600.0,794,Business Expansion,509000.0,24,10.32,23563.0,1,1,2024-10-03,0.91,0
APP105124,36,Female,Tamil Nadu,Salaried,51000.0,748,Personal,291000.0,48,12.36,7715.0,0,0,2024-06-30,0.15,1
APP102413,23,Female,West Bengal,Business Owner,29100.0,611,Vehicle,243000.0,24,14.1,11679.0,2,1,2025-10-18,1.2,1
APP102701,46,Female,Karnataka,Business Owner,66700.0,677,Personal,354000.0,12,13.77,31746.0,0,0,2024-03-13,0.48,0
APP105114,31,Male,Punjab,Salaried,51600.0,585,Home Renovation,269000.0,84,15.1,5206.0,1,0,2025-01-18,0.2,0
APP103572,51,Female,Uttar Pradesh,Salaried,40800.0,573,Personal,377000.0,12,16.11,34225.0,1,0,2024-04-24,1.68,1
APP100500,59,Male,Rajasthan,Salaried,51000.0,777,Vehicle,196000.0,48,12.33,5193.0,1,1,2025-10-02,0.2,0
APP104904,21,Male,Gujarat,Salaried,60900.0,687,Medical,375000.0,36,13.58,12740.0,1,1,2024-07-10,0.42,0
APP103401,26,Male,Telangana,Salaried,44900.0,569,Medical,597000.0,24,12.8,28326.0,0,1,2025-07-18,0.63,1
APP102036,35,Male,Uttar Pradesh,Salaried,53400.0,619,Personal,21000.0,24,13.63,1005.0,1,2,2025-06-18,0.04,1
APP105457,36,Male,Karnataka,Self-Employed,42000.0,690,Home Renovation,445000.0,48,13.61,12073.0,0,5,2025-11-10,0.29,0
APP101985,51,Female,Tamil Nadu,Salaried,39700.0,809,Business Expansion,20000.0,12,11.49,1772.0,0,2,2024-07-27,0.04,0
APP105620,43,Male,Delhi,Business Owner,73000.0,621,Vehicle,20000.0,60,11.63,441.0,1,0,2025-04-17,0.01,0
APP101729,45,Female,Telangana,Salaried,27800.0,736,Personal,233000.0,36,12.11,7751.0,0,1,2024-05-31,0.28,0
APP101390,25,Female,Tamil Nadu,Salaried,51200.0,723,Home Renovation,179000.0,48,12.31,4741.0,0,0,2025-11-03,0.09,0
APP103151,34,Male,Uttar Pradesh,Self-Employed,12000.0,791,Vehicle,40000.0,60,9.82,846.0,5,1,2024-10-03,0.42,0
APP101665,58,Female,West Bengal,Salaried,29700.0,768,Medical,113000.0,48,12.51,3004.0,2,0,2025-12-06,0.3,0
APP100915,47,Male,West Bengal,Salaried,40900.0,723,Business Expansion,483000.0,48,12.29,12788.0,0,1,2024-03-09,0.31,1
APP101895,36,Male,Gujarat,Self-Employed,28900.0,713,Home Renovation,307000.0,48,12.44,8151.0,0,0,2024-09-08,0.28,0
APP105747,26,Male,Karnataka,Salaried,50100.0,659,Medical,362000.0,24,12.62,17146.0,3,2,2024-03-07,1.37,0
APP103361,51,Female,Maharashtra,Salaried,47000.0,623,Personal,266000.0,84,13.21,4869.0,2,2,2024-03-13,0.31,0
APP101990,37,Female,Punjab,Business Owner,47700.0,628,Home Renovation,155000.0,24,13.96,7439.0,1,0,2024-11-13,0.31,0
APP103898,32,Male,Tamil Nadu,Business Owner,49600.0,677,Vehicle,210000.0,36,13.29,7105.0,2,1,2024-01-14,0.43,0
APP105645,28,Male,Gujarat,Salaried,32500.0,680,Personal,370000.0,36,13.92,12631.0,1,1,2025-09-13,0.78,0
APP102038,57,Male,Punjab,Self-Employed,34300.0,694,Home Renovation,325000.0,12,13.81,29152.0,2,1,2024-07-02,2.55,1
APP103642,39,Female,Rajasthan,Salaried,60300.0,498,Home Renovation,163000.0,84,16.15,3251.0,0,0,2025-08-18,0.05,1
APP103323,53,Male,Karnataka,Salaried,49400.0,699,Home Renovation,141000.0,24,11.03,6574.0,1,1,2025-06-02,0.27,0
APP104009,34,Female,Uttar Pradesh,Salaried,64600.0,619,Home Renovation,195000.0,12,14.33,17539.0,0,1,2025-12-14,0.27,0
APP104936,54,Male,Maharashtra,Self-Employed,33000.0,793,Personal,317000.0,36,10.74,10339.0,0,0,2024-07-29,0.31,0
APP100582,44,Male,West Bengal,Salaried,34600.0,716,Personal,76000.0,60,12.2,1698.0,1,0,2025-08-19,0.1,0
APP104808,50,Female,Uttar Pradesh,Salaried,40500.0,764,Home Renovation,303000.0,36,11.11,9936.0,1,2,2025-03-01,0.49,0
APP104842,56,Female,Maharashtra,Salaried,69600.0,844,Education,619000.0,36,10.89,20233.0,0,0,2024-04-17,0.29,0
APP101208,41,Male,Uttar Pradesh,Salaried,46300.0,665,Medical,236000.0,60,13.63,5446.0,1,1,2025-06-18,0.24,0
APP103178,37,Female,Delhi,Salaried,53500.0,738,Personal,322000.0,48,12.01,8481.0,1,0,2024-02-18,0.32,0
APP103582,37,Male,Maharashtra,Salaried,35100.0,549,Personal,419000.0,12,15.5,37917.0,1,1,2025-10-19,2.16,1
APP104387,51,Female,Uttar Pradesh,Self-Employed,18900.0,818,Business Expansion,429000.0,24,11.71,20136.0,0,2,2024-07-13,1.07,0
APP105994,40,Male,Uttar Pradesh,Self-Employed,74600.0,628,Home Renovation,330000.0,12,13.85,29606.0,1,4,2025-12-29,0.79,1
APP100407,39,Male,West Bengal,Salaried,41200.0,724,Personal,151000.0,48,11.13,3912.0,1,1,2025-11-25,0.19,0
APP105128,31,Female,Tamil Nadu,Self-Employed,38900.0,593,Vehicle,202000.0,48,14.06,5526.0,1,0,2025-02-01,0.28,0
APP104336,32,Male,Maharashtra,Self-Employed,33400.0,711,Vehicle,211000.0,12,12.33,18780.0,1,2,2025-03-15,1.12,1
APP101791,39,Male,Maharashtra,Salaried,33200.0,811,Vehicle,246000.0,60,9.39,5153.0,1,1,2025-04-12,0.31,0
APP100452,41,Male,Karnataka,Salaried,44100.0,713,Personal,20000.0,60,14.07,466.0,1,1,2024-07-11,0.02,0
APP101538,58,Female,Punjab,Salaried,84400.0,762,Personal,34000.0,12,10.23,2993.0,0,1,2024-04-01,0.04,0
APP102267,40,Male,Karnataka,Salaried,,651,Medical,243000.0,24,15.1,11794.0,2,2,2025-05-19,0.67,0
APP103354,45,Male,Uttar Pradesh,Business Owner,12000.0,851,Education,150000.0,36,10.53,4877.0,0,3,2024-07-01,0.41,0
APP100683,44,Male,Maharashtra,Self-Employed,,708,Medical,24000.0,84,13.23,440.0,2,2,2024-10-30,0.02,0
APP105719,24,Female,Gujarat,Salaried,43100.0,705,Home Renovation,32000.0,84,12.47,573.0,0,0,2025-09-07,0.01,0
APP102956,57,Male,Karnataka,Self-Employed,24200.0,869,Vehicle,318000.0,36,9.0,10112.0,1,0,2025-01-03,0.84,0
APP100948,47,Female,Punjab,Self-Employed,23300.0,497,Business Expansion,276000.0,24,14.94,13374.0,2,0,2025-04-17,1.72,1
APP102811,29,Male,Punjab,Salaried,26500.0,648,Business Expansion,206000.0,84,12.39,3680.0,0,2,2025-04-05,0.14,0
APP105302,36,Male,West Bengal,Salaried,31900.0,466,Vehicle,319000.0,84,15.88,6314.0,1,2,2025-01-29,0.4,1
APP101306,44,Female,Tamil Nadu,Self-Employed,47800.0,687,Vehicle,132000.0,60,13.23,3019.0,0,2,2024-12-08,0.06,0
APP102167,31,Female,Telangana,Salaried,44000.0,669,Vehicle,152000.0,36,14.74,5250.0,0,0,2024-10-28,0.12,0
APP100359,39,Male,Rajasthan,Self-Employed,37900.0,569,Home Renovation,358000.0,12,15.63,32419.0,1,0,2025-09-24,1.71,1
APP104284,33,Male,West Bengal,Salaried,48300.0,596,Education,554000.0,60,13.96,12879.0,0,0,2025-03-05,0.27,0
APP100056,46,Male,Gujarat,Salaried,47100.0,659,Personal,504000.0,48,12.65,13434.0,1,3,2025-08-07,0.57,0
APP102706,23,Male,Gujarat,Salaried,53000.0,662,Business Expansion,354000.0,48,13.81,9640.0,1,0,2024-05-06,0.36,0
APP101483,36,Male,Maharashtra,Self-Employed,66900.0,680,Vehicle,233000.0,60,13.85,5403.0,0,3,2024-08-20,0.08,1
APP104912,31,Male,Gujarat,Self-Employed,64000.0,582,Personal,226000.0,36,13.58,7678.0,1,0,2025-09-19,0.24,1
APP101506,28,Female,Delhi,Self-Employed,25200.0,749,Personal,207000.0,24,9.78,9531.0,1,2,2025-10-30,0.76,0
APP102593,31,Male,Uttar Pradesh,Salaried,51900.0,728,Business Expansion,285000.0,84,12.46,5101.0,0,2,2025-04-25,0.1,0
APP103730,58,Male,Uttar Pradesh,Self-Employed,21200.0,538,Personal,198000.0,36,13.6,6729.0,0,0,2024-06-06,0.32,1
APP101244,38,Male,Punjab,Self-Employed,33900.0,821,Education,232000.0,12,10.56,20457.0,1,0,2025-06-28,1.21,0
APP104926,52,Male,Tamil Nadu,Self-Employed,21700.0,592,Home Renovation,268000.0,48,14.35,7371.0,0,1,2024-03-14,0.34,0
APP101935,23,Male,Telangana,Salaried,65400.0,787,Business Expansion,189000.0,48,11.47,4928.0,2,3,2025-07-13,0.23,0
APP104830,42,Female,Maharashtra,Salaried,23300.0,638,Education,224000.0,48,13.21,6033.0,0,0,2025-01-04,0.26,0
APP105660,54,Male,Karnataka,Salaried,34300.0,900,Personal,396000.0,12,9.0,34631.0,1,1,2025-07-23,2.02,0
APP102631,48,Female,Karnataka,Salaried,49000.0,732,Personal,260000.0,60,12.52,5852.0,0,0,2025-02-11,0.12,0
APP103670,26,Male,Uttar Pradesh,Salaried,50000.0,543,Vehicle,609000.0,48,14.62,16832.0,1,2,2024-05-15,0.67,1
APP104584,48,Female,Maharashtra,Salaried,55600.0,763,Medical,42000.0,24,10.99,1957.0,1,2,2025-10-03,0.07,0
APP102950,47,Male,Tamil Nadu,Business Owner,86200.0,798,Personal,511000.0,36,10.69,16655.0,1,1,2025-09-12,0.39,0
APP105789,54,Male,Gujarat,Salaried,42900.0,674,Personal,188000.0,48,11.7,4923.0,0,1,2025-11-25,0.11,1
APP100000,59,Male,Karnataka,Salaried,59200.0,610,Education,20000.0,48,14.47,551.0,3,4,2024-04-06,0.04,0
APP100246,45,Male,Karnataka,Salaried,48600.0,729,Home Renovation,238000.0,12,12.01,21147.0,1,2,2025-09-11,0.87,1
APP104331,41,Male,Punjab,Salaried,53100.0,702,Home Renovation,86000.0,36,12.5,2877.0,1,4,2024-12-16,0.11,0
APP103415,46,Male,Rajasthan,Self-Employed,12000.0,797,Vehicle,365000.0,60,13.22,8346.0,2,0,2025-02-10,2.09,1
APP101440,42,Female,Punjab,Self-Employed,21100.0,756,Personal,298000.0,48,12.22,7880.0,3,1,2024-01-17,1.49,0
APP102955,57,Female,Gujarat,Salaried,28600.0,768,Business Expansion,307000.0,36,11.3,10094.0,0,1,2025-11-01,0.35,1
APP102013,36,Female,Maharashtra,Salaried,46200.0,668,Medical,74000.0,12,13.51,6627.0,3,1,2024-02-13,0.57,1
APP102589,39,Male,Maharashtra,Self-Employed,39100.0,847,Personal,124000.0,24,11.43,5804.0,0,1,2025-02-09,0.15,0
APP102794,47,Female,Punjab,Salaried,33900.0,678,Business Expansion,407000.0,12,12.92,36337.0,1,1,2025-10-16,2.14,1
APP100433,32,Female,Telangana,Salaried,31000.0,721,Medical,241000.0,48,12.3,6382.0,2,1,2024-01-27,0.62,1
APP100658,32,Male,Tamil Nadu,Self-Employed,12000.0,797,Education,256000.0,12,9.0,22388.0,0,1,2025-07-09,1.87,0
APP102029,43,Male,Delhi,Salaried,51400.0,621,Medical,498000.0,36,10.88,16276.0,0,1,2025-03-25,0.32,1
APP101651,41,Male,West Bengal,Self-Employed,12000.0,640,Personal,20000.0,24,13.17,952.0,3,1,2024-03-01,0.32,0
APP105546,31,Male,Gujarat,Business Owner,84000.0,823,Medical,190000.0,24,11.34,8886.0,0,0,2024-08-23,0.11,0
APP102374,24,Male,Uttar Pradesh,Self-Employed,71800.0,821,Personal,264000.0,12,11.33,23373.0,1,0,2025-12-28,0.65,0
APP103192,24,Male,Maharashtra,Business Owner,77900.0,739,Business Expansion,20000.0,60,13.94,465.0,1,1,2024-09-12,0.01,0
APP105041,28,Female,Maharashtra,Business Owner,97100.0,708,Personal,100000.0,36,12.17,3330.0,0,4,2025-09-30,0.03,0
APP102004,41,Male,Delhi,Self-Employed,52200.0,900,Business Expansion,97000.0,12,9.28,8495.0,0,0,2024-07-19,0.16,0
APP104142,55,Male,West Bengal,Salaried,34900.0,815,Personal,260000.0,36,10.04,8394.0,0,0,2025-07-24,0.24,1
APP101817,22,Female,Maharashtra,Salaried,42200.0,478,Vehicle,147000.0,48,16.68,4217.0,0,1,2024-05-26,0.1,0
APP104708,43,Male,Uttar Pradesh,Salaried,13800.0,625,Home Renovation,43000.0,48,14.84,1193.0,0,3,2024-04-02,0.09,0
APP102425,41,Male,Maharashtra,Business Owner,109600.0,659,Medical,188000.0,36,13.07,6341.0,0,1,2025-12-09,0.06,1
APP104538,43,Male,Delhi,Self-Employed,44900.0,556,Personal,248000.0,12,14.52,22328.0,1,2,2025-09-16,0.99,1
APP100892,34,Male,Maharashtra,Salaried,35000.0,771,Personal,86000.0,36,11.9,2852.0,1,0,2025-03-12,0.16,0
APP102925,49,Male,Gujarat,Salaried,37900.0,766,Business Expansion,468000.0,24,13.1,22272.0,2,1,2025-06-16,1.76,1
APP102463,40,Male,Delhi,Salaried,31600.0,530,Personal,375000.0,48,15.46,10524.0,0,5,2025-05-10,0.33,0
APP103690,34,Female,Punjab,Salaried,32400.0,686,Personal,214000.0,36,13.44,7256.0,1,1,2025-10-21,0.45,0
APP103666,25,Female,Karnataka,Salaried,42100.0,627,Business Expansion,147000.0,84,12.3,2619.0,1,1,2024-05-02,0.12,1
APP105954,48,Male,West Bengal,Salaried,46900.0,626,Personal,437000.0,60,14.81,10353.0,1,0,2025-12-22,0.44,0
APP104214,58,Female,Gujarat,Salaried,39500.0,738,Education,246000.0,48,12.6,6551.0,2,0,2024-05-18,0.5,0
APP105817,27,Male,Delhi,Self-Employed,12000.0,705,Medical,245000.0,24,11.97,11530.0,1,1,2024-06-25,1.92,0
APP102287,45,Male,Maharashtra,Business Owner,47400.0,622,Vehicle,138000.0,36,12.73,4632.0,1,2,2024-12-30,0.2,1
APP100718,41,Female,West Bengal,Business Owner,109400.0,698,Home Renovation,659000.0,84,12.79,11913.0,0,0,2025-05-09,0.11,0
APP101543,58,Female,Maharashtra,Business Owner,51300.0,621,Medical,326000.0,12,15.48,29498.0,0,5,2024-10-11,0.58,0
APP105160,37,Female,Tamil Nadu,Salaried,75100.0,613,Home Renovation,368000.0,84,12.32,6559.0,0,1,2024-03-08,0.09,0
APP102129,57,Male,Delhi,Salaried,52800.0,499,Home Renovation,243000.0,12,14.66,21894.0,3,2,2024-02-29,1.66,1
APP101420,52,Male,Karnataka,Self-Employed,35500.0,696,Vehicle,321000.0,24,12.98,15258.0,0,1,2024-04-30,0.43,0
APP100115,29,Male,West Bengal,Self-Employed,46600.0,870,Vehicle,234000.0,36,10.98,7659.0,1,1,2025-03-01,0.33,0
APP101921,48,Male,Uttar Pradesh,Salaried,64100.0,615,Personal,388000.0,84,14.83,7450.0,1,0,2025-04-15,0.23,1
APP100985,35,Male,Rajasthan,Business Owner,94700.0,597,Home Renovation,20000.0,36,13.77,681.0,1,1,2025-09-05,0.01,0
APP102513,41,Male,Uttar Pradesh,Self-Employed,36800.0,711,Personal,138000.0,48,11.93,3629.0,1,0,2024-04-29,0.2,0
APP101169,55,Female,Maharashtra,Salaried,35800.0,759,Medical,430000.0,24,11.37,20115.0,3,0,2024-11-21,2.25,1
APP103890,29,Female,Rajasthan,Self-Employed,12000.0,713,Education,135000.0,24,12.82,6407.0,1,0,2024-10-30,1.07,1
APP100521,57,Male,Punjab,Business Owner,48200.0,774,Personal,157000.0,24,9.86,7235.0,2,0,2024-10-21,0.45,0
APP105807,37,Male,Uttar Pradesh,Salaried,49700.0,798,Personal,353000.0,12,10.39,31098.0,1,1,2025-02-01,1.25,0
APP103359,28,Female,Delhi,Self-Employed,12000.0,725,Medical,20000.0,36,9.55,641.0,0,1,2024-12-09,0.05,1
APP103208,30,Female,Uttar Pradesh,Salaried,50900.0,808,Business Expansion,330000.0,24,12.08,15547.0,1,2,2025-11-02,0.61,0
APP100968,57,Male,Tamil Nadu,Salaried,45500.0,689,Home Renovation,225000.0,84,12.99,4092.0,0,0,2025-07-08,0.09,1
APP102626,44,Female,Tamil Nadu,Salaried,38100.0,714,Vehicle,334000.0,12,12.08,29688.0,1,0,2024-08-03,1.56,1
APP103830,53,Male,West Bengal,Self-Employed,,784,Education,548000.0,60,10.08,11665.0,1,2,2025-02-25,0.76,0
APP101181,29,Male,Tamil Nadu,Self-Employed,39100.0,640,Medical,350000.0,84,13.06,6379.0,2,1,2025-11-06,0.49,1
APP103307,52,Male,Karnataka,Salaried,,671,Business Expansion,237000.0,36,14.09,8110.0,2,1,2024-02-15,0.51,1
APP104310,51,Male,Punjab,Salaried,27200.0,723,Personal,209000.0,24,11.51,9791.0,2,0,2024-01-11,1.08,0
APP104080,41,Male,Gujarat,Salaried,50900.0,821,Business Expansion,357000.0,48,10.98,9223.0,4,0,2024-03-31,0.91,1
APP101342,31,Male,Uttar Pradesh,Business Owner,64200.0,738,Personal,171000.0,24,12.77,8111.0,2,0,2024-09-10,0.38,1
APP103480,40,Female,Punjab,Business Owner,36900.0,758,Education,129000.0,60,10.18,2752.0,1,0,2025-04-26,0.15,0
APP105722,52,Male,Delhi,Business Owner,56500.0,777,Education,56000.0,36,12.57,1875.0,0,1,2025-09-10,0.03,0
APP101542,53,Female,Punjab,Salaried,53700.0,559,Vehicle,255000.0,36,13.73,8682.0,1,1,2025-03-24,0.32,0
APP100121,59,Male,Punjab,Salaried,39800.0,616,Medical,188000.0,36,14.87,6505.0,1,3,2024-04-24,0.33,1
APP103387,51,Male,Punjab,Salaried,47900.0,718,Education,289000.0,84,11.14,4970.0,0,2,2025-11-27,0.1,0
APP103546,58,Male,Karnataka,Salaried,38700.0,709,Business Expansion,105000.0,12,13.07,9382.0,0,2,2025-02-18,0.24,0
APP105138,49,Male,Rajasthan,Salaried,42700.0,688,Education,315000.0,24,12.06,14837.0,1,1,2025-07-31,0.69,0
APP104902,48,Male,Maharashtra,Self-Employed,32000.0,670,Personal,529000.0,60,12.35,11861.0,2,3,2024-03-16,1.11,0
APP104537,32,Male,West Bengal,Business Owner,82200.0,625,Personal,301000.0,24,13.81,14425.0,2,3,2024-06-04,0.53,0
APP105198,59,Male,Punjab,Salaried,31000.0,585,Vehicle,27000.0,36,12.91,909.0,1,0,2025-11-09,0.06,0
APP100149,33,Female,West Bengal,Salaried,52600.0,628,Vehicle,332000.0,12,13.78,29775.0,1,3,2024-07-02,1.13,1
APP101523,29,Male,Delhi,Salaried,,571,Medical,200000.0,36,16.16,7047.0,0,0,2024-04-25,0.18,1
APP100596,53,Male,Karnataka,Self-Employed,24600.0,564,Personal,383000.0,48,15.54,10764.0,1,0,2025-02-06,0.88,1
APP102585,57,Female,Rajasthan,Business Owner,43800.0,680,Vehicle,346000.0,84,13.42,6374.0,1,0,2025-03-06,0.29,0
APP100008,31,Male,West Bengal,Business Owner,24600.0,763,Medical,375000.0,12,10.94,33133.0,0,0,2024-08-28,1.35,1
APP102389,56,Male,Telangana,Salaried,55400.0,669,Medical,449000.0,60,13.79,10399.0,1,1,2024-10-11,0.38,0
APP100117,35,Female,Telangana,Self-Employed,74700.0,653,Personal,184000.0,48,13.75,5005.0,1,3,2025-09-21,0.13,0
APP102572,22,Male,Telangana,Self-Employed,12000.0,651,Medical,407000.0,24,12.58,19269.0,1,0,2024-04-11,3.21,1
APP101644,54,Male,Karnataka,Salaried,59100.0,667,Personal,375000.0,24,13.03,17833.0,2,0,2024-03-25,0.91,1
APP101684,51,Male,Tamil Nadu,Self-Employed,82500.0,656,Business Expansion,218000.0,24,14.1,10477.0,0,2,2025-04-23,0.13,1
APP100510,29,Male,Rajasthan,Salaried,29400.0,616,Personal,217000.0,48,12.12,5727.0,1,2,2025-03-27,0.39,0
APP103242,51,Female,Punjab,Salaried,47800.0,732,Medical,274000.0,48,11.34,7127.0,1,0,2024-08-23,0.3,1
APP104227,31,Female,Rajasthan,Business Owner,27600.0,805,Home Renovation,211000.0,36,11.64,6972.0,1,0,2025-08-03,0.51,1
APP101592,40,Male,Karnataka,Self-Employed,22800.0,602,Medical,84000.0,12,14.5,7562.0,2,1,2024-04-26,1.0,1
APP102885,35,Male,Delhi,Salaried,54300.0,862,Personal,252000.0,84,10.72,4278.0,0,0,2024-08-15,0.08,0
APP105986,27,Female,Tamil Nadu,Salaried,57500.0,633,Vehicle,111000.0,48,12.07,2927.0,2,1,2024-04-04,0.15,1
APP104466,26,Male,Maharashtra,Salaried,54400.0,753,Home Renovation,178000.0,60,12.0,3960.0,1,0,2024-08-06,0.15,1
APP105903,31,Male,Maharashtra,Self-Employed,62100.0,693,Medical,285000.0,24,11.85,13396.0,1,0,2024-02-25,0.43,1
APP100179,46,Female,Telangana,Salaried,50300.0,652,Vehicle,132000.0,24,13.31,6295.0,0,0,2024-10-25,0.13,0
APP101746,42,Male,Maharashtra,Self-Employed,58300.0,837,Business Expansion,154000.0,48,9.99,3905.0,0,0,2025-10-25,0.07,0
APP102293,22,Female,Uttar Pradesh,Salaried,18400.0,570,Vehicle,361000.0,24,13.87,17310.0,1,0,2025-08-27,1.88,1
APP101514,40,Male,Maharashtra,Self-Employed,46800.0,601,Personal,120000.0,48,14.8,3328.0,3,0,2024-07-24,0.28,0
APP100083,37,Male,Uttar Pradesh,Salaried,20600.0,696,Business Expansion,266000.0,12,14.13,23900.0,0,2,2025-07-25,1.16,1
APP104369,54,Male,Tamil Nadu,Salaried,39100.0,641,Personal,109000.0,36,11.72,3606.0,1,2,2025-07-11,0.18,1
APP100875,31,Female,Punjab,Business Owner,22600.0,790,Education,460000.0,60,12.41,10328.0,1,2,2025-01-08,0.91,1
APP100949,25,Male,Karnataka,Salaried,20300.0,647,Home Renovation,189000.0,12,12.56,16842.0,1,0,2025-10-17,1.66,1
APP103612,21,Female,Maharashtra,Salaried,20100.0,746,Personal,355000.0,36,11.78,11754.0,1,2,2025-09-16,1.17,1
APP103802,53,Male,Telangana,Salaried,48900.0,877,Vehicle,339000.0,36,9.67,10886.0,0,1,2024-03-04,0.22,0
APP104567,42,Female,Delhi,Salaried,26800.0,651,Vehicle,217000.0,12,13.12,19394.0,0,0,2024-05-19,0.72,0
APP102893,58,Male,Delhi,Salaried,40300.0,784,Vehicle,503000.0,24,10.55,23339.0,1,0,2025-05-20,1.16,0
APP103986,23,Male,West Bengal,Business Owner,79500.0,777,Vehicle,67000.0,24,11.76,3146.0,0,2,2025-02-09,0.04,0
APP103571,36,Male,Delhi,Self-Employed,29100.0,708,Home Renovation,293000.0,60,12.23,6552.0,0,2,2024-06-15,0.23,0
APP102625,41,Male,Tamil Nadu,Salaried,48300.0,584,Medical,210000.0,12,14.6,18915.0,2,1,2025-10-13,1.17,1
APP104990,38,Male,Maharashtra,Business Owner,66300.0,784,Personal,262000.0,36,11.16,8597.0,1,1,2025-02-18,0.26,1
APP103021,39,Female,Maharashtra,Self-Employed,59700.0,752,Vehicle,567000.0,36,12.16,18876.0,1,2,2025-11-07,0.63,0
APP103052,25,Female,Karnataka,Salaried,39500.0,774,Business Expansion,20000.0,36,11.02,655.0,1,1,2025-06-14,0.03,0
APP104813,27,Female,Karnataka,Business Owner,96400.0,640,Vehicle,321000.0,60,13.24,7343.0,1,2,2025-07-14,0.15,0
APP102562,56,Male,Tamil Nadu,Salaried,14500.0,776,Home Renovation,160000.0,60,12.4,3592.0,1,0,2025-08-14,0.5,0
APP105454,45,Male,West Bengal,Salaried,47900.0,749,Business Expansion,113000.0,48,12.64,3011.0,0,0,2025-09-22,0.06,1
APP100698,26,Female,Rajasthan,Salaried,62400.0,643,Medical,366000.0,24,13.29,17450.0,0,0,2024-02-01,0.28,0
APP102236,22,Male,Telangana,Self-Employed,69900.0,790,Vehicle,300000.0,60,11.78,6640.0,1,0,2025-08-22,0.19,0
APP104778,55,Male,Maharashtra,Salaried,60300.0,540,Home Renovation,259000.0,84,15.14,5018.0,0,3,2024-06-07,0.08,0
APP105592,48,Female,West Bengal,Salaried,62100.0,649,Education,530000.0,24,11.07,24719.0,2,4,2024-09-11,1.19,1
APP100473,50,Male,Karnataka,Business Owner,12000.0,601,Vehicle,134000.0,60,13.72,3099.0,1,2,2024-06-19,0.52,0
APP100830,40,Male,Tamil Nadu,Self-Employed,14500.0,797,Medical,298000.0,36,12.48,9966.0,3,2,2024-09-20,2.75,0
APP102714,39,Male,Gujarat,Business Owner,12000.0,790,Vehicle,171000.0,60,11.25,3739.0,1,1,2024-08-10,0.62,0
APP104563,38,Male,Telangana,Salaried,18300.0,688,Medical,20000.0,84,11.75,350.0,2,2,2025-08-22,0.06,0
APP100244,45,Female,Maharashtra,Salaried,40300.0,716,Education,515000.0,24,10.23,23819.0,3,2,2024-04-19,2.36,1
APP104735,42,Male,Karnataka,Self-Employed,28400.0,657,Vehicle,254000.0,36,12.75,8528.0,0,0,2024-07-03,0.3,0
APP102113,29,Male,Tamil Nadu,Salaried,56700.0,603,Personal,384000.0,60,14.03,8941.0,1,1,2024-05-23,0.32,1
APP103930,34,Female,Tamil Nadu,Salaried,62800.0,580,Vehicle,284000.0,24,13.75,13602.0,0,1,2025-01-16,0.22,0
APP105300,28,Male,Delhi,Salaried,37200.0,687,Education,145000.0,24,12.6,6866.0,0,2,2025-10-10,0.18,0
APP105982,26,Female,Maharashtra,Salaried,35600.0,550,Education,20000.0,36,14.52,689.0,1,0,2025-04-15,0.04,0
APP101788,38,Male,Telangana,Salaried,35500.0,651,Personal,437000.0,24,13.49,20876.0,3,0,2024-07-18,2.35,1
APP103196,33,Male,Tamil Nadu,Salaried,60100.0,627,Education,203000.0,36,12.46,6787.0,2,1,2024-05-07,0.34,0
APP101421,54,Male,Uttar Pradesh,Salaried,41000.0,630,Home Renovation,290000.0,24,14.55,13999.0,1,1,2024-11-06,0.68,1
APP104961,35,Female,Maharashtra,Self-Employed,14300.0,601,Business Expansion,204000.0,24,12.68,9668.0,1,0,2024-10-17,1.35,1
APP100904,59,Female,Uttar Pradesh,Salaried,49000.0,766,Education,335000.0,12,13.23,29957.0,0,1,2025-08-20,0.61,0
APP101136,56,Male,Rajasthan,Self-Employed,58600.0,750,Vehicle,96000.0,24,13.11,4569.0,1,2,2024-09-07,0.16,0
APP100961,38,Male,Uttar Pradesh,Self-Employed,57600.0,685,Personal,291000.0,12,13.4,26046.0,1,2,2025-04-17,0.9,0
APP101690,30,Male,Rajasthan,Business Owner,62000.0,692,Medical,86000.0,60,13.72,1989.0,1,2,2025-03-25,0.06,1
APP102883,55,Female,Punjab,Salaried,61000.0,538,Personal,189000.0,36,13.27,6393.0,1,0,2025-12-21,0.21,1
APP105298,41,Male,Uttar Pradesh,Self-Employed,14300.0,593,Home Renovation,366000.0,48,12.8,9783.0,0,0,2024-07-26,0.68,0
APP104443,54,Female,Telangana,Self-Employed,38200.0,729,Medical,524000.0,36,11.84,17364.0,1,1,2025-09-02,0.91,0
APP103403,24,Male,West Bengal,Self-Employed,38200.0,535,Personal,353000.0,24,16.79,17418.0,1,1,2024-01-14,0.91,0
APP100610,25,Male,Rajasthan,Self-Employed,62900.0,584,Home Renovation,325000.0,12,15.23,29369.0,2,0,2025-11-27,1.4,1
APP100991,55,Male,Punjab,Salaried,33500.0,774,Vehicle,105000.0,48,10.97,2712.0,1,2,2024-11-27,0.16,0
APP105426,41,Female,Tamil Nadu,Salaried,75800.0,525,Vehicle,212000.0,24,14.19,10198.0,0,1,2024-07-04,0.13,1
APP100825,46,Male,Tamil Nadu,Business Owner,59900.0,691,Home Renovation,134000.0,60,11.7,2960.0,0,0,2025-08-12,0.05,0
APP102972,54,Female,Karnataka,Self-Employed,60900.0,594,Personal,525000.0,36,14.94,18184.0,2,2,2024-06-17,0.9,0
APP101227,43,Male,Rajasthan,Self-Employed,12000.0,712,Education,20000.0,60,12.79,453.0,1,3,2024-04-25,0.08,1
APP102830,53,Male,Rajasthan,Salaried,42800.0,685,Medical,412000.0,36,13.6,14001.0,0,0,2024-06-24,0.33,1
APP102120,48,Male,Tamil Nadu,Self-Employed,39700.0,778,Home Renovation,74000.0,48,12.08,1952.0,1,1,2025-05-04,0.1,0
APP104362,58,Female,Telangana,Salaried,63600.0,705,Vehicle,317000.0,12,13.16,28337.0,0,0,2025-11-16,0.45,1
APP105873,52,Female,Rajasthan,Self-Employed,57000.0,763,Education,296000.0,36,12.95,9966.0,1,1,2025-04-15,0.35,0
APP101242,59,Male,Gujarat,Salaried,29700.0,604,Medical,308000.0,48,13.88,8398.0,1,0,2025-09-25,0.57,0
APP102942,25,Male,Maharashtra,Salaried,36700.0,558,Home Renovation,448000.0,12,13.96,40216.0,0,0,2024-09-12,1.1,0
APP104973,44,Male,Uttar Pradesh,Self-Employed,58000.0,683,Home Renovation,617000.0,36,12.16,20540.0,1,1,2025-12-03,0.71,0
APP104578,25,Male,Karnataka,Self-Employed,63100.0,664,Vehicle,481000.0,12,14.34,43265.0,2,1,2025-04-26,2.06,1
APP101127,46,Male,Karnataka,Salaried,49300.0,670,Personal,57000.0,12,12.71,5083.0,3,1,2025-01-29,0.41,0
APP100398,50,Male,Punjab,Business Owner,111500.0,692,Education,321000.0,36,13.02,10819.0,0,0,2025-12-28,0.1,0
APP104919,36,Male,Gujarat,Business Owner,83400.0,809,Education,282000.0,60,10.5,6061.0,1,1,2024-11-11,0.15,0
APP101555,40,Male,Maharashtra,Salaried,39700.0,656,Vehicle,128000.0,36,12.82,4302.0,0,2,2025-02-15,0.11,0
APP101268,54,Female,Telangana,Salaried,35100.0,716,Personal,321000.0,24,12.58,15198.0,0,0,2025-06-11,0.43,0
APP100275,41,Female,Karnataka,Salaried,27500.0,771,Education,404000.0,48,14.44,11129.0,1,2,2024-06-01,0.81,1
APP101648,32,Male,Maharashtra,Business Owner,58100.0,601,Education,135000.0,24,15.04,6548.0,1,1,2025-01-20,0.23,0
APP104211,32,Male,Maharashtra,Salaried,30800.0,794,Vehicle,452000.0,24,10.01,20860.0,0,1,2024-10-28,0.68,0
APP102054,41,Female,Uttar Pradesh,Business Owner,63100.0,725,Home Renovation,285000.0,48,12.89,7630.0,0,0,2024-05-23,0.12,0
APP104012,51,Female,Delhi,Self-Employed,25100.0,547,Home Renovation,153000.0,36,15.62,5350.0,1,1,2025-03-30,0.43,0
APP100756,43,Female,Tamil Nadu,Business Owner,57900.0,583,Business Expansion,161000.0,84,15.72,3172.0,1,1,2024-12-05,0.11,0
APP101146,41,Female,Maharashtra,Salaried,29500.0,669,Personal,79000.0,84,13.37,1453.0,1,2,2025-05-27,0.1,1
APP103932,39,Female,Karnataka,Salaried,40600.0,707,Medical,20000.0,36,14.02,684.0,0,0,2024-04-29,0.02,0
APP102571,32,Male,Tamil Nadu,Business Owner,92800.0,596,Personal,420000.0,12,12.58,37431.0,0,0,2025-12-27,0.4,1
APP100712,52,Male,Karnataka,Self-Employed,45900.0,616,Vehicle,183000.0,24,13.65,8756.0,0,1,2025-12-26,0.19,1
APP103168,31,Female,Maharashtra,Salaried,43300.0,575,Personal,248000.0,12,14.82,22363.0,1,1,2024-05-26,1.03,0
APP103863,30,Female,Rajasthan,Business Owner,54200.0,587,Personal,232000.0,36,13.86,7913.0,0,1,2025-01-18,0.15,0
APP104889,51,Male,Maharashtra,Salaried,38800.0,669,Vehicle,143000.0,48,12.14,3776.0,1,1,2024-04-02,0.19,0
APP102976,54,Male,Telangana,Salaried,50400.0,747,Vehicle,485000.0,48,12.57,12908.0,2,0,2024-06-03,0.77,0
APP105588,44,Female,Gujarat,Self-Employed,35100.0,515,Medical,347000.0,60,14.67,8195.0,0,3,2025-12-15,0.23,1
APP103326,28,Female,West Bengal,Salaried,48200.0,845,Home Renovation,413000.0,24,10.61,19174.0,2,1,2024-04-12,1.19,0
APP100334,54,Female,Maharashtra,Salaried,32600.0,542,Personal,243000.0,36,15.81,8520.0,0,1,2024-09-01,0.26,0
APP104530,55,Male,Rajasthan,Business Owner,63500.0,635,Business Expansion,278000.0,24,13.61,13296.0,0,3,2024-11-03,0.21,1
APP102000,25,Male,Karnataka,Salaried,20800.0,781,Business Expansion,107000.0,60,11.76,2367.0,0,1,2024-10-01,0.11,0
APP101118,37,Male,Gujarat,Salaried,59400.0,615,Vehicle,365000.0,24,15.04,17705.0,0,1,2025-05-26,0.3,0
APP104794,33,Female,Maharashtra,Salaried,48700.0,509,Vehicle,70000.0,36,15.06,2429.0,0,0,2025-07-06,0.05,0
APP105401,21,Male,Uttar Pradesh,Salaried,59100.0,736,Medical,526000.0,24,10.94,24501.0,0,1,2024-03-25,0.41,0
APP105451,55,Male,Uttar Pradesh,Salaried,44400.0,825,Vehicle,395000.0,24,11.79,18555.0,2,1,2024-09-19,1.25,0
APP103685,33,Male,Tamil Nadu,Self-Employed,68200.0,674,Home Renovation,300000.0,60,12.04,6679.0,0,1,2025-11-13,0.1,0
APP102224,50,Male,Gujarat,Salaried,31600.0,620,Personal,114000.0,24,15.43,5551.0,0,1,2024-09-09,0.18,0
APP100463,52,Female,Punjab,Self-Employed,64000.0,711,Business Expansion,20000.0,36,12.18,666.0,0,0,2024-01-31,0.01,0
APP101128,49,Female,Telangana,Business Owner,103100.0,754,Business Expansion,97000.0,36,12.8,3259.0,0,0,2024-06-02,0.03,0
APP102604,47,Female,Gujarat,Salaried,77900.0,730,Vehicle,248000.0,12,11.73,22003.0,0,1,2025-09-17,0.28,0
APP102702,58,Male,Maharashtra,Self-Employed,20400.0,765,Vehicle,397000.0,24,12.1,18707.0,0,2,2024-12-20,0.92,1
APP104158,39,Male,Tamil Nadu,Self-Employed,56000.0,711,Personal,194000.0,24,11.62,9098.0,1,1,2025-04-21,0.32,0
APP104952,21,Female,Telangana,Self-Employed,23600.0,790,Personal,20000.0,48,9.2,500.0,0,2,2024-05-08,0.02,0
APP103481,47,Female,Telangana,Business Owner,,699,Education,20000.0,24,12.88,950.0,0,2,2025-03-15,0.02,0
APP104287,57,Male,West Bengal,Salaried,35400.0,665,Home Renovation,130000.0,48,14.28,3571.0,1,1,2025-05-15,0.2,0
APP102026,21,Male,Punjab,Salaried,33700.0,778,Business Expansion,484000.0,12,11.64,42921.0,0,1,2025-07-11,1.27,1
APP101680,21,Female,Telangana,Self-Employed,30900.0,627,Personal,51000.0,12,13.98,4579.0,0,1,2024-01-29,0.15,0
APP105243,27,Male,Gujarat,Salaried,46300.0,661,Medical,158000.0,12,12.59,14082.0,0,2,2025-11-10,0.3,0
APP101409,47,Female,Gujarat,Self-Employed,19000.0,633,Vehicle,214000.0,60,13.47,4921.0,0,0,2024-04-12,0.26,0
APP104916,23,Female,Karnataka,Salaried,36500.0,692,Education,262000.0,36,13.1,8840.0,1,1,2025-08-24,0.48,0
APP104164,30,Male,Maharashtra,Self-Employed,41300.0,614,Business Expansion,311000.0,24,12.9,14771.0,1,5,2024-09-11,0.72,1
APP104525,-25,Female,Tamil Nadu,Self-Employed,24700.0,714,Home Renovation,325000.0,36,13.44,11020.0,2,2,2025-08-19,1.34,0
APP103629,44,Male,Tamil Nadu,Business Owner,54600.0,531,Personal,146000.0,24,15.5,7114.0,1,1,2025-09-20,0.26,0
APP103959,46,Male,Maharashtra,Salaried,18400.0,656,Education,43000.0,36,12.86,1446.0,1,1,2025-07-23,0.16,1
APP103738,50,Male,Tamil Nadu,Salaried,54300.0,709,Medical,168000.0,84,11.66,2935.0,1,0,2024-01-15,0.11,0
APP102450,27,Female,West Bengal,Self-Employed,13400.0,627,Personal,311000.0,12,13.73,27884.0,1,1,2024-01-16,4.16,1
APP105680,55,Female,Delhi,Salaried,57100.0,675,Home Renovation,226000.0,36,12.02,7509.0,0,1,2024-01-31,0.13,1
APP103610,37,Male,Karnataka,Self-Employed,32800.0,483,Personal,243000.0,84,15.33,4734.0,0,2,2024-03-14,0.14,1
APP102718,37,Male,Punjab,Salaried,52600.0,540,Home Renovation,531000.0,36,14.64,18314.0,0,0,2025-12-06,0.35,0
APP100616,41,Male,Uttar Pradesh,Salaried,58300.0,622,Home Renovation,202000.0,36,14.01,6905.0,1,0,2024-04-13,0.24,0
APP102496,24,Male,Uttar Pradesh,Salaried,39500.0,621,Medical,322000.0,84,13.59,5962.0,0,2,2025-10-28,0.15,0
APP101188,45,Female,Maharashtra,Salaried,27000.0,520,Home Renovation,426000.0,12,13.89,38227.0,0,1,2024-10-24,1.42,1
APP101263,38,Male,Maharashtra,Self-Employed,30500.0,775,Personal,447000.0,48,11.0,11553.0,1,2,2025-12-15,0.76,1
APP100054,49,Female,Tamil Nadu,Salaried,54700.0,544,Home Renovation,349000.0,12,14.95,31492.0,2,5,2025-05-13,1.73,0
APP101953,53,Male,Tamil Nadu,Self-Employed,66100.0,650,Personal,363000.0,48,14.94,10092.0,1,1,2024-01-17,0.31,0
APP101767,25,Female,Karnataka,Salaried,65000.0,576,Education,113000.0,48,14.31,3105.0,3,1,2024-04-28,0.19,0
APP103491,25,Female,Punjab,Salaried,53700.0,647,Vehicle,298000.0,84,14.39,5649.0,1,1,2024-01-22,0.21,0
APP100161,52,Male,West Bengal,Self-Employed,38700.0,663,Vehicle,246000.0,24,14.46,11865.0,1,1,2024-07-19,0.61,0
APP105723,53,Female,West Bengal,Self-Employed,16700.0,743,Medical,257000.0,60,10.29,5497.0,1,0,2024-09-25,0.66,0
APP100797,31,Male,Karnataka,Salaried,15700.0,766,Home Renovation,308000.0,60,12.33,6903.0,0,2,2024-02-08,0.44,0
APP103416,26,Male,Rajasthan,Salaried,46400.0,696,Medical,410000.0,36,14.3,14073.0,1,0,2024-04-17,0.61,1
APP105519,30,Female,Punjab,Self-Employed,34300.0,745,Business Expansion,162000.0,60,13.29,3710.0,0,3,2024-05-21,0.11,1
APP105967,28,Female,Karnataka,Salaried,34200.0,590,Personal,101000.0,48,14.3,2775.0,3,0,2025-03-31,0.32,1
APP103409,45,Male,Delhi,Salaried,12000.0,643,Personal,363000.0,60,12.16,8104.0,0,2,2024-09-21,0.68,0
APP101002,37,Male,Delhi,Self-Employed,12000.0,677,Personal,20000.0,36,11.76,662.0,3,2,2024-12-10,0.22,1
APP105571,39,Male,Maharashtra,Business Owner,77300.0,640,Personal,48000.0,36,12.22,1599.0,0,3,2024-05-15,0.02,0
APP100307,42,Male,Delhi,Salaried,45200.0,609,Medical,210000.0,36,13.84,7161.0,0,0,2025-08-02,0.16,1
APP104753,48,Female,West Bengal,Salaried,37900.0,761,Business Expansion,224000.0,48,13.47,6062.0,1,0,2025-08-10,0.32,0
APP101771,26,Male,Uttar Pradesh,Salaried,29700.0,569,Medical,165000.0,36,15.75,5781.0,2,0,2025-06-29,0.58,0
APP101696,25,Female,Delhi,Salaried,41800.0,614,Vehicle,434000.0,24,13.21,20676.0,0,0,2024-07-08,0.49,0
APP105772,31,Female,Telangana,Salaried,55100.0,868,Home Renovation,256000.0,24,9.45,11748.0,2,2,2025-06-13,0.64,0
APP104522,39,Male,Karnataka,Self-Employed,37800.0,725,Home Renovation,20000.0,24,13.3,954.0,1,1,2024-07-31,0.05,1
APP103065,22,Female,Gujarat,Salaried,36600.0,543,Vehicle,245000.0,24,14.19,11785.0,0,0,2025-12-19,0.32,0
APP100979,57,Female,Gujarat,Salaried,49000.0,636,Vehicle,125000.0,24,11.45,5852.0,1,0,2025-05-10,0.24,1
APP101078,41,Male,Punjab,Salaried,75900.0,727,Personal,108000.0,36,11.96,3585.0,0,0,2024-12-09,0.05,1
APP104025,29,Male,West Bengal,Salaried,56500.0,696,Vehicle,20000.0,84,11.37,346.0,1,1,2025-01-24,0.01,1
APP104731,55,Female,Delhi,Salaried,52800.0,708,Personal,313000.0,12,13.19,27984.0,0,0,2025-11-08,0.53,0
APP104344,24,Male,Maharashtra,Self-Employed,62000.0,886,Medical,309000.0,12,9.21,27053.0,0,2,2024-09-20,0.44,0
APP101178,55,Male,Maharashtra,Salaried,54400.0,680,Home Renovation,416000.0,36,12.01,13819.0,1,0,2025-06-14,0.51,1
APP103682,59,Male,Gujarat,Self-Employed,,776,Home Renovation,262000.0,48,11.72,6864.0,0,2,2024-09-23,0.17,0
APP103788,48,Male,Uttar Pradesh,Business Owner,67700.0,763,Education,284000.0,24,10.77,13206.0,0,1,2025-04-18,0.2,0
APP104951,22,Male,Telangana,Salaried,53800.0,780,Medical,20000.0,36,9.09,637.0,0,1,2025-03-20,0.01,0
APP102939,21,Male,Rajasthan,Business Owner,57300.0,668,Business Expansion,367000.0,24,13.3,17500.0,1,1,2024-12-26,0.61,0
APP100852,57,Male,Uttar Pradesh,Salaried,37900.0,798,Vehicle,325000.0,60,11.46,7141.0,1,0,2025-11-16,0.38,0
APP103992,28,Male,West Bengal,Salaried,78900.0,668,Vehicle,218000.0,24,12.82,10346.0,1,0,2024-09-08,0.26,0
APP100028,35,Male,Uttar Pradesh,Self-Employed,68400.0,660,Medical,20000.0,24,13.11,952.0,0,0,2025-03-21,0.01,0
APP105249,31,Male,Punjab,Self-Employed,84400.0,672,Medical,62000.0,24,13.36,2958.0,0,2,2025-04-03,0.04,0
APP102057,47,Male,Maharashtra,Salaried,66600.0,607,Education,182000.0,36,13.74,6197.0,0,2,2025-12-25,0.09,0
APP101430,52,Female,Karnataka,Salaried,45000.0,758,Home Renovation,337000.0,60,10.97,7322.0,1,0,2024-05-28,0.33,0
APP105286,55,Male,Punjab,Salaried,36800.0,753,Personal,129000.0,36,11.91,4279.0,1,0,2024-12-04,0.23,0
APP103654,28,Female,Telangana,Self-Employed,,707,Home Renovation,20000.0,36,12.57,670.0,0,0,2024-01-13,0.01,0
APP100561,57,Male,Punjab,Self-Employed,51800.0,633,Vehicle,518000.0,12,13.46,46378.0,3,0,2025-09-01,3.58,1
APP104356,24,Female,Gujarat,Salaried,37800.0,634,Home Renovation,292000.0,84,12.19,5184.0,1,1,2024-02-09,0.27,0
APP102012,53,Male,Gujarat,Self-Employed,29200.0,799,Medical,239000.0,24,12.26,11280.0,1,2,2024-08-04,0.77,0
APP105322,45,Male,Karnataka,Self-Employed,12000.0,703,Home Renovation,219000.0,48,12.95,5870.0,0,2,2025-11-16,0.49,1
APP104073,58,Female,Maharashtra,Business Owner,145800.0,661,Vehicle,329000.0,60,13.59,7586.0,0,0,2025-11-27,0.05,0
APP105633,51,Female,Uttar Pradesh,Salaried,36000.0,593,Business Expansion,299000.0,36,13.84,10196.0,2,0,2024-08-21,0.85,1
APP105360,22,Female,Telangana,Business Owner,77500.0,648,Business Expansion,273000.0,12,13.35,24428.0,2,0,2025-11-24,0.95,0
APP105227,30,Female,West Bengal,Salaried,53100.0,557,Vehicle,308000.0,24,13.97,14784.0,0,3,2024-04-12,0.28,1
APP100747,48,Male,Maharashtra,Salaried,30400.0,725,Vehicle,209000.0,24,11.89,9828.0,1,1,2024-01-25,0.65,1
APP101726,40,Female,Uttar Pradesh,Salaried,33600.0,631,Medical,258000.0,60,14.58,6081.0,0,1,2024-07-16,0.18,1
APP104483,48,Male,Punjab,Salaried,40900.0,544,Personal,346000.0,24,13.45,16523.0,0,3,2025-07-21,0.4,0
APP105445,55,Female,Gujarat,Business Owner,71600.0,645,Medical,128000.0,36,12.2,4264.0,1,0,2025-02-05,0.12,0
APP104985,45,Male,Maharashtra,Self-Employed,76300.0,611,Vehicle,228000.0,60,15.37,5468.0,1,0,2024-03-07,0.14,0
APP100345,53,Male,Punjab,Salaried,30900.0,607,Business Expansion,221000.0,12,14.0,19843.0,0,1,2024-01-25,0.64,1
APP105949,46,Male,Punjab,Salaried,34300.0,699,Home Renovation,221000.0,24,12.09,10413.0,1,0,2025-08-11,0.61,0
APP102872,26,Male,Gujarat,Self-Employed,25200.0,570,Medical,232000.0,36,13.5,7873.0,2,0,2024-08-23,0.94,1
APP100700,33,Female,Maharashtra,Self-Employed,58500.0,754,Business Expansion,71000.0,12,11.53,6293.0,0,0,2024-08-18,0.11,0
APP105147,37,Male,Telangana,Business Owner,91600.0,727,Personal,171000.0,84,9.9,2830.0,0,1,2024-09-10,0.03,0
APP101537,51,Female,Uttar Pradesh,Salaried,49100.0,752,Home Renovation,385000.0,24,10.83,17914.0,3,1,2024-06-21,1.46,1
APP104098,32,Male,Uttar Pradesh,Salaried,47900.0,597,Home Renovation,378000.0,36,14.54,13019.0,1,1,2025-09-18,0.54,1
APP101714,57,Male,Karnataka,Salaried,45600.0,789,Personal,20000.0,24,12.82,949.0,1,1,2025-12-08,0.04,0
APP101790,43,Male,Delhi,Self-Employed,66800.0,614,Medical,465000.0,12,13.89,41727.0,1,2,2025-06-12,1.25,0
APP104421,33,Female,Maharashtra,Self-Employed,25300.0,618,Personal,121000.0,60,15.32,2899.0,0,0,2024-01-30,0.11,0
APP103250,53,Female,Tamil Nadu,Business Owner,57200.0,612,Home Renovation,179000.0,12,13.95,16068.0,3,2,2024-07-03,1.12,1
APP104858,43,Male,Gujarat,Self-Employed,40200.0,644,Medical,232000.0,24,12.76,11004.0,0,0,2024-12-25,0.27,0
APP105951,45,Female,Uttar Pradesh,Self-Employed,54100.0,615,Home Renovation,484000.0,36,14.74,16716.0,1,1,2024-03-28,0.62,0
APP105342,48,Male,Telangana,Self-Employed,12000.0,780,Medical,20000.0,24,10.49,927.0,0,1,2025-04-23,0.08,0
APP102015,58,Female,Delhi,Self-Employed,13800.0,900,Vehicle,149000.0,60,10.71,3218.0,0,2,2025-09-12,0.23,0
APP100402,25,Male,Karnataka,Salaried,55100.0,677,Home Renovation,250000.0,36,14.0,8544.0,2,1,2024-06-25,0.47,0
APP104994,52,Male,Karnataka,Self-Employed,50600.0,606,Business Expansion,485000.0,24,15.01,23518.0,1,4,2024-06-17,0.93,0
APP105530,46,Male,Telangana,Salaried,,759,Education,170000.0,36,11.66,5619.0,0,1,2024-04-23,0.14,1
APP102017,34,Male,Punjab,Business Owner,58700.0,620,Personal,594000.0,24,12.7,28156.0,0,0,2025-04-09,0.48,0
APP101668,45,Male,Rajasthan,Salaried,34300.0,613,Business Expansion,158000.0,24,15.34,7686.0,2,0,2024-04-14,0.67,1
APP102281,27,Female,West Bengal,Self-Employed,42800.0,685,Home Renovation,300000.0,60,14.96,7131.0,1,0,2024-05-02,0.33,0
APP101407,52,Female,Maharashtra,Self-Employed,12000.0,626,Personal,275000.0,36,14.16,9420.0,2,1,2024-07-07,2.36,1
APP100773,40,Female,Delhi,Self-Employed,,705,Personal,137000.0,36,12.07,4555.0,1,3,2025-08-06,0.19,0
APP104353,46,Male,Maharashtra,Salaried,65800.0,730,Medical,388000.0,36,12.12,12909.0,1,2,2024-07-26,0.39,0
APP103381,58,Female,Maharashtra,Salaried,69700.0,683,Personal,262000.0,24,14.38,12626.0,2,3,2024-11-03,0.54,1
APP104825,40,Male,Maharashtra,Business Owner,52800.0,701,Business Expansion,223000.0,12,12.75,19892.0,0,0,2025-09-20,0.38,0
APP102556,31,Male,Telangana,Self-Employed,41000.0,834,Education,189000.0,12,10.86,16692.0,0,2,2024-11-14,0.41,0
APP103908,33,Male,Telangana,Salaried,73100.0,654,Personal,130000.0,12,13.05,11614.0,0,1,2025-08-18,0.16,0
APP102742,25,Male,Maharashtra,Salaried,36900.0,614,Personal,380000.0,12,15.81,34444.0,0,3,2024-04-24,0.93,1
APP104457,59,Male,Uttar Pradesh,Salaried,48000.0,730,Personal,191000.0,24,11.29,8928.0,0,0,2025-06-01,0.19,0
APP105628,52,Male,Uttar Pradesh,Self-Employed,43100.0,777,Personal,284000.0,36,11.54,9371.0,0,2,2025-04-10,0.22,0
APP103532,-44,Male,Telangana,Salaried,12000.0,751,Personal,75000.0,36,12.08,2494.0,0,0,2024-05-18,0.21,1
APP102388,51,Female,Punjab,Business Owner,70600.0,559,Personal,206000.0,12,14.52,18547.0,2,1,2024-03-14,0.79,1
APP105796,21,Female,Karnataka,Salaried,49600.0,578,Education,287000.0,84,13.97,5374.0,0,2,2024-06-03,0.11,0
APP101442,38,Male,Telangana,Business Owner,34700.0,720,Medical,53000.0,24,14.5,2557.0,1,0,2024-07-10,0.15,0
APP105232,59,Male,West Bengal,Salaried,56300.0,695,Home Renovation,20000.0,24,13.36,954.0,0,1,2025-09-15,0.02,0
APP104063,37,Male,Maharashtra,Salaried,44900.0,845,Personal,20000.0,48,9.0,498.0,1,0,2025-09-29,0.02,0
APP101422,48,Male,Punjab,Business Owner,78600.0,597,Home Renovation,294000.0,48,14.28,8075.0,0,1,2025-11-25,0.1,1
APP104396,37,Male,Maharashtra,Salaried,59900.0,577,Medical,494000.0,24,14.86,23920.0,1,1,2024-11-21,0.8,0
APP104099,53,Male,Maharashtra,Salaried,51800.0,666,Vehicle,164000.0,24,12.32,7745.0,0,1,2025-02-16,0.15,0
APP104747,30,Male,Maharashtra,Salaried,16200.0,737,Medical,152000.0,36,12.0,5049.0,0,2,2024-06-13,0.31,0
APP103176,42,Male,Uttar Pradesh,Self-Employed,47100.0,631,Personal,187000.0,24,13.18,8906.0,1,1,2024-11-19,0.38,0
APP102700,34,Male,Telangana,Business Owner,81100.0,762,Vehicle,116000.0,24,13.05,5518.0,0,0,2025-06-03,0.07,0
APP104680,51,Male,Maharashtra,Self-Employed,36200.0,606,Education,399000.0,36,15.43,13916.0,2,0,2024-01-13,1.15,1
APP103687,27,Male,Uttar Pradesh,Salaried,53200.0,800,Home Renovation,227000.0,12,10.53,20013.0,0,4,2024-08-26,0.38,0
APP104062,36,Female,Punjab,Self-Employed,38400.0,639,Business Expansion,497000.0,36,12.4,16603.0,2,2,2024-07-23,1.3,1
APP102443,56,Male,Maharashtra,Salaried,58200.0,571,Vehicle,385000.0,36,14.27,13209.0,0,2,2025-07-30,0.23,0
APP105879,54,Female,Delhi,Salaried,48200.0,623,Home Renovation,315000.0,36,15.77,11039.0,1,1,2024-04-11,0.46,0
APP104662,21,Female,Tamil Nadu,Self-Employed,44400.0,676,Business Expansion,47000.0,48,13.68,1277.0,1,2,2025-08-10,0.06,1
APP102799,55,Male,West Bengal,Self-Employed,13500.0,618,Home Renovation,79000.0,12,14.56,7114.0,0,3,2024-08-07,0.53,1
APP103921,37,Male,Uttar Pradesh,Self-Employed,51100.0,824,Vehicle,416000.0,48,11.76,10906.0,1,3,2025-05-08,0.43,1
APP101355,31,Male,Karnataka,Salaried,56500.0,704,Home Renovation,365000.0,24,12.86,17329.0,0,1,2024-02-20,0.31,0
APP100187,44,Male,Punjab,Self-Employed,53700.0,756,Business Expansion,259000.0,48,12.13,6837.0,0,0,2025-11-04,0.13,0
APP102858,22,Male,Maharashtra,Salaried,41500.0,769,Personal,254000.0,36,12.23,8464.0,2,4,2024-07-24,0.61,0
APP101447,55,Male,Maharashtra,Salaried,52100.0,713,Personal,388000.0,12,13.28,34706.0,1,1,2024-08-25,1.33,0
APP105694,45,Male,Uttar Pradesh,Self-Employed,48400.0,653,Home Renovation,371000.0,24,14.7,17936.0,0,0,2025-09-04,0.37,0
APP105667,34,Male,Rajasthan,Self-Employed,58500.0,670,Vehicle,203000.0,24,11.92,9548.0,1,2,2025-07-11,0.33,1
APP100419,40,Male,Punjab,Self-Employed,14900.0,718,Personal,316000.0,24,11.22,14760.0,0,0,2025-12-08,0.99,1
APP103709,38,Male,Tamil Nadu,Salaried,37400.0,578,Medical,156000.0,48,12.33,4133.0,1,1,2025-01-25,0.22,0
APP105464,36,Male,Karnataka,Salaried,58200.0,606,Home Renovation,20000.0,84,12.49,358.0,1,0,2025-08-29,0.01,0
APP105715,53,Male,Karnataka,Salaried,51300.0,690,Personal,266000.0,48,12.01,7006.0,0,4,2024-08-19,0.14,1
APP103717,54,Male,Delhi,Salaried,,642,Personal,107000.0,84,11.71,1872.0,2,0,2024-04-29,0.24,1
APP104681,23,Male,Maharashtra,Salaried,60600.0,577,Personal,260000.0,24,13.91,12472.0,2,2,2025-07-26,0.62,1
APP102253,52,Male,West Bengal,Self-Employed,27300.0,571,Vehicle,139000.0,48,11.39,3619.0,1,4,2024-03-27,0.27,1
APP102614,25,Male,West Bengal,Salaried,44800.0,588,Vehicle,221000.0,48,15.32,6187.0,0,2,2025-06-17,0.14,1
APP104378,52,Female,Gujarat,Business Owner,73600.0,605,Medical,315000.0,36,12.95,10606.0,0,0,2024-06-19,0.14,0
APP102142,27,Female,Gujarat,Salaried,64300.0,840,Education,215000.0,60,11.14,4690.0,0,1,2025-04-11,0.07,0
APP103166,38,Male,Delhi,Salaried,60500.0,563,Vehicle,333000.0,48,13.35,8992.0,2,1,2025-06-19,0.45,1
APP102779,44,Male,West Bengal,Business Owner,55700.0,821,Vehicle,68000.0,48,9.72,1716.0,0,1,2025-07-22,0.03,0
APP100671,59,Male,Punjab,Salaried,40400.0,769,Home Renovation,265000.0,48,11.21,6876.0,1,4,2025-09-30,0.34,0
APP103449,28,Female,Punjab,Business Owner,47700.0,653,Business Expansion,215000.0,24,13.02,10224.0,0,2,2025-03-14,0.21,1
APP104258,49,Female,Delhi,Salaried,72300.0,577,Business Expansion,342000.0,48,15.72,9643.0,0,2,2025-11-22,0.13,0
APP103564,56,Female,Tamil Nadu,Salaried,29600.0,741,Vehicle,126000.0,12,10.87,11128.0,0,0,2024-12-05,0.38,0
APP103799,59,Male,Karnataka,Self-Employed,,678,Personal,147000.0,36,13.24,4970.0,1,2,2024-01-09,0.25,0
APP101394,52,Male,Maharashtra,Salaried,21100.0,653,Personal,309000.0,84,13.12,5641.0,0,0,2025-10-27,0.27,0
APP102886,46,Male,Telangana,Self-Employed,67800.0,732,Vehicle,171000.0,36,12.83,5748.0,1,0,2025-03-28,0.17,0
APP105193,24,Male,Uttar Pradesh,Salaried,61600.0,566,Personal,262000.0,84,14.5,4983.0,1,1,2024-12-17,0.16,1
APP101561,53,Male,Karnataka,Salaried,48900.0,767,Business Expansion,289000.0,84,11.1,4964.0,0,4,2025-04-19,0.1,0
APP101216,38,Female,West Bengal,Salaried,55500.0,619,Home Renovation,160000.0,60,12.93,3635.0,1,0,2025-12-13,0.13,1
APP102651,55,Female,Tamil Nadu,Self-Employed,13900.0,568,Home Renovation,77000.0,24,14.86,3728.0,1,0,2024-08-20,0.54,0
APP105586,45,Male,Delhi,Self-Employed,12000.0,608,Personal,366000.0,60,15.15,8736.0,0,0,2025-03-04,0.73,0
APP104594,51,Male,Karnataka,Salaried,43200.0,711,Personal,285000.0,36,12.56,9542.0,1,1,2024-09-24,0.44,0
APP104424,50,Female,Rajasthan,Self-Employed,53700.0,768,Vehicle,300000.0,48,11.92,7888.0,0,2,2025-12-03,0.15,0
APP105674,45,Female,Gujarat,Salaried,51700.0,683,Education,196000.0,60,12.31,4391.0,4,0,2025-12-12,0.42,0
APP100615,31,Male,Uttar Pradesh,Salaried,35500.0,542,Personal,449000.0,24,13.89,21534.0,0,1,2025-02-17,0.61,1
APP102595,21,Male,Tamil Nadu,Salaried,60300.0,487,Education,228000.0,24,15.02,11057.0,5,1,2025-10-23,1.1,0
APP105921,31,Female,Uttar Pradesh,Self-Employed,72500.0,644,Home Renovation,283000.0,24,14.37,13637.0,1,0,2024-10-04,0.38,1
APP102432,59,Female,Uttar Pradesh,Salaried,27000.0,784,Personal,258000.0,84,11.13,4435.0,1,2,2025-03-11,0.33,0
APP105054,40,Male,Tamil Nadu,Self-Employed,38200.0,631,Medical,394000.0,12,12.06,35017.0,3,0,2025-08-30,3.67,1
APP101222,52,Female,Karnataka,Self-Employed,12000.0,642,Personal,93000.0,36,14.06,3181.0,1,1,2024-09-24,0.53,1
APP102371,44,Female,Rajasthan,Self-Employed,18800.0,647,Personal,82000.0,36,13.47,2782.0,0,2,2025-11-13,0.15,1
APP103846,24,Female,Tamil Nadu,Self-Employed,41700.0,730,Personal,20000.0,24,12.84,949.0,0,1,2025-11-22,0.02,0
APP100738,46,Male,Punjab,Salaried,58900.0,713,Medical,324000.0,24,11.98,15249.0,1,1,2025-11-15,0.52,0
APP101428,24,Male,Maharashtra,Salaried,46900.0,724,Vehicle,221000.0,24,12.41,10446.0,0,0,2025-07-09,0.22,1
APP100996,22,Female,Tamil Nadu,Self-Employed,41500.0,665,Vehicle,35000.0,36,11.9,1161.0,1,0,2024-08-12,0.06,1
APP105981,48,Male,Punjab,Salaried,59400.0,687,Personal,225000.0,24,13.24,10722.0,0,3,2024-02-07,0.18,1
APP103111,36,Male,Karnataka,Self-Employed,43800.0,604,Personal,20000.0,12,14.04,1796.0,0,1,2024-07-27,0.04,0
APP102123,36,Female,Karnataka,Salaried,15800.0,609,Business Expansion,295000.0,12,13.72,26448.0,0,1,2025-02-06,1.67,0
APP104848,58,Male,Telangana,Self-Employed,33000.0,541,Personal,539000.0,48,14.15,14770.0,2,1,2024-12-11,1.34,0
APP103665,31,Male,Uttar Pradesh,Salaried,53600.0,690,Home Renovation,182000.0,24,12.76,8632.0,0,2,2024-09-08,0.16,1
APP103838,57,Female,Rajasthan,Self-Employed,29600.0,800,Personal,220000.0,48,12.03,5797.0,0,0,2025-08-30,0.2,0
APP100210,59,Female,Maharashtra,Self-Employed,40000.0,592,Medical,20000.0,36,14.69,690.0,2,2,2025-11-06,0.05,1
APP104535,51,Male,Uttar Pradesh,Self-Employed,55500.0,573,Education,590000.0,12,15.27,53328.0,2,1,2024-06-19,2.88,1
APP104635,54,Female,Karnataka,Salaried,16000.0,703,Personal,143000.0,24,12.31,6752.0,2,0,2024-12-09,1.27,0
APP104193,45,Female,Tamil Nadu,Self-Employed,18800.0,657,Education,51000.0,36,13.67,1735.0,0,2,2024-07-15,0.09,1
APP102376,54,Male,Tamil Nadu,Self-Employed,46400.0,640,Business Expansion,295000.0,36,14.58,10166.0,1,2,2025-04-05,0.44,1
APP104735,42,Male,Karnataka,Self-Employed,28400.0,657,Vehicle,254000.0,36,12.75,8528.0,0,0,2024-07-03,0.3,0
APP100987,29,Male,Uttar Pradesh,Salaried,73700.0,635,Vehicle,262000.0,24,12.62,12409.0,1,2,2024-08-04,0.34,1
APP100739,56,Female,Delhi,Business Owner,75900.0,678,Personal,319000.0,36,13.42,10813.0,2,1,2024-10-15,0.43,0
APP100921,47,Female,Uttar Pradesh,Salaried,24300.0,518,Personal,281000.0,84,14.78,5388.0,2,1,2025-06-06,0.67,1
APP103150,52,Male,Maharashtra,Salaried,46400.0,714,Education,350000.0,24,13.24,16679.0,1,1,2024-03-16,0.72,0
APP103526,23,Female,Tamil Nadu,Business Owner,123500.0,644,Education,20000.0,48,12.72,534.0,2,1,2025-11-24,0.01,0
APP100706,36,Male,Karnataka,Self-Employed,32500.0,636,Vehicle,144000.0,12,14.14,12939.0,1,1,2024-09-20,0.8,1
APP102998,59,Male,Telangana,Salaried,,821,Home Renovation,510000.0,84,10.39,8570.0,1,1,2024-01-19,0.3,0
APP102453,34,Male,Rajasthan,Business Owner,70900.0,755,Home Renovation,175000.0,12,11.72,15526.0,0,0,2024-03-24,0.22,0
APP102712,34,Male,Rajasthan,Salaried,37700.0,748,Personal,20000.0,36,11.29,658.0,1,0,2025-10-22,0.03,0
APP100607,22,Female,Uttar Pradesh,Salaried,33800.0,713,Personal,166000.0,60,12.85,3764.0,2,3,2024-03-31,0.33,1
APP105950,46,Male,Rajasthan,Self-Employed,12000.0,643,Home Renovation,170000.0,48,13.58,4610.0,0,1,2024-11-14,0.38,0
APP101086,43,Male,Gujarat,Self-Employed,16400.0,648,Home Renovation,310000.0,24,14.22,14916.0,2,0,2025-12-27,2.73,1
APP102497,27,Female,Gujarat,Business Owner,43600.0,675,Vehicle,171000.0,24,14.98,8290.0,1,4,2024-10-11,0.38,0
APP101818,29,Female,Punjab,Business Owner,103500.0,745,Home Renovation,409000.0,12,12.4,36416.0,1,0,2024-03-17,0.7,1
APP102772,48,Male,Maharashtra,Salaried,62800.0,649,Personal,220000.0,84,13.7,4086.0,0,0,2025-05-09,0.07,0
APP104670,35,Male,West Bengal,Salaried,50300.0,567,Vehicle,20000.0,60,16.85,495.0,1,3,2024-10-23,0.02,0
APP103371,31,Female,Delhi,Business Owner,,547,Home Renovation,387000.0,36,15.69,13547.0,0,1,2025-10-13,0.13,0
APP101872,30,Male,Gujarat,Business Owner,62300.0,845,Personal,302000.0,48,11.52,7882.0,1,1,2025-03-12,0.25,0
APP104490,56,Male,Gujarat,Self-Employed,37900.0,677,Personal,126000.0,36,10.34,4086.0,0,0,2024-04-15,0.11,0
APP102153,43,Male,Maharashtra,Salaried,46400.0,721,Personal,114000.0,12,13.59,10214.0,0,2,2025-09-14,0.22,0
APP100059,56,Female,Rajasthan,Self-Employed,38000.0,815,Home Renovation,501000.0,36,11.58,16540.0,1,0,2024-02-27,0.87,0
APP103489,30,Female,West Bengal,Salaried,71300.0,639,Education,20000.0,60,12.61,451.0,0,3,2025-06-30,0.01,1
APP100145,59,Male,Gujarat,Self-Employed,15000.0,706,Medical,373000.0,12,12.7,33263.0,1,1,2024-09-04,4.44,1
APP102736,50,Male,Maharashtra,Salaried,67900.0,804,Personal,231000.0,60,11.05,5028.0,2,0,2024-12-15,0.22,0
APP102405,34,Male,Tamil Nadu,Self-Employed,46200.0,642,Education,168000.0,84,14.16,3163.0,1,1,2024-12-20,0.14,0
APP104528,36,Male,Maharashtra,Business Owner,107000.0,690,Home Renovation,268000.0,24,14.13,12884.0,0,1,2025-05-06,0.12,1
APP104292,38,Male,Rajasthan,Salaried,52600.0,744,Vehicle,300000.0,24,12.02,14125.0,0,1,2024-06-10,0.27,0
APP101182,46,Male,Tamil Nadu,Business Owner,98700.0,772,Medical,283000.0,36,11.96,9394.0,0,0,2025-05-22,0.1,0
APP103446,41,Male,Uttar Pradesh,Salaried,51500.0,673,Education,378000.0,24,13.59,18076.0,0,2,2024-03-01,0.35,0
APP102741,41,Male,Tamil Nadu,Salaried,35600.0,631,Education,262000.0,60,13.82,6072.0,2,0,2024-09-21,0.51,1
APP100757,38,Male,Karnataka,Salaried,72500.0,686,Vehicle,133000.0,48,12.67,3546.0,2,0,2024-09-11,0.15,0
APP104087,59,Female,Maharashtra,Business Owner,111800.0,730,Education,175000.0,24,13.64,8373.0,0,2,2025-07-27,0.07,0
APP100860,55,Male,Maharashtra,Self-Employed,54800.0,768,Personal,162000.0,84,13.31,2974.0,1,0,2025-05-12,0.11,0
APP103988,50,Female,Rajasthan,Business Owner,33000.0,757,Vehicle,276000.0,24,12.15,13012.0,0,0,2024-09-15,0.39,1
APP103143,43,Female,Karnataka,Salaried,40500.0,834,Personal,113000.0,36,11.48,3725.0,3,1,2025-08-31,0.37,0
APP105168,21,Female,Uttar Pradesh,Salaried,30100.0,776,Personal,318000.0,36,11.8,10532.0,1,1,2024-09-14,0.7,0
APP103262,26,Male,Uttar Pradesh,Salaried,63300.0,834,Education,287000.0,36,10.72,9358.0,2,2,2024-09-10,0.44,0
APP103955,37,Male,Gujarat,Business Owner,29300.0,771,Medical,216000.0,36,11.95,7169.0,0,1,2025-09-11,0.24,0
APP101825,48,Male,Tamil Nadu,Salaried,47800.0,676,Vehicle,20000.0,24,12.79,949.0,0,1,2024-10-10,0.02,1
APP105760,47,Female,Gujarat,Salaried,44900.0,659,Education,298000.0,12,12.56,26555.0,0,0,2025-10-07,0.59,0
APP104138,31,Female,Tamil Nadu,Salaried,42400.0,775,Personal,318000.0,24,9.38,14583.0,0,2,2024-11-22,0.34,0
APP104661,27,Male,Tamil Nadu,Self-Employed,37400.0,655,Vehicle,254000.0,24,14.04,12200.0,0,3,2025-04-21,0.33,1
APP101464,55,Male,Gujarat,Self-Employed,64000.0,475,Personal,114000.0,84,15.26,2216.0,0,2,2024-06-15,0.03,0
APP101591,31,Male,West Bengal,Self-Employed,38700.0,623,Home Renovation,215000.0,36,14.26,7375.0,1,1,2024-05-25,0.38,1
APP102983,21,Male,Punjab,Self-Employed,64600.0,744,Medical,20000.0,24,11.3,935.0,1,2,2024-09-09,0.03,1
APP101554,48,Male,Tamil Nadu,Business Owner,33800.0,801,Home Renovation,32000.0,48,10.8,824.0,0,1,2025-03-10,0.02,0
APP102016,54,Male,Telangana,Self-Employed,75300.0,760,Personal,223000.0,12,9.7,19574.0,0,1,2025-05-10,0.26,0
APP103675,25,Male,West Bengal,Salaried,56900.0,603,Personal,475000.0,24,13.26,22640.0,0,0,2024-01-14,0.4,1
APP101042,21,Female,Delhi,Business Owner,60700.0,617,Home Renovation,726000.0,60,12.83,16456.0,0,2,2025-05-04,0.27,0
APP101585,32,Female,Uttar Pradesh,Salaried,47700.0,678,Medical,189000.0,36,12.77,6347.0,0,0,2025-08-14,0.13,0
APP101801,27,Male,West Bengal,Self-Employed,48300.0,659,Home Renovation,46000.0,36,12.59,1541.0,1,1,2024-06-12,0.06,0
APP105611,55,Male,Uttar Pradesh,Self-Employed,49600.0,778,Education,123000.0,24,11.0,5733.0,0,1,2025-05-16,0.12,0
APP101723,53,Female,Gujarat,Self-Employed,12000.0,747,Personal,390000.0,48,10.88,10057.0,0,2,2024-03-02,0.84,0
APP105295,28,Female,Karnataka,Self-Employed,64600.0,735,Home Renovation,221000.0,60,13.77,5116.0,0,2,2024-02-21,0.08,0
APP100358,37,Male,Maharashtra,Salaried,55600.0,619,Home Renovation,20000.0,36,14.37,687.0,1,3,2024-09-17,0.02,0
APP100446,27,Male,Delhi,Business Owner,13300.0,602,Education,212000.0,60,14.73,5013.0,3,2,2024-06-19,1.51,0
APP103530,54,Male,Tamil Nadu,Salaried,67500.0,676,Home Renovation,205000.0,36,11.44,6754.0,2,3,2025-07-28,0.3,1
APP102268,41,Female,Uttar Pradesh,Salaried,96100.0,672,Education,228000.0,24,13.66,10910.0,3,0,2024-05-26,0.45,0
APP102735,49,Male,Tamil Nadu,Business Owner,76500.0,649,Vehicle,215000.0,12,15.21,19427.0,0,2,2025-03-18,0.25,0
APP105077,58,Male,Telangana,Salaried,45400.0,627,Personal,209000.0,36,11.62,6904.0,0,4,2024-10-30,0.15,0
APP100289,55,Male,Telangana,Self-Employed,12000.0,562,Vehicle,345000.0,60,12.77,7809.0,1,0,2024-07-16,1.3,1
APP103085,33,Female,Karnataka,Self-Employed,50000.0,811,Home Renovation,385000.0,36,11.47,12690.0,2,2,2024-01-29,0.76,0
APP102501,44,Female,Maharashtra,Salaried,54000.0,626,Personal,435000.0,36,14.72,15020.0,1,0,2024-10-29,0.56,0
APP104613,37,Male,Karnataka,Salaried,45700.0,777,Vehicle,141000.0,48,12.01,3714.0,1,3,2025-04-20,0.16,0
APP103288,44,Female,Punjab,Business Owner,101700.0,632,Personal,20000.0,24,13.06,951.0,0,0,2024-12-22,0.01,1
APP105773,40,Male,West Bengal,Self-Employed,12000.0,718,Home Renovation,183000.0,12,13.25,16367.0,0,2,2025-08-10,1.36,1
APP101107,29,Male,Karnataka,Self-Employed,60200.0,785,Personal,310000.0,60,12.86,7031.0,0,1,2024-12-31,0.12,0
APP104740,32,Male,Gujarat,Business Owner,80500.0,695,Home Renovation,159000.0,12,12.32,14151.0,0,1,2025-01-14,0.18,0
APP103710,46,Male,Telangana,Salaried,39900.0,729,Vehicle,299000.0,36,10.96,9783.0,1,0,2024-05-17,0.49,1
APP103643,32,Female,Uttar Pradesh,Business Owner,113400.0,666,Personal,82000.0,24,13.69,3925.0,0,1,2024-04-14,0.03,0
APP101282,45,Male,West Bengal,Salaried,83400.0,633,Vehicle,20000.0,84,15.07,387.0,2,0,2024-08-09,0.01,0
APP102411,25,Male,Maharashtra,Self-Employed,21200.0,511,Personal,643000.0,60,16.58,15835.0,1,1,2024-11-27,1.49,0
APP100960,33,Female,Karnataka,Business Owner,69800.0,833,Home Renovation,350000.0,24,11.42,16381.0,0,0,2024-03-20,0.23,0
APP105394,55,Female,Delhi,Self-Employed,34000.0,617,Education,175000.0,60,13.12,3993.0,0,1,2025-07-10,0.12,1
APP104796,37,Male,Karnataka,Business Owner,65100.0,551,Vehicle,20000.0,12,14.25,1798.0,1,1,2025-06-02,0.06,1
APP103476,34,Female,Tamil Nadu,Self-Employed,69600.0,715,Education,218000.0,48,13.18,5868.0,1,3,2024-02-17,0.17,0
APP105419,27,Female,Delhi,Business Owner,69500.0,819,Education,336000.0,36,11.67,11107.0,1,1,2025-10-01,0.32,0
APP101090,56,Female,Gujarat,Salaried,12000.0,655,Education,202000.0,24,15.12,9806.0,1,0,2025-02-26,1.63,0
APP101276,59,Male,Maharashtra,Self-Employed,53800.0,664,Medical,239000.0,24,12.7,11329.0,1,0,2025-03-02,0.42,0
APP100889,38,Male,Rajasthan,Salaried,63800.0,627,Home Renovation,350000.0,60,14.28,8195.0,0,0,2025-06-20,0.13,0
APP105218,44,Female,Telangana,Salaried,,702,Business Expansion,159000.0,24,13.94,7630.0,0,3,2025-10-23,0.15,0
APP103554,58,Male,Karnataka,Self-Employed,21200.0,564,Vehicle,628000.0,24,14.47,30292.0,0,2,2025-09-16,1.43,0
APP104717,-40,Male,Telangana,Salaried,65500.0,703,Home Renovation,228000.0,12,12.96,20360.0,1,1,2025-01-24,0.62,0
APP103920,50,Male,Telangana,Salaried,44400.0,694,Medical,363000.0,48,11.95,9550.0,1,0,2025-07-28,0.43,0
APP102091,33,Female,Rajasthan,Self-Employed,55600.0,639,Home Renovation,239000.0,24,12.41,11296.0,1,2,2024-09-20,0.41,1
APP102987,33,Female,Maharashtra,Self-Employed,82100.0,668,Personal,129000.0,36,13.52,4379.0,0,1,2025-01-21,0.05,0
APP101769,48,Male,Telangana,Business Owner,70600.0,761,Personal,396000.0,84,12.16,7024.0,1,1,2024-09-17,0.2,0
APP100807,51,Female,Maharashtra,Self-Employed,18000.0,645,Home Renovation,154000.0,24,13.66,7369.0,1,0,2024-02-18,0.82,1
APP101334,58,Female,Uttar Pradesh,Business Owner,47700.0,663,Personal,265000.0,60,12.57,5971.0,2,2,2025-12-12,0.38,0
APP105904,30,Male,Rajasthan,Self-Employed,33100.0,758,Home Renovation,217000.0,36,11.36,7141.0,2,1,2025-05-30,0.65,1
APP101721,57,Female,Uttar Pradesh,Self-Employed,27100.0,774,Education,20000.0,12,10.63,1764.0,1,0,2025-02-02,0.13,0
APP103942,30,Female,Gujarat,Business Owner,57600.0,617,Home Renovation,247000.0,24,13.27,11774.0,1,0,2024-09-27,0.41,0
APP102206,43,Male,West Bengal,Salaried,36300.0,591,Personal,226000.0,36,15.9,7934.0,1,0,2024-01-30,0.44,0
APP100933,56,Male,Uttar Pradesh,Business Owner,28100.0,591,Personal,217000.0,12,15.35,19622.0,0,2,2024-09-03,0.7,0
APP105115,59,Male,West Bengal,Salaried,49000.0,689,Vehicle,394000.0,60,12.05,8774.0,0,0,2024-06-10,0.18,0
APP101584,52,Male,Uttar Pradesh,Salaried,88800.0,553,Personal,71000.0,36,14.73,2452.0,2,0,2025-09-14,0.08,1
APP100432,33,Female,Tamil Nadu,Self-Employed,16600.0,652,Medical,437000.0,48,13.45,11821.0,3,1,2025-07-30,2.85,1
APP101121,22,Male,Karnataka,Business Owner,48200.0,793,Personal,164000.0,36,11.68,5422.0,4,0,2025-11-18,0.56,0
APP103447,44,Female,West Bengal,Self-Employed,14600.0,725,Business Expansion,360000.0,24,12.69,17063.0,0,1,2024-07-17,1.17,0
APP104712,35,Male,Maharashtra,Self-Employed,47100.0,712,Medical,97000.0,24,12.94,4609.0,0,1,2024-11-23,0.1,0
APP101708,35,Male,West Bengal,Business Owner,26600.0,674,Vehicle,73000.0,36,12.95,2458.0,1,0,2024-05-18,0.18,0
APP102864,30,Female,Punjab,Business Owner,12000.0,752,Medical,20000.0,60,12.5,450.0,0,1,2024-12-30,0.04,0
APP105548,25,Male,Telangana,Self-Employed,55400.0,546,Vehicle,318000.0,84,16.63,6431.0,2,0,2025-04-11,0.35,0
APP105466,21,Male,Uttar Pradesh,Business Owner,39600.0,624,Personal,306000.0,84,14.04,5741.0,2,1,2025-10-27,0.43,1
APP101137,58,Male,West Bengal,Salaried,27000.0,751,Home Renovation,584000.0,48,11.85,15336.0,1,3,2025-03-29,1.14,0
APP105053,55,Female,Maharashtra,Salaried,46400.0,632,Home Renovation,254000.0,84,14.12,4777.0,2,1,2024-12-05,0.31,0
APP105478,59,Female,Rajasthan,Self-Employed,12000.0,622,Home Renovation,328000.0,60,13.91,7617.0,1,2,2025-02-12,1.27,1
APP104355,51,Male,Karnataka,Self-Employed,53500.0,732,Home Renovation,267000.0,12,12.42,23775.0,0,2,2025-01-16,0.44,1
APP102554,39,Female,Rajasthan,Salaried,39500.0,729,Medical,237000.0,36,10.08,7656.0,2,2,2024-11-25,0.58,0
APP101741,28,Male,Maharashtra,Self-Employed,73800.0,634,Medical,361000.0,36,12.45,12068.0,1,1,2025-09-22,0.33,0
APP101884,41,Female,Gujarat,Salaried,41400.0,688,Vehicle,367000.0,24,13.99,17619.0,2,1,2024-08-17,1.28,0
APP102655,54,Male,Tamil Nadu,Salaried,29500.0,633,Medical,558000.0,36,13.77,19009.0,1,0,2025-02-01,1.29,0
APP104798,41,Female,Uttar Pradesh,Self-Employed,19400.0,605,Business Expansion,44000.0,36,14.25,1509.0,1,0,2024-06-27,0.16,0
APP104608,42,Female,Uttar Pradesh,Salaried,15000.0,636,Business Expansion,70000.0,36,14.17,2398.0,0,2,2024-01-13,0.16,0
APP103848,27,Male,Delhi,Salaried,,679,Personal,179000.0,84,13.63,3318.0,0,2,2025-02-06,0.07,0
APP102643,43,Female,Delhi,Salaried,37200.0,665,Education,27000.0,24,11.29,1262.0,0,0,2024-02-12,0.03,0
APP102831,46,Male,Telangana,Business Owner,105600.0,668,Personal,101000.0,60,14.48,2375.0,1,0,2025-05-06,0.04,1
APP103653,57,Male,Delhi,Self-Employed,19300.0,857,Business Expansion,363000.0,24,10.51,16836.0,0,0,2025-07-05,0.87,0
APP102001,40,Male,Gujarat,Salaried,50400.0,598,Medical,247000.0,12,13.61,22132.0,2,1,2025-12-14,1.32,1
APP105554,24,Male,Gujarat,Salaried,55600.0,513,Personal,263000.0,36,13.91,8977.0,1,2,2025-03-06,0.32,1
APP105988,46,Female,Karnataka,Salaried,28700.0,598,Home Renovation,193000.0,24,15.23,9379.0,0,0,2025-11-12,0.33,0
APP100318,46,Male,Delhi,Salaried,38600.0,635,Vehicle,71000.0,60,14.07,1655.0,0,1,2024-12-24,0.04,0
APP100676,38,Male,Maharashtra,Business Owner,95900.0,483,Vehicle,311000.0,24,14.6,15020.0,2,1,2025-10-11,0.47,1
APP105485,51,Female,Maharashtra,Self-Employed,81600.0,634,Business Expansion,120000.0,60,12.32,2689.0,0,1,2025-01-27,0.03,0
APP105631,34,Male,Tamil Nadu,Self-Employed,48600.0,589,Medical,157000.0,60,15.09,3742.0,1,1,2025-12-18,0.15,0
APP102209,55,Male,Delhi,Self-Employed,19400.0,797,Vehicle,174000.0,60,11.48,3825.0,0,1,2024-02-13,0.2,0
APP101235,29,Male,Maharashtra,Salaried,50800.0,674,Vehicle,245000.0,12,11.95,21762.0,2,2,2025-07-21,1.29,1
APP100732,47,Male,Gujarat,Salaried,50700.0,639,Education,163000.0,36,13.51,5532.0,0,0,2025-05-18,0.11,0
APP102755,21,Female,Punjab,Salaried,12000.0,634,Vehicle,456000.0,24,15.6,22240.0,1,3,2024-02-26,3.71,1
APP105535,40,Female,Karnataka,Salaried,36000.0,696,Vehicle,35000.0,48,11.8,918.0,2,2,2025-06-28,0.08,0
APP104766,31,Male,Delhi,Salaried,54600.0,607,Home Renovation,410000.0,24,15.53,19983.0,2,0,2025-08-02,1.1,0
APP101195,58,Male,Delhi,Self-Employed,19900.0,760,Personal,43000.0,36,12.93,1447.0,1,1,2024-09-07,0.15,0
APP104454,32,Male,Uttar Pradesh,Self-Employed,12000.0,649,Education,230000.0,60,13.15,5251.0,0,0,2024-09-15,0.44,0
APP103215,44,Male,Gujarat,Salaried,53700.0,710,Personal,361000.0,48,12.51,9597.0,1,0,2025-08-23,0.36,0
APP102938,58,Female,Maharashtra,Self-Employed,42100.0,707,Home Renovation,254000.0,36,10.84,8296.0,0,2,2024-02-29,0.2,0
APP100231,39,Male,Karnataka,Self-Employed,12000.0,702,Home Renovation,242000.0,24,13.21,11529.0,2,1,2025-05-24,2.88,1
APP102310,50,Male,Rajasthan,Salaried,89200.0,706,Education,331000.0,24,14.24,15930.0,1,3,2024-08-12,0.36,0
APP103635,21,Male,West Bengal,Salaried,72000.0,706,Education,200000.0,48,11.72,5239.0,0,0,2024-02-18,0.07,0
APP101260,42,Male,Karnataka,Salaried,44400.0,645,Business Expansion,27000.0,12,12.86,2410.0,0,1,2024-09-07,0.05,1
APP101113,30,Male,Maharashtra,Self-Employed,,822,Personal,463000.0,60,13.51,10656.0,1,1,2025-11-14,0.64,0
APP103593,22,Female,Tamil Nadu,Salaried,64300.0,656,Vehicle,315000.0,60,12.67,7114.0,0,1,2025-02-07,0.11,1
APP104834,25,Female,Tamil Nadu,Business Owner,72500.0,668,Medical,164000.0,24,13.82,7860.0,0,0,2024-01-09,0.11,0
APP101832,57,Male,Maharashtra,Self-Employed,,668,Business Expansion,72000.0,60,12.77,1630.0,3,0,2025-04-09,0.12,0
APP104302,25,Male,Uttar Pradesh,Salaried,48000.0,652,Personal,188000.0,24,13.71,9001.0,1,2,2025-07-03,0.38,0
APP103681,50,Male,Karnataka,Self-Employed,66500.0,594,Personal,418000.0,60,16.71,10323.0,1,3,2024-09-27,0.31,0
APP102749,24,Male,Delhi,Business Owner,19800.0,612,Personal,237000.0,24,13.84,11361.0,0,3,2025-10-05,0.57,0
APP101082,27,Female,Delhi,Self-Employed,19700.0,847,Home Renovation,181000.0,36,11.71,5987.0,1,1,2024-06-06,0.61,0
APP105244,38,Male,Tamil Nadu,Self-Employed,70200.0,727,Home Renovation,233000.0,12,12.39,20744.0,1,2,2024-12-10,0.59,0
APP103009,31,Female,Maharashtra,Salaried,67000.0,629,Vehicle,303000.0,60,13.02,6897.0,0,1,2025-11-06,0.1,0
APP104167,39,Female,Maharashtra,Business Owner,83800.0,707,Vehicle,554000.0,36,13.78,18875.0,1,2,2025-02-17,0.45,0
APP105753,46,Male,Uttar Pradesh,Salaried,33100.0,643,Education,253000.0,36,12.99,8523.0,1,2,2024-11-17,0.51,0
APP101453,26,Male,Maharashtra,Self-Employed,22000.0,716,Home Renovation,146000.0,12,11.61,12945.0,0,1,2025-02-07,0.59,1
APP101384,33,Male,Delhi,Business Owner,45000.0,621,Vehicle,263000.0,36,14.8,9091.0,1,3,2025-06-30,0.4,1
APP105279,49,Female,Uttar Pradesh,Business Owner,129900.0,596,Vehicle,441000.0,48,14.58,12180.0,1,2,2025-01-08,0.19,0
APP103345,31,Male,West Bengal,Salaried,66100.0,559,Home Renovation,300000.0,60,15.79,7262.0,1,1,2025-01-08,0.22,0
APP103953,44,Male,Telangana,Salaried,56700.0,730,Business Expansion,23000.0,48,11.45,599.0,1,1,2025-12-24,0.02,0
APP103027,31,Male,Telangana,Salaried,56400.0,602,Personal,142000.0,24,13.78,6803.0,0,0,2024-12-31,0.12,0
APP102470,26,Male,Tamil Nadu,Business Owner,78400.0,707,Personal,462000.0,60,12.73,10448.0,0,2,2025-06-29,0.13,0
APP103981,49,Male,Gujarat,Business Owner,54200.0,736,Business Expansion,342000.0,36,12.28,11405.0,0,2,2024-11-07,0.21,0
APP101739,41,Female,Tamil Nadu,Business Owner,56100.0,638,Business Expansion,228000.0,24,15.09,11065.0,2,1,2025-04-12,0.59,1
APP105372,42,Male,West Bengal,Salaried,63400.0,728,Vehicle,157000.0,12,11.46,13910.0,0,1,2025-04-04,0.22,0
APP105292,39,Female,West Bengal,Self-Employed,32200.0,742,Personal,314000.0,48,13.84,8555.0,0,3,2024-12-14,0.27,1
APP105348,28,Male,West Bengal,Salaried,42900.0,673,Medical,330000.0,24,12.27,15576.0,2,0,2024-10-20,1.09,0
APP103019,26,Female,Maharashtra,Salaried,32100.0,602,Business Expansion,81000.0,36,13.06,2732.0,0,3,2025-04-24,0.09,0
APP105945,35,Female,Maharashtra,Self-Employed,12000.0,707,Personal,209000.0,24,13.53,9988.0,1,1,2025-02-19,1.66,0
APP102691,56,Male,West Bengal,Business Owner,48400.0,745,Vehicle,525000.0,24,11.97,24706.0,0,3,2024-11-30,0.51,0
APP100737,37,Female,Punjab,Self-Employed,27700.0,722,Home Renovation,438000.0,48,11.96,11526.0,2,0,2025-05-07,1.25,1
APP102680,33,Male,Uttar Pradesh,Salaried,33100.0,617,Medical,47000.0,48,13.21,1266.0,0,0,2025-04-07,0.04,0
APP102842,38,Male,Maharashtra,Business Owner,49200.0,588,Personal,553000.0,12,15.96,50164.0,0,1,2025-07-12,1.02,0
APP102906,48,Male,Maharashtra,Salaried,,833,Business Expansion,189000.0,12,13.07,16887.0,0,0,2024-06-17,0.32,0
APP101031,50,Female,Uttar Pradesh,Self-Employed,59200.0,564,Vehicle,168000.0,36,14.89,5815.0,2,2,2025-05-06,0.29,0
APP101015,37,Male,Tamil Nadu,Self-Employed,84900.0,655,Personal,567000.0,48,13.78,15432.0,1,1,2025-08-27,0.36,0
APP103772,56,Male,Uttar Pradesh,Self-Employed,,651,Home Renovation,136000.0,24,13.0,6466.0,1,0,2024-03-19,0.28,1
APP101715,40,Female,Gujarat,Salaried,15700.0,720,Home Renovation,159000.0,60,10.05,3382.0,1,1,2025-09-09,0.43,1
APP101730,49,Male,Maharashtra,Self-Employed,22800.0,662,Personal,434000.0,84,13.27,7959.0,0,3,2024-09-29,0.35,0
APP105301,43,Male,Delhi,Business Owner,94900.0,729,Personal,218000.0,24,13.36,10401.0,0,3,2024-07-16,0.11,0
APP100325,40,Female,Maharashtra,Self-Employed,32800.0,529,Personal,20000.0,12,14.38,1799.0,1,1,2025-04-24,0.11,0
APP104460,53,Female,Delhi,Salaried,58300.0,719,Education,238000.0,36,12.9,8008.0,0,1,2024-05-06,0.14,0
APP105284,49,Male,Karnataka,Self-Employed,15500.0,617,Home Renovation,49000.0,84,14.05,920.0,0,1,2025-08-03,0.06,0
APP104958,34,Female,Telangana,Business Owner,104400.0,620,Vehicle,397000.0,12,14.4,35720.0,3,3,2025-10-06,1.37,1
APP104869,24,Female,Punjab,Salaried,27700.0,837,Business Expansion,313000.0,60,11.72,6918.0,1,1,2025-03-02,0.5,0
APP105544,55,Male,Gujarat,Self-Employed,12000.0,667,Home Renovation,100000.0,36,14.17,3426.0,1,2,2024-09-22,0.57,0
APP103256,28,Male,Gujarat,Salaried,31100.0,728,Personal,136000.0,24,12.27,6419.0,0,1,2025-07-06,0.21,0
APP103636,25,Male,Rajasthan,Self-Employed,50400.0,734,Personal,182000.0,84,13.89,3400.0,0,4,2024-07-22,0.07,1
APP100956,43,Female,Telangana,Self-Employed,33100.0,675,Vehicle,276000.0,24,12.83,13100.0,0,4,2024-05-31,0.4,0
APP104553,35,Female,Delhi,Salaried,20200.0,804,Personal,189000.0,60,10.91,4101.0,2,2,2024-11-27,0.61,0
APP103892,55,Female,Gujarat,Salaried,37900.0,831,Personal,112000.0,12,10.28,9861.0,0,1,2025-01-23,0.26,0
APP103634,39,Male,Karnataka,Self-Employed,55500.0,634,Education,312000.0,60,15.02,7426.0,0,2,2024-05-17,0.13,0
APP103527,44,Female,West Bengal,Salaried,17200.0,663,Vehicle,429000.0,24,12.24,20243.0,1,4,2024-03-08,2.35,1
APP102863,33,Male,Uttar Pradesh,Salaried,48400.0,713,Business Expansion,102000.0,24,12.07,4805.0,0,3,2025-05-16,0.1,0
APP105676,49,Male,Punjab,Salaried,41600.0,788,Home Renovation,367000.0,12,12.02,32611.0,1,0,2024-06-12,1.57,1
APP100368,21,Male,Karnataka,Salaried,56800.0,644,Education,102000.0,12,15.07,9210.0,1,0,2025-04-17,0.32,0
APP104575,57,Male,West Bengal,Business Owner,57000.0,663,Vehicle,478000.0,12,11.88,42443.0,0,1,2025-10-23,0.74,0
APP105200,50,Male,Uttar Pradesh,Salaried,30700.0,738,Personal,84000.0,48,13.32,2267.0,1,0,2024-11-19,0.15,0
APP100101,42,Male,Karnataka,Salaried,39300.0,816,Business Expansion,279000.0,48,10.5,7143.0,0,2,2025-09-25,0.18,0
APP100971,51,Male,Maharashtra,Self-Employed,12000.0,779,Medical,227000.0,60,10.3,4857.0,2,1,2025-09-08,1.21,1
APP101701,40,Male,Maharashtra,Salaried,57000.0,694,Vehicle,204000.0,24,11.65,9570.0,1,1,2025-03-22,0.34,0
APP105870,27,Male,Rajasthan,Salaried,32700.0,597,Education,478000.0,24,14.19,22993.0,2,0,2024-12-20,2.11,1
APP104079,48,Female,Delhi,Business Owner,32700.0,841,Medical,277000.0,24,11.82,13016.0,0,1,2025-10-06,0.4,0
APP103835,22,Female,Maharashtra,Salaried,,669,Business Expansion,164000.0,24,13.24,7815.0,0,0,2024-08-11,0.16,0
APP105011,35,Male,Uttar Pradesh,Salaried,26500.0,705,Personal,221000.0,12,11.97,19632.0,1,2,2025-08-17,1.48,0
APP101252,23,Female,Maharashtra,Self-Employed,59400.0,666,Education,131000.0,48,12.97,3512.0,0,0,2024-06-17,0.06,0
APP100073,35,Male,Telangana,Salaried,29100.0,637,Medical,298000.0,60,12.42,6692.0,0,3,2025-12-19,0.23,0
APP105477,52,Male,Rajasthan,Salaried,45000.0,751,Vehicle,238000.0,48,11.17,6171.0,2,1,2025-06-15,0.41,0
APP104764,55,Female,Delhi,Business Owner,109300.0,709,Business Expansion,337000.0,48,13.52,9128.0,0,1,2024-03-29,0.08,0
APP104807,57,Male,Telangana,Business Owner,78600.0,638,Vehicle,345000.0,24,14.09,16579.0,1,2,2024-10-21,0.42,1
APP104482,58,Female,Karnataka,Self-Employed,12000.0,656,Education,20000.0,60,13.27,458.0,0,3,2024-09-24,0.04,0
APP101166,31,Male,Delhi,Self-Employed,39600.0,682,Personal,226000.0,60,13.32,5179.0,0,3,2024-10-03,0.13,1
APP103153,44,Male,Uttar Pradesh,Business Owner,78300.0,622,Vehicle,84000.0,60,13.87,1949.0,1,1,2024-07-11,0.05,1
APP103597,26,Female,Punjab,Self-Employed,29800.0,783,Business Expansion,154000.0,60,11.34,3375.0,2,2,2025-07-18,0.34,0
APP103058,49,Male,Maharashtra,Salaried,34600.0,650,Home Renovation,259000.0,60,13.81,6001.0,1,2,2024-05-16,0.35,1
APP101059,21,Female,Tamil Nadu,Self-Employed,43700.0,814,Medical,191000.0,36,11.29,6279.0,0,1,2024-02-13,0.14,0
APP101841,35,Female,Delhi,Self-Employed,30800.0,749,Vehicle,115000.0,84,11.76,2015.0,1,0,2025-01-14,0.13,0
APP104601,42,Male,Telangana,Salaried,55600.0,640,Home Renovation,132000.0,12,15.99,11976.0,0,1,2024-03-31,0.22,0
APP105662,27,Female,Uttar Pradesh,Self-Employed,12000.0,832,Personal,443000.0,24,11.09,20666.0,0,0,2025-04-28,1.72,0
APP105798,47,Male,Karnataka,Salaried,46400.0,751,Personal,20000.0,84,12.77,361.0,0,1,2025-07-23,0.01,0
APP104777,38,Female,Uttar Pradesh,Salaried,12000.0,647,Education,89000.0,36,14.47,3062.0,0,2,2024-01-09,0.26,0
APP103870,55,Male,Delhi,Self-Employed,58600.0,681,Education,320000.0,84,11.23,5518.0,1,1,2025-08-14,0.19,0
APP102498,42,Female,Rajasthan,Salaried,47100.0,586,Business Expansion,150000.0,36,15.12,5209.0,0,0,2024-09-18,0.11,1
APP101755,28,Male,Uttar Pradesh,Salaried,25300.0,683,Personal,317000.0,36,12.26,10568.0,3,2,2025-10-27,1.67,0
APP101179,37,Female,Maharashtra,Self-Employed,12000.0,668,Medical,170000.0,84,13.19,3110.0,0,0,2024-12-17,0.26,0
APP101175,56,Female,Tamil Nadu,Salaried,46400.0,655,Education,258000.0,36,13.6,8768.0,2,3,2025-06-10,0.57,1
APP103496,49,Male,Delhi,Salaried,38500.0,667,Business Expansion,125000.0,12,12.75,11150.0,0,0,2025-05-31,0.29,0
APP100080,28,Male,Karnataka,Salaried,51300.0,511,Education,211000.0,60,15.53,5079.0,2,1,2025-07-11,0.3,1
APP105710,58,Male,Tamil Nadu,Self-Employed,42900.0,796,Vehicle,232000.0,60,12.85,5261.0,0,1,2024-03-19,0.12,0
APP103747,53,Male,Telangana,Salaried,39300.0,636,Vehicle,284000.0,48,13.76,7727.0,3,1,2025-11-19,0.79,0
APP105572,37,Male,Tamil Nadu,Salaried,62800.0,775,Personal,384000.0,12,10.14,33785.0,1,2,2024-05-20,1.08,0
APP101279,36,Female,Karnataka,Salaried,16800.0,702,Vehicle,59000.0,24,11.14,2754.0,1,1,2025-07-30,0.33,0
APP101077,57,Male,Tamil Nadu,Self-Employed,46500.0,644,Personal,328000.0,12,13.54,29379.0,1,3,2024-10-09,1.26,0
APP102810,41,Male,Uttar Pradesh,Self-Employed,12000.0,679,Vehicle,416000.0,12,13.76,37304.0,1,1,2024-07-02,6.22,1
APP103202,43,Female,Maharashtra,Salaried,43500.0,459,Home Renovation,210000.0,48,15.78,5928.0,1,2,2025-06-09,0.27,0
APP100729,54,Female,Telangana,Self-Employed,77000.0,705,Personal,337000.0,12,11.06,29794.0,4,0,2024-03-16,1.93,1
APP101115,43,Male,Maharashtra,Self-Employed,31300.0,611,Personal,321000.0,84,14.33,6074.0,1,0,2025-09-18,0.39,0
APP105346,23,Male,Gujarat,Salaried,44000.0,603,Education,265000.0,24,15.17,12870.0,1,0,2025-04-13,0.58,0
APP103605,33,Female,Delhi,Business Owner,52600.0,814,Medical,142000.0,60,11.96,3156.0,0,1,2024-09-09,0.06,0
APP104243,29,Male,Rajasthan,Self-Employed,23400.0,770,Home Renovation,251000.0,36,11.0,8217.0,1,0,2025-12-29,0.7,0
APP104265,58,Female,Maharashtra,Self-Employed,26800.0,533,Personal,20000.0,48,15.08,557.0,0,1,2024-04-08,0.02,1
APP104285,52,Female,Uttar Pradesh,Salaried,54900.0,655,Vehicle,245000.0,36,14.32,8412.0,0,0,2024-12-23,0.15,0
APP103368,46,Male,Punjab,Salaried,43500.0,669,Vehicle,125000.0,36,14.34,4293.0,1,1,2024-02-06,0.2,0
APP105373,43,Male,West Bengal,Salaried,45400.0,545,Vehicle,158000.0,24,15.6,7706.0,2,3,2025-11-20,0.51,0
APP101700,21,Male,Maharashtra,Business Owner,52100.0,625,Home Renovation,394000.0,24,14.01,18919.0,2,1,2024-08-29,1.09,0
APP105746,27,Male,Telangana,Salaried,43000.0,773,Personal,151000.0,24,10.66,7014.0,1,0,2025-08-03,0.33,0
APP103001,48,Female,Karnataka,Salaried,51200.0,573,Vehicle,74000.0,12,13.55,6629.0,2,1,2024-07-30,0.39,1
APP102658,48,Male,Maharashtra,Self-Employed,,785,Vehicle,361000.0,12,13.13,32266.0,0,2,2024-02-26,0.58,1
APP103813,38,Male,Telangana,Salaried,36000.0,770,Education,155000.0,36,12.39,5177.0,0,1,2024-06-25,0.14,0
APP101352,35,Male,Punjab,Self-Employed,50500.0,545,Vehicle,20000.0,60,14.32,469.0,0,0,2024-05-16,0.01,0
APP104523,23,Male,Gujarat,Self-Employed,12000.0,791,Medical,167000.0,12,11.53,14801.0,3,1,2024-09-14,4.93,1
APP102775,32,Male,Maharashtra,Business Owner,93300.0,815,Vehicle,552000.0,48,11.31,14350.0,1,2,2025-02-19,0.31,1
APP102449,48,Male,Telangana,Salaried,35700.0,792,Vehicle,155000.0,60,10.56,3336.0,2,0,2024-10-23,0.28,0
APP104086,30,Female,West Bengal,Self-Employed,13700.0,818,Home Renovation,162000.0,36,11.97,5378.0,1,2,2024-02-21,0.79,1
APP104149,56,Female,Maharashtra,Salaried,38200.0,755,Education,83000.0,36,13.95,2835.0,2,2,2025-01-24,0.22,0
APP104171,-54,Male,West Bengal,Self-Employed,51600.0,781,Vehicle,339000.0,48,11.09,8776.0,1,1,2025-10-08,0.34,0
APP105021,55,Male,Uttar Pradesh,Self-Employed,41900.0,642,Business Expansion,267000.0,48,12.77,7132.0,1,0,2024-04-15,0.34,0
APP103365,58,Female,Delhi,Self-Employed,51600.0,758,Vehicle,161000.0,36,11.14,5282.0,2,2,2025-12-26,0.31,0
APP104352,33,Female,West Bengal,Salaried,18300.0,601,Vehicle,282000.0,60,13.41,6476.0,1,1,2025-08-13,0.71,0
APP105725,56,Female,West Bengal,Self-Employed,,676,Home Renovation,300000.0,36,11.55,9900.0,1,1,2024-12-19,0.57,0
APP104711,38,Male,Rajasthan,Self-Employed,32500.0,740,Business Expansion,128000.0,12,12.02,11374.0,0,0,2025-05-05,0.35,0
APP101677,55,Female,Karnataka,Salaried,22500.0,821,Business Expansion,111000.0,36,12.78,3728.0,1,0,2025-03-06,0.33,0
APP100651,48,Male,Gujarat,Salaried,29700.0,697,Business Expansion,472000.0,60,11.96,10490.0,2,1,2025-08-08,1.06,0
APP102481,34,Male,West Bengal,Salaried,64900.0,521,Home Renovation,405000.0,24,15.69,19770.0,3,1,2024-02-24,1.22,1
APP101820,41,Male,Delhi,Salaried,21900.0,734,Business Expansion,68000.0,60,10.95,1477.0,2,2,2024-10-09,0.2,1
APP105320,45,Male,Maharashtra,Salaried,26900.0,646,Medical,117000.0,12,14.6,10538.0,0,3,2025-11-02,0.39,0
APP105326,56,Female,Delhi,Salaried,72100.0,696,Vehicle,289000.0,36,12.56,9676.0,2,0,2025-06-04,0.4,0
APP100213,31,Male,Rajasthan,Salaried,41000.0,830,Education,306000.0,48,11.36,7962.0,0,1,2024-02-05,0.19,0
APP103647,40,Female,Karnataka,Salaried,37400.0,513,Personal,231000.0,60,15.42,5547.0,0,1,2025-08-04,0.15,0
APP100603,26,Female,Maharashtra,Self-Employed,25400.0,607,Medical,191000.0,48,14.06,5225.0,2,2,2024-04-17,0.62,0
APP104925,45,Female,Karnataka,Self-Employed,12000.0,541,Vehicle,20000.0,12,14.58,1801.0,0,1,2024-10-01,0.15,1
APP102990,56,Male,Delhi,Salaried,12000.0,643,Personal,507000.0,48,12.63,13509.0,2,0,2025-11-14,3.38,1
APP104983,36,Male,Delhi,Self-Employed,38100.0,515,Education,438000.0,24,13.97,21023.0,2,0,2025-09-18,1.66,1
APP100368,21,Male,Karnataka,Salaried,56800.0,644,Education,102000.0,12,15.07,9210.0,1,0,2025-04-17,0.32,0
APP100470,43,Female,West Bengal,Business Owner,62200.0,617,Home Renovation,405000.0,60,13.66,9352.0,0,0,2024-04-03,0.15,1
APP105762,28,Female,Maharashtra,Salaried,33800.0,631,Medical,162000.0,24,13.31,7725.0,0,1,2024-03-30,0.23,0
APP101010,42,Male,Karnataka,Self-Employed,12000.0,530,Home Renovation,20000.0,12,14.97,1805.0,0,1,2025-04-30,0.15,0
APP103086,28,Male,Rajasthan,Business Owner,78700.0,616,Personal,141000.0,60,13.82,3268.0,0,0,2025-03-24,0.04,0
APP100221,36,Male,Uttar Pradesh,Salaried,,607,Personal,554000.0,24,14.86,26825.0,3,2,2025-06-19,4.38,1
APP100562,56,Male,Maharashtra,Salaried,63700.0,550,Home Renovation,373000.0,60,14.63,8801.0,1,0,2025-05-23,0.28,0
APP101436,42,Female,Maharashtra,Salaried,25600.0,628,Business Expansion,68000.0,36,13.22,2298.0,2,2,2025-04-15,0.27,1
APP103728,47,Male,Delhi,Self-Employed,51200.0,640,Vehicle,193000.0,24,12.94,9170.0,1,2,2025-10-02,0.36,0
APP105495,55,Male,Karnataka,Business Owner,82900.0,754,Personal,283000.0,48,11.21,7343.0,0,2,2025-06-21,0.09,0
APP103061,30,Male,Tamil Nadu,Self-Employed,29500.0,546,Vehicle,362000.0,12,15.14,32697.0,0,0,2025-07-11,1.11,1
APP102984,48,Male,West Bengal,Self-Employed,38500.0,659,Vehicle,106000.0,84,12.59,1905.0,1,1,2025-01-02,0.1,1
APP104442,31,Female,Gujarat,Salaried,87700.0,638,Personal,478000.0,24,12.44,22599.0,0,1,2025-03-27,0.26,0
APP104639,40,Male,Uttar Pradesh,Salaried,37700.0,617,Education,259000.0,36,15.52,9044.0,0,2,2025-05-02,0.24,0
APP104897,32,Male,Rajasthan,Salaried,55200.0,640,Personal,301000.0,12,14.72,27128.0,1,1,2024-01-18,0.98,0
APP104863,49,Male,Tamil Nadu,Salaried,49800.0,882,Vehicle,205000.0,12,10.89,18108.0,0,2,2025-11-24,0.36,0
APP102688,54,Female,Tamil Nadu,Business Owner,101100.0,680,Education,41000.0,24,13.92,1967.0,0,2,2024-06-09,0.02,0
APP102873,47,Male,Karnataka,Self-Employed,22500.0,796,Vehicle,147000.0,36,11.66,4859.0,0,1,2024-09-15,0.22,0
APP104948,54,Male,Gujarat,Business Owner,66800.0,445,Business Expansion,357000.0,24,17.41,17721.0,2,0,2024-07-13,0.8,0
APP101490,21,Male,Delhi,Salaried,48400.0,586,Home Renovation,379000.0,24,14.37,18263.0,0,5,2025-01-06,0.38,0
APP104995,36,Male,Uttar Pradesh,Self-Employed,23200.0,554,Personal,172000.0,24,14.41,8292.0,1,2,2024-05-22,0.71,1
APP100840,23,Male,Maharashtra,Salaried,74500.0,627,Home Renovation,289000.0,12,14.75,26051.0,0,3,2025-04-04,0.35,0
APP103999,38,Male,Tamil Nadu,Self-Employed,66700.0,768,Vehicle,308000.0,24,10.89,14339.0,1,1,2025-05-17,0.43,0
APP104738,23,Male,Maharashtra,Salaried,71200.0,588,Personal,435000.0,24,15.01,21094.0,1,2,2025-07-14,0.59,0
APP105939,38,Female,Telangana,Self-Employed,69800.0,659,Home Renovation,290000.0,36,11.9,9618.0,2,0,2024-12-27,0.41,0
APP100100,55,Male,Gujarat,Business Owner,21400.0,581,Personal,146000.0,84,14.97,2815.0,0,0,2024-03-08,0.13,0
APP105216,26,Male,Uttar Pradesh,Salaried,48100.0,635,Vehicle,490000.0,48,13.91,13368.0,1,1,2025-01-04,0.56,0
APP101521,40,Male,Rajasthan,Business Owner,17600.0,723,Vehicle,156000.0,36,13.08,5262.0,0,2,2025-09-16,0.3,0
APP100276,50,Male,West Bengal,Self-Employed,59000.0,418,Home Renovation,540000.0,24,16.53,26577.0,0,1,2024-01-11,0.45,1
APP104787,46,Male,Uttar Pradesh,Self-Employed,46700.0,598,Business Expansion,131000.0,60,14.7,3096.0,2,0,2024-05-01,0.2,0
APP105792,41,Male,Telangana,Business Owner,35200.0,742,Education,264000.0,24,11.96,12422.0,0,0,2024-04-07,0.35,0
APP102836,45,Male,Maharashtra,Self-Employed,45500.0,743,Medical,298000.0,36,10.52,9689.0,0,0,2025-11-10,0.21,0
APP105670,22,Male,Rajasthan,Salaried,27200.0,615,Personal,255000.0,84,13.1,4653.0,0,0,2025-11-26,0.17,0
APP102840,43,Male,Maharashtra,Salaried,41900.0,787,Medical,333000.0,24,11.71,15630.0,0,0,2024-08-26,0.37,0
APP100067,36,Male,Uttar Pradesh,Salaried,51300.0,676,Business Expansion,328000.0,24,12.43,15506.0,3,1,2025-05-03,1.21,1
APP102335,42,Male,Uttar Pradesh,Self-Employed,30100.0,535,Personal,117000.0,12,16.22,10628.0,0,1,2024-06-12,0.35,0
APP103594,35,Female,Rajasthan,Self-Employed,40300.0,681,Business Expansion,178000.0,36,14.33,6112.0,2,0,2025-07-13,0.45,0
APP105317,30,Male,Punjab,Self-Employed,55300.0,585,Personal,212000.0,36,13.83,7228.0,0,1,2025-08-30,0.13,0
APP104316,45,Female,West Bengal,Business Owner,55000.0,790,Home Renovation,375000.0,36,11.2,12313.0,0,2,2025-09-04,0.22,0
APP100372,21,Female,Karnataka,Self-Employed,38000.0,733,Personal,362000.0,48,10.74,9310.0,2,3,2024-09-17,0.74,1
APP101863,22,Male,Delhi,Salaried,52000.0,653,Personal,129000.0,36,14.42,4435.0,0,1,2025-04-19,0.09,0
APP105034,45,Male,Maharashtra,Self-Employed,41900.0,558,Personal,761000.0,60,16.22,18595.0,1,2,2025-01-20,0.89,1
APP105739,43,Female,Uttar Pradesh,Salaried,42500.0,683,Personal,164000.0,60,13.36,3762.0,1,1,2025-10-16,0.18,0
APP101497,32,Male,Karnataka,Self-Employed,22300.0,593,Personal,252000.0,36,14.27,8646.0,0,3,2025-08-19,0.39,0
APP100493,32,Male,Uttar Pradesh,Self-Employed,49400.0,821,Education,105000.0,36,12.16,3496.0,1,0,2025-02-14,0.14,0
APP102697,40,Female,Tamil Nadu,Salaried,52400.0,812,Business Expansion,26000.0,48,11.55,679.0,0,0,2024-04-28,0.01,0
APP100905,26,Male,Rajasthan,Self-Employed,17000.0,616,Personal,296000.0,36,14.89,10245.0,1,1,2025-12-08,1.21,1
APP104481,39,Male,Gujarat,Business Owner,30900.0,656,Business Expansion,321000.0,36,12.53,10743.0,1,1,2025-10-13,0.7,1
APP105163,30,Female,Telangana,Salaried,40500.0,740,Medical,608000.0,60,14.07,14169.0,1,0,2024-08-04,0.7,0
APP104250,35,Male,Tamil Nadu,Business Owner,14700.0,735,Personal,20000.0,60,11.01,435.0,0,1,2024-01-08,0.03,0
APP104235,37,Female,Tamil Nadu,Salaried,49600.0,720,Personal,281000.0,60,13.23,6427.0,1,1,2025-10-23,0.26,0
APP104809,43,Male,Maharashtra,Salaried,44200.0,679,Education,180000.0,36,12.09,5986.0,0,2,2025-07-22,0.14,0
APP101281,50,Male,Uttar Pradesh,Salaried,40900.0,536,Personal,20000.0,36,14.07,684.0,1,1,2024-10-04,0.03,0
APP105705,42,Male,Uttar Pradesh,Salaried,36800.0,683,Medical,196000.0,12,12.4,17451.0,5,0,2024-12-21,2.85,0
APP100912,53,Female,Karnataka,Self-Employed,12800.0,614,Vehicle,338000.0,12,12.58,30123.0,0,1,2025-11-17,2.35,1
APP103567,42,Male,Uttar Pradesh,Salaried,67200.0,655,Vehicle,333000.0,24,11.66,15623.0,1,1,2025-05-04,0.46,0
APP105805,56,Male,Gujarat,Business Owner,54500.0,656,Business Expansion,127000.0,24,13.99,6097.0,1,0,2025-03-01,0.22,0
APP102750,55,Female,Maharashtra,Salaried,78800.0,641,Personal,240000.0,24,14.17,11542.0,1,1,2024-01-11,0.29,0
APP100663,37,Male,West Bengal,Salaried,46900.0,618,Business Expansion,334000.0,36,14.46,11490.0,3,1,2024-12-20,0.98,0
APP105984,40,Male,Punjab,Salaried,41600.0,653,Home Renovation,386000.0,12,14.39,34729.0,0,1,2024-12-09,0.83,0
APP102077,45,Female,Karnataka,Salaried,66000.0,683,Vehicle,155000.0,48,11.69,4058.0,0,2,2025-01-15,0.06,0
APP101095,25,Male,Telangana,Self-Employed,28300.0,714,Personal,280000.0,12,14.41,25194.0,1,1,2025-10-23,1.78,0
APP105770,49,Male,Gujarat,Business Owner,44900.0,742,Medical,178000.0,12,10.87,15721.0,1,0,2025-04-28,0.7,1
APP105646,35,Male,Delhi,Salaried,36200.0,728,Vehicle,436000.0,36,14.6,15029.0,2,0,2024-10-16,1.25,1
APP105119,46,Female,Uttar Pradesh,Salaried,37900.0,726,Personal,303000.0,24,12.57,14344.0,0,0,2025-02-26,0.38,0
APP101388,58,Male,West Bengal,Salaried,37700.0,716,Personal,341000.0,24,12.28,16097.0,1,3,2025-04-29,0.85,0
APP104376,26,Female,Rajasthan,Self-Employed,41500.0,585,Education,263000.0,24,16.05,12884.0,0,2,2025-09-08,0.31,1
APP101981,56,Female,Tamil Nadu,Business Owner,60800.0,623,Personal,30000.0,84,12.72,541.0,1,1,2025-01-20,0.02,0
APP105261,36,Male,Maharashtra,Salaried,35800.0,843,Vehicle,77000.0,36,9.0,2449.0,1,2,2024-03-07,0.14,0
APP103469,40,Female,Uttar Pradesh,Salaried,65800.0,735,Home Renovation,386000.0,12,14.1,34676.0,0,1,2025-02-19,0.53,0
APP102566,29,Female,Karnataka,Salaried,37100.0,828,Personal,92000.0,12,9.41,8063.0,0,1,2024-05-04,0.22,0
APP100531,56,Male,Delhi,Salaried,60600.0,692,Education,371000.0,24,11.56,17388.0,1,4,2025-01-21,0.57,0
APP100078,44,Male,Delhi,Business Owner,34000.0,715,Home Renovation,217000.0,24,11.31,10145.0,2,2,2024-02-25,0.9,0
APP105888,52,Male,Maharashtra,Salaried,23100.0,673,Home Renovation,108000.0,60,13.45,2482.0,1,2,2025-01-20,0.21,0
APP102751,37,Male,Tamil Nadu,Salaried,48200.0,495,Education,629000.0,48,13.76,17113.0,0,0,2025-07-01,0.36,0
APP101858,28,Male,Maharashtra,Self-Employed,44600.0,598,Personal,278000.0,24,13.5,13282.0,1,1,2025-07-24,0.6,0
APP105718,24,Male,Gujarat,Salaried,42700.0,671,Vehicle,438000.0,12,12.73,39066.0,1,2,2025-11-12,1.83,1
APP101122,45,Female,Karnataka,Self-Employed,20700.0,642,Personal,155000.0,84,13.07,2826.0,2,2,2024-06-07,0.41,0
APP101949,56,Male,Maharashtra,Salaried,51000.0,592,Vehicle,166000.0,12,14.43,14938.0,0,0,2024-04-21,0.29,0
APP102908,43,Male,Delhi,Salaried,56100.0,728,Vehicle,308000.0,24,14.33,14836.0,1,2,2025-08-24,0.53,0
APP101051,54,Male,Tamil Nadu,Salaried,32000.0,745,Education,151000.0,36,11.94,5011.0,1,0,2025-09-26,0.31,0
APP102827,28,Female,Punjab,Self-Employed,22600.0,833,Business Expansion,269000.0,36,13.07,9073.0,1,2,2024-12-13,0.8,1
APP105861,49,Male,Uttar Pradesh,Self-Employed,77900.0,680,Home Renovation,141000.0,12,12.51,12561.0,0,0,2025-03-18,0.16,0
APP102478,27,Male,Gujarat,Salaried,36400.0,581,Personal,295000.0,36,15.12,10244.0,2,2,2025-08-07,0.84,0
APP105283,48,Male,Maharashtra,Self-Employed,23000.0,642,Home Renovation,186000.0,60,14.1,4338.0,0,1,2024-09-07,0.19,0
APP102226,28,Male,Rajasthan,Business Owner,80300.0,740,Vehicle,150000.0,36,13.61,5098.0,1,0,2025-12-16,0.13,0
APP103787,45,Male,Gujarat,Self-Employed,,730,Medical,20000.0,36,10.74,652.0,3,1,2024-10-10,0.09,0
APP102981,59,Female,Punjab,Salaried,16700.0,720,Vehicle,380000.0,12,13.26,33987.0,2,2,2024-02-16,6.11,1
APP103048,28,Male,Maharashtra,Business Owner,45200.0,776,Personal,20000.0,36,11.8,662.0,1,3,2025-10-21,0.03,0
APP101747,54,Male,Maharashtra,Salaried,71400.0,785,Business Expansion,153000.0,24,11.7,7181.0,2,1,2025-02-08,0.3,0
APP103070,55,Female,Maharashtra,Salaried,63600.0,633,Home Renovation,77000.0,24,13.97,3696.0,2,1,2025-07-13,0.17,0
APP102099,49,Male,Telangana,Salaried,46100.0,671,Medical,448000.0,36,12.65,15019.0,1,2,2024-03-01,0.65,0
APP103346,35,Male,West Bengal,Salaried,40200.0,734,Home Renovation,267000.0,12,12.48,23783.0,2,1,2025-05-01,1.77,1
APP101930,22,Male,Maharashtra,Salaried,59400.0,632,Personal,397000.0,24,14.7,19193.0,2,3,2024-03-17,0.97,0
APP101354,25,Male,Uttar Pradesh,Salaried,52300.0,520,Personal,52000.0,84,13.87,971.0,1,1,2025-09-01,0.04,1
APP105902,53,Female,Telangana,Self-Employed,48300.0,705,Medical,298000.0,36,12.87,10022.0,2,3,2024-03-29,0.62,0
APP101836,43,Female,Rajasthan,Self-Employed,17800.0,619,Personal,143000.0,48,13.23,3853.0,1,1,2024-11-30,0.43,0
APP100228,52,Male,Delhi,Salaried,54200.0,684,Home Renovation,67000.0,60,13.2,1531.0,0,0,2025-03-03,0.03,0
APP102143,57,Male,Maharashtra,Salaried,12000.0,762,Personal,321000.0,36,13.74,10931.0,1,3,2024-06-20,1.82,1
APP103421,36,Male,Maharashtra,Salaried,37300.0,628,Personal,218000.0,84,14.3,4122.0,0,1,2024-05-18,0.11,1
APP104698,25,Male,Maharashtra,Self-Employed,45100.0,765,Vehicle,409000.0,84,13.15,7474.0,2,2,2025-02-11,0.5,0
APP100934,44,Male,Tamil Nadu,Salaried,54300.0,575,Personal,259000.0,84,14.75,4962.0,1,2,2024-09-20,0.18,0
APP100742,55,Female,Maharashtra,Self-Employed,33800.0,512,Vehicle,91000.0,24,17.56,4524.0,0,1,2025-08-11,0.13,1
APP105161,38,Female,West Bengal,Self-Employed,56800.0,749,Personal,230000.0,24,13.48,10987.0,1,0,2024-06-18,0.39,0
APP103715,23,Male,West Bengal,Salaried,39700.0,681,Personal,236000.0,36,13.58,8018.0,1,0,2025-04-05,0.4,0
APP101402,33,Male,Tamil Nadu,Self-Employed,19900.0,709,Business Expansion,107000.0,24,11.48,5011.0,0,3,2025-06-05,0.25,1
APP100868,32,Male,West Bengal,Salaried,44600.0,646,Vehicle,276000.0,24,10.73,12829.0,2,1,2025-07-27,0.86,1
APP100722,42,Male,Gujarat,Salaried,57800.0,613,Vehicle,313000.0,48,14.16,8578.0,1,1,2024-08-04,0.3,1
APP103038,48,Male,Uttar Pradesh,Salaried,52100.0,852,Business Expansion,255000.0,24,10.45,11820.0,0,1,2024-07-18,0.23,0
APP101489,23,Male,Tamil Nadu,Salaried,61900.0,744,Vehicle,20000.0,24,12.53,946.0,2,0,2024-01-22,0.05,0
APP101547,44,Female,Tamil Nadu,Self-Employed,56900.0,796,Vehicle,286000.0,12,11.13,25295.0,1,2,2025-02-09,0.89,0
APP101629,41,Female,Gujarat,Self-Employed,34200.0,711,Vehicle,385000.0,48,12.38,10211.0,0,1,2025-08-19,0.3,1
APP104542,45,Male,West Bengal,Self-Employed,40000.0,721,Vehicle,223000.0,12,12.1,19824.0,0,0,2025-04-12,0.5,0
APP103826,26,Male,Rajasthan,Self-Employed,65300.0,739,Personal,280000.0,24,11.02,13053.0,2,0,2024-09-01,0.6,0
APP104357,59,Female,Uttar Pradesh,Business Owner,49000.0,749,Vehicle,85000.0,12,12.6,7576.0,0,0,2025-12-21,0.15,0
APP105291,49,Female,Tamil Nadu,Self-Employed,12400.0,552,Home Renovation,20000.0,24,14.52,965.0,1,0,2024-03-24,0.16,1
APP100507,31,Male,Uttar Pradesh,Salaried,44100.0,763,Vehicle,30000.0,84,9.7,493.0,0,0,2024-04-26,0.01,0
APP104993,43,Male,Gujarat,Salaried,,671,Education,154000.0,24,12.23,7266.0,2,0,2025-09-12,0.52,0
APP102698,45,Female,Delhi,Salaried,46800.0,785,Education,406000.0,60,11.03,8833.0,0,1,2025-03-27,0.19,1
APP101104,57,Male,Punjab,Business Owner,35000.0,567,Personal,73000.0,12,14.86,6584.0,1,0,2024-01-11,0.38,1
APP105987,34,Male,Karnataka,Salaried,23200.0,679,Medical,20000.0,24,12.86,950.0,0,3,2025-11-04,0.04,1
APP101706,57,Female,West Bengal,Salaried,46300.0,647,Vehicle,519000.0,36,13.6,17638.0,0,2,2025-06-09,0.38,0
APP100134,42,Male,Delhi,Salaried,36200.0,722,Education,159000.0,60,12.11,3546.0,2,0,2024-06-05,0.29,0
APP101338,24,Male,Punjab,Self-Employed,52600.0,670,Education,477000.0,60,11.78,10558.0,0,0,2025-09-04,0.2,0
APP103119,46,Male,Maharashtra,Salaried,,713,Vehicle,328000.0,24,12.61,15534.0,1,3,2024-03-29,0.62,0
APP104654,39,Female,West Bengal,Self-Employed,,792,Personal,20000.0,24,11.1,933.0,1,1,2024-04-24,0.09,1
APP101702,48,Female,Maharashtra,Business Owner,38300.0,652,Business Expansion,144000.0,12,12.73,12843.0,2,4,2024-06-17,1.01,1
APP101637,44,Male,Uttar Pradesh,Self-Employed,30400.0,636,Personal,161000.0,24,12.47,7614.0,1,1,2025-05-22,0.5,1
APP104843,42,Male,Uttar Pradesh,Salaried,37100.0,704,Personal,20000.0,24,12.33,945.0,0,3,2025-12-11,0.03,0
APP101218,32,Male,Uttar Pradesh,Self-Employed,21100.0,768,Home Renovation,234000.0,48,11.21,6072.0,0,0,2024-04-27,0.29,0
APP103161,38,Female,Maharashtra,Salaried,33300.0,630,Home Renovation,184000.0,24,13.39,8781.0,1,0,2024-01-04,0.53,0
APP103091,55,Female,West Bengal,Salaried,53400.0,771,Vehicle,247000.0,24,13.77,11832.0,0,2,2025-02-20,0.22,0
APP105589,31,Male,Rajasthan,Salaried,42100.0,558,Personal,322000.0,12,13.14,28781.0,2,1,2025-08-07,2.05,1
APP104744,38,Male,Rajasthan,Salaried,12000.0,557,Personal,355000.0,24,14.87,17191.0,0,2,2025-05-06,1.43,1
APP105278,27,Female,Uttar Pradesh,Self-Employed,25700.0,666,Home Renovation,223000.0,48,13.95,6088.0,2,3,2024-05-25,0.71,1
APP105639,35,Female,Karnataka,Self-Employed,20000.0,695,Home Renovation,192000.0,36,12.65,6437.0,0,3,2024-05-21,0.32,0
APP102940,51,Male,Karnataka,Self-Employed,45100.0,626,Business Expansion,329000.0,84,13.87,6142.0,1,2,2024-09-05,0.27,0
APP100740,21,Female,Uttar Pradesh,Salaried,67100.0,673,Education,290000.0,84,13.79,5401.0,0,1,2024-08-28,0.08,0
APP100713,23,Female,Gujarat,Self-Employed,20900.0,576,Personal,20000.0,48,15.15,558.0,0,6,2025-07-23,0.03,1
APP103203,46,Male,Uttar Pradesh,Salaried,44300.0,630,Personal,283000.0,48,13.28,7632.0,0,0,2025-02-12,0.17,0
APP100962,45,Male,Gujarat,Salaried,35200.0,610,Vehicle,235000.0,24,14.8,11372.0,1,1,2025-05-19,0.65,0
APP100195,29,Male,Delhi,Business Owner,137100.0,776,Personal,61000.0,24,11.28,2851.0,0,1,2025-09-16,0.02,0
APP103008,54,Female,Delhi,Salaried,22700.0,600,Home Renovation,197000.0,48,13.62,5346.0,0,0,2024-01-29,0.24,0
APP105516,33,Female,Uttar Pradesh,Self-Employed,61900.0,666,Personal,225000.0,36,11.71,7442.0,1,2,2024-05-22,0.24,0
APP100953,58,Male,Maharashtra,Self-Employed,32400.0,737,Medical,68000.0,60,12.21,1520.0,1,1,2025-01-14,0.09,0
APP101763,39,Female,Uttar Pradesh,Self-Employed,50500.0,586,Education,205000.0,36,14.92,7098.0,2,0,2024-12-19,0.42,0
APP104864,54,Female,Maharashtra,Business Owner,59400.0,728,Home Renovation,77000.0,24,13.2,3668.0,2,2,2025-01-03,0.19,0
APP102540,34,Female,Uttar Pradesh,Self-Employed,27500.0,696,Medical,156000.0,60,10.62,3362.0,1,0,2024-10-07,0.24,0
APP105220,39,Male,Uttar Pradesh,Self-Employed,53700.0,699,Personal,353000.0,24,12.74,16739.0,1,1,2024-07-28,0.62,1
APP104896,46,Male,Maharashtra,Business Owner,75000.0,657,Vehicle,331000.0,12,14.55,29805.0,0,1,2024-08-06,0.4,0
APP103373,58,Male,Maharashtra,Salaried,42900.0,582,Vehicle,197000.0,24,13.02,9368.0,0,0,2025-05-25,0.22,1
APP103505,27,Female,Tamil Nadu,Salaried,43900.0,672,Personal,516000.0,36,11.65,17052.0,0,2,2024-08-26,0.39,0
APP104533,54,Male,Delhi,Self-Employed,45700.0,668,Personal,556000.0,24,12.17,26217.0,4,1,2025-03-05,2.87,1
APP102423,57,Female,Karnataka,Salaried,60400.0,738,Home Renovation,349000.0,48,12.82,9332.0,0,1,2025-05-27,0.15,0
APP105552,36,Female,West Bengal,Salaried,34000.0,718,Home Renovation,184000.0,36,12.39,6146.0,1,1,2025-11-12,0.36,1
APP101795,27,Female,West Bengal,Business Owner,79700.0,731,Medical,418000.0,84,12.28,7442.0,1,0,2025-08-20,0.19,0
APP104144,58,Male,Maharashtra,Salaried,44600.0,591,Medical,20000.0,12,12.97,1786.0,0,1,2024-01-10,0.04,0
APP101329,37,Female,Maharashtra,Salaried,64900.0,711,Personal,136000.0,24,11.29,6357.0,1,0,2024-10-08,0.2,0
APP104240,47,Male,Maharashtra,Salaried,51000.0,695,Personal,372000.0,24,15.12,18058.0,0,2,2025-09-24,0.35,0
APP104225,56,Female,Karnataka,Self-Employed,61500.0,832,Business Expansion,281000.0,24,11.2,13123.0,1,1,2024-12-12,0.43,0
APP103615,46,Male,West Bengal,Salaried,20900.0,684,Personal,117000.0,48,11.94,3078.0,2,0,2024-06-24,0.44,1
APP101545,31,Male,Rajasthan,Self-Employed,34500.0,804,Medical,383000.0,48,11.29,9953.0,2,1,2024-10-24,0.87,0
APP102820,31,Male,Uttar Pradesh,Self-Employed,13000.0,598,Medical,318000.0,24,15.5,15494.0,0,2,2024-04-23,1.19,1
APP104190,41,Male,Delhi,Salaried,61500.0,729,Medical,284000.0,60,11.8,6289.0,0,1,2024-04-01,0.1,1
APP101854,47,Female,Uttar Pradesh,Business Owner,108700.0,744,Personal,151000.0,24,11.81,7095.0,0,1,2024-02-05,0.07,0
APP100831,32,Male,Karnataka,Business Owner,33700.0,804,Personal,361000.0,12,11.05,31914.0,0,1,2025-03-31,0.95,0
APP102034,55,Female,Delhi,Salaried,52500.0,799,Medical,308000.0,36,11.77,10196.0,3,2,2025-11-10,0.78,0
APP100377,49,Male,Punjab,Salaried,53600.0,708,Home Renovation,236000.0,36,12.61,7908.0,0,2,2025-12-04,0.15,1
APP100474,37,Female,Tamil Nadu,Salaried,37400.0,579,Business Expansion,20000.0,12,15.24,1807.0,3,0,2024-04-16,0.19,1
APP104368,23,Female,Karnataka,Salaried,61700.0,848,Business Expansion,178000.0,48,11.16,4614.0,2,1,2025-11-14,0.22,0
APP102982,24,Male,West Bengal,Business Owner,82700.0,875,Vehicle,127000.0,60,10.13,2707.0,0,3,2025-10-01,0.03,0
APP103295,40,Female,West Bengal,Salaried,44100.0,823,Home Renovation,334000.0,36,11.94,11084.0,3,0,2024-11-17,1.01,0
APP104186,47,Male,Uttar Pradesh,Salaried,31200.0,665,Home Renovation,177000.0,36,11.27,5817.0,0,0,2024-08-10,0.19,0
APP105428,33,Female,Punjab,Salaried,53500.0,803,Personal,301000.0,24,11.4,14085.0,0,1,2025-10-04,0.26,0
APP103708,25,Female,West Bengal,Salaried,54800.0,623,Medical,151000.0,60,14.03,3516.0,1,3,2024-09-24,0.13,0
APP103743,35,Female,Gujarat,Salaried,48500.0,671,Home Renovation,215000.0,84,14.2,4053.0,0,1,2024-05-13,0.08,0
APP105596,34,Female,Telangana,Self-Employed,70500.0,776,Personal,137000.0,12,11.83,12161.0,1,2,2024-12-05,0.34,1
APP104496,55,Female,Uttar Pradesh,Business Owner,50600.0,746,Personal,105000.0,84,11.72,1838.0,1,0,2025-12-18,0.07,0
APP100188,25,Female,Karnataka,Self-Employed,48800.0,810,Medical,268000.0,84,9.26,4347.0,1,0,2025-02-22,0.18,1
APP100079,21,Male,Tamil Nadu,Salaried,27800.0,612,Home Renovation,190000.0,12,15.8,17221.0,1,2,2025-01-09,1.24,1
APP100063,28,Male,Tamil Nadu,Salaried,47800.0,722,Personal,275000.0,12,12.3,24472.0,1,2,2025-09-16,1.02,1
APP102161,38,Male,Uttar Pradesh,Salaried,53100.0,703,Education,150000.0,12,12.74,13379.0,2,1,2024-12-20,0.76,0
APP103132,21,Female,West Bengal,Salaried,35400.0,814,Education,20000.0,36,11.99,664.0,0,1,2025-11-23,0.02,0
APP104562,47,Female,Uttar Pradesh,Salaried,23400.0,600,Personal,393000.0,12,15.73,35607.0,2,1,2024-10-20,4.57,1
APP102605,25,Male,Gujarat,Self-Employed,96600.0,715,Vehicle,131000.0,60,11.14,2857.0,2,1,2025-02-23,0.09,0
APP104726,39,Male,Gujarat,Business Owner,86900.0,643,Personal,329000.0,48,14.82,9126.0,2,0,2025-01-15,0.32,0
APP104612,28,Male,Tamil Nadu,Self-Employed,15500.0,654,Business Expansion,239000.0,12,12.86,21331.0,1,1,2024-10-14,2.75,1
APP100332,35,Male,Karnataka,Salaried,33200.0,803,Medical,304000.0,36,11.55,10032.0,1,0,2024-04-03,0.6,0
APP104877,51,Female,West Bengal,Salaried,54200.0,758,Vehicle,284000.0,12,12.33,25277.0,1,0,2024-03-16,0.93,0
APP100741,28,Male,Rajasthan,Salaried,67300.0,582,Personal,411000.0,36,13.02,13852.0,1,0,2024-11-30,0.41,1
APP100716,52,Female,Tamil Nadu,Business Owner,31500.0,656,Education,522000.0,36,13.11,17616.0,2,1,2024-10-17,1.68,1
APP102909,31,Female,Uttar Pradesh,Salaried,53000.0,640,Personal,171000.0,12,13.62,15323.0,1,1,2025-12-21,0.58,1
APP104534,43,Female,Telangana,Salaried,62700.0,694,Business Expansion,484000.0,36,13.26,16369.0,0,3,2024-07-09,0.26,0
APP100328,36,Male,Maharashtra,Self-Employed,42700.0,633,Vehicle,104000.0,48,13.58,2820.0,1,2,2024-04-11,0.13,0
APP103092,22,Male,Punjab,Self-Employed,12000.0,752,Medical,20000.0,36,12.9,673.0,3,0,2025-10-02,0.22,0
APP105334,48,Female,Delhi,Self-Employed,42700.0,501,Personal,283000.0,36,14.81,9784.0,2,1,2024-08-11,0.69,1
APP100172,43,Male,Punjab,Business Owner,51600.0,700,Home Renovation,162000.0,24,12.35,7652.0,1,2,2025-11-28,0.3,0
APP104448,32,Male,Tamil Nadu,Business Owner,29800.0,751,Vehicle,109000.0,84,13.5,2013.0,0,0,2024-03-01,0.07,0
APP100665,35,Male,Delhi,Salaried,22800.0,551,Education,59000.0,48,13.59,1600.0,0,0,2025-03-14,0.07,0
APP104691,59,Male,Delhi,Salaried,65700.0,776,Business Expansion,100000.0,84,13.25,1833.0,1,1,2024-05-27,0.06,1
APP103131,59,Female,Uttar Pradesh,Business Owner,105500.0,725,Business Expansion,232000.0,24,12.76,11004.0,0,0,2025-11-28,0.1,0
APP104084,27,Male,Telangana,Salaried,12000.0,610,Personal,115000.0,24,14.04,5524.0,0,1,2025-03-19,0.46,1
APP104117,38,Male,Rajasthan,Business Owner,58700.0,728,Medical,306000.0,84,14.44,5809.0,1,1,2025-02-12,0.2,1
APP100701,31,Female,Delhi,Salaried,50300.0,727,Business Expansion,199000.0,24,12.73,9436.0,2,0,2024-07-26,0.56,0
APP105802,36,Female,Telangana,Salaried,48100.0,608,Medical,424000.0,84,13.47,7822.0,1,1,2024-01-14,0.33,1
APP100162,44,Male,Delhi,Salaried,47500.0,588,Home Renovation,235000.0,24,15.0,11394.0,0,1,2025-11-15,0.24,0
APP103003,37,Male,West Bengal,Salaried,17200.0,461,Personal,73000.0,24,17.67,3633.0,1,1,2025-05-21,0.42,1
APP100974,34,Female,Rajasthan,Self-Employed,20600.0,559,Business Expansion,286000.0,60,13.11,6523.0,1,1,2025-01-07,0.63,1
APP102788,45,Female,Rajasthan,Salaried,41500.0,690,Vehicle,20000.0,60,12.74,452.0,0,0,2025-10-08,0.01,0
APP101814,28,Male,Karnataka,Self-Employed,49900.0,569,Home Renovation,520000.0,48,14.1,14236.0,2,0,2024-02-02,0.86,1
APP102582,28,Male,Gujarat,Salaried,45000.0,826,Vehicle,521000.0,36,11.1,17082.0,0,1,2024-08-02,0.38,0
APP102632,50,Male,Karnataka,Salaried,63600.0,724,Vehicle,303000.0,36,12.52,10139.0,0,0,2025-07-21,0.16,0
APP105850,36,Male,Rajasthan,Business Owner,97600.0,653,Medical,508000.0,48,12.78,13573.0,0,2,2024-09-25,0.14,1
APP102916,48,Female,Telangana,Salaried,,765,Personal,143000.0,36,11.03,4684.0,0,1,2025-12-13,0.1,0
APP101883,42,Female,Telangana,Salaried,56700.0,733,Medical,284000.0,24,11.27,13272.0,2,0,2025-07-19,0.7,0
APP101766,34,Male,Tamil Nadu,Business Owner,40300.0,736,Vehicle,328000.0,84,14.15,6174.0,0,2,2024-03-19,0.15,0
APP104607,37,Female,Tamil Nadu,Salaried,52100.0,860,Education,477000.0,12,9.88,41909.0,0,1,2025-06-29,0.8,0
APP104728,52,Female,Uttar Pradesh,Business Owner,27300.0,645,Personal,406000.0,84,12.99,7384.0,1,1,2025-12-24,0.54,0
APP103479,49,Male,Gujarat,Salaried,49000.0,570,Business Expansion,417000.0,12,14.82,37602.0,0,0,2025-04-21,0.77,1
APP101485,40,Female,Delhi,Business Owner,,614,Business Expansion,624000.0,84,13.66,11577.0,0,3,2025-09-23,0.96,0
APP102254,52,Male,Telangana,Business Owner,12000.0,730,Home Renovation,128000.0,12,10.13,11261.0,1,0,2024-06-12,1.88,1
APP101023,33,Male,Punjab,Salaried,43100.0,668,Education,20000.0,24,13.35,954.0,1,2,2025-05-09,0.04,0
APP100243,55,Male,Uttar Pradesh,Self-Employed,27500.0,577,Education,20000.0,36,13.87,682.0,2,1,2024-11-30,0.07,1
APP105738,38,Male,Punjab,Salaried,42000.0,511,Personal,311000.0,36,15.0,10781.0,0,1,2025-10-25,0.26,1
APP102464,38,Male,Gujarat,Salaried,39000.0,794,Personal,598000.0,36,11.74,19788.0,2,1,2024-03-07,1.52,1
APP101246,37,Female,Tamil Nadu,Salaried,50200.0,731,Education,222000.0,84,10.09,3696.0,0,1,2024-04-03,0.07,0
APP103601,37,Male,Karnataka,Self-Employed,49100.0,488,Vehicle,158000.0,36,14.36,5428.0,1,1,2024-05-05,0.22,1
APP102434,55,Male,Tamil Nadu,Self-Employed,88400.0,819,Education,366000.0,12,11.36,32409.0,0,2,2025-10-16,0.37,1
APP101283,59,Male,West Bengal,Self-Employed,,656,Education,541000.0,36,14.21,18545.0,2,1,2024-11-27,4.64,1
APP105378,48,Female,Maharashtra,Salaried,69800.0,810,Business Expansion,338000.0,24,11.34,15807.0,1,0,2025-04-08,0.45,0
APP103273,57,Male,Rajasthan,Business Owner,61600.0,756,Vehicle,102000.0,24,12.52,4826.0,0,1,2024-12-27,0.08,0
APP103841,38,Male,Karnataka,Salaried,53200.0,613,Home Renovation,221000.0,60,13.82,5122.0,1,1,2024-01-17,0.19,0
APP102536,41,Female,Telangana,Salaried,78300.0,737,Vehicle,364000.0,60,13.54,8383.0,2,3,2024-02-01,0.32,0
APP105439,58,Male,Gujarat,Salaried,32000.0,700,Vehicle,508000.0,36,14.45,17473.0,1,0,2025-09-25,1.09,0
APP105958,22,Male,Karnataka,Salaried,50200.0,541,Education,156000.0,24,14.81,7550.0,0,1,2024-08-31,0.15,1
APP104021,35,Male,Telangana,Self-Employed,39500.0,830,Home Renovation,20000.0,60,10.41,429.0,0,1,2024-11-29,0.01,1
APP102785,58,Male,Karnataka,Business Owner,95600.0,588,Personal,258000.0,48,14.44,7107.0,1,0,2025-07-08,0.15,0
APP100788,26,Male,Rajasthan,Self-Employed,36600.0,664,Education,386000.0,36,12.3,12876.0,0,1,2024-11-20,0.35,0
APP104913,31,Male,Delhi,Business Owner,41400.0,738,Education,165000.0,60,11.65,3641.0,0,2,2024-07-21,0.09,0
APP102667,24,Male,West Bengal,Salaried,55200.0,783,Education,547000.0,24,12.66,25918.0,0,2,2024-11-12,0.47,1
APP103953,44,Male,Telangana,Salaried,56700.0,730,Business Expansion,23000.0,48,11.45,599.0,1,1,2025-12-24,0.02,0
APP100019,22,Female,Telangana,Business Owner,52500.0,660,Vehicle,209000.0,24,13.21,9957.0,1,0,2024-02-26,0.38,0
APP100746,46,Male,Tamil Nadu,Salaried,48900.0,812,Vehicle,247000.0,24,10.13,11413.0,1,1,2025-02-27,0.47,0
APP105211,21,Female,Rajasthan,Business Owner,106500.0,600,Personal,20000.0,12,13.99,1796.0,1,1,2025-11-19,0.03,0
APP104988,56,Female,Tamil Nadu,Self-Employed,20700.0,612,Vehicle,527000.0,12,14.08,47338.0,0,0,2024-01-12,2.29,1
APP105107,26,Male,Karnataka,Salaried,37600.0,547,Medical,486000.0,36,15.52,16971.0,0,1,2025-06-13,0.45,0
APP105793,49,Female,Karnataka,Business Owner,79900.0,668,Medical,291000.0,84,14.26,5495.0,1,2,2024-01-04,0.14,0
APP104126,51,Female,Gujarat,Salaried,43300.0,730,Business Expansion,322000.0,60,11.01,7003.0,1,1,2024-06-16,0.32,0
APP102838,43,Female,Karnataka,Salaried,35400.0,688,Vehicle,270000.0,60,12.32,6050.0,0,0,2024-01-20,0.17,0
APP104770,27,Female,Tamil Nadu,Salaried,53500.0,830,Home Renovation,303000.0,24,11.17,14146.0,1,2,2024-10-18,0.53,0
APP104133,51,Male,Karnataka,Salaried,58000.0,695,Personal,355000.0,36,13.92,12119.0,0,1,2024-11-06,0.21,0
APP105959,53,Male,Maharashtra,Self-Employed,24100.0,629,Education,195000.0,12,13.54,17466.0,0,3,2025-05-01,0.72,0
APP102338,37,Male,Telangana,Salaried,43900.0,589,Vehicle,395000.0,60,13.58,9105.0,1,1,2024-10-18,0.41,1
APP104458,51,Female,Maharashtra,Salaried,48500.0,746,Education,220000.0,36,12.04,7311.0,0,0,2024-03-23,0.15,0
APP105242,23,Male,Maharashtra,Salaried,55500.0,685,Vehicle,440000.0,36,13.53,14938.0,1,4,2025-01-19,0.54,0
APP105512,55,Female,West Bengal,Salaried,53300.0,597,Personal,367000.0,48,14.33,10090.0,1,0,2024-02-04,0.38,0
APP101130,43,Female,Uttar Pradesh,Salaried,53200.0,524,Vehicle,38000.0,12,15.95,3447.0,0,2,2024-08-15,0.06,0
APP100444,46,Male,Maharashtra,Salaried,44700.0,588,Personal,290000.0,60,14.9,6884.0,1,1,2025-04-07,0.31,1
APP100640,39,Male,Delhi,Salaried,57200.0,741,Medical,233000.0,84,12.5,4176.0,2,1,2025-09-05,0.22,0
APP103609,23,Male,Maharashtra,Salaried,62300.0,765,Medical,159000.0,60,11.77,3518.0,0,1,2024-11-14,0.06,0
APP101528,28,Male,Gujarat,Salaried,45700.0,731,Vehicle,86000.0,12,12.65,7667.0,0,1,2025-02-12,0.17,0
APP102922,21,Male,Rajasthan,Salaried,63000.0,740,Vehicle,238000.0,36,13.58,8086.0,0,0,2024-05-17,0.13,0
APP103201,37,Female,West Bengal,Business Owner,75700.0,507,Personal,461000.0,12,14.9,41587.0,1,2,2024-11-18,1.1,0
APP102600,24,Male,Rajasthan,Self-Employed,66900.0,683,Home Renovation,236000.0,36,13.57,8017.0,2,2,2025-04-26,0.36,0
APP100459,55,Female,Maharashtra,Business Owner,12900.0,668,Vehicle,378000.0,60,12.37,8479.0,2,1,2025-09-15,1.97,1
APP104033,49,Female,Gujarat,Self-Employed,52100.0,622,Business Expansion,234000.0,36,14.67,8074.0,0,0,2025-01-18,0.15,0
APP102575,23,Male,Karnataka,Business Owner,87600.0,754,Home Renovation,238000.0,36,11.97,7902.0,0,1,2025-10-18,0.09,0
APP100415,22,Female,Delhi,Salaried,51700.0,680,Vehicle,359000.0,60,13.61,8281.0,3,0,2024-03-24,0.64,0
APP101580,26,Male,Telangana,Salaried,30100.0,676,Personal,232000.0,48,12.3,6144.0,1,1,2025-07-11,0.41,0
APP105854,34,Male,Maharashtra,Self-Employed,26400.0,581,Personal,570000.0,12,14.61,51342.0,0,1,2024-05-23,1.94,0
APP100129,49,Male,West Bengal,Salaried,37800.0,664,Education,214000.0,36,12.73,7183.0,1,1,2024-10-08,0.38,0
APP104536,40,Male,Rajasthan,Salaried,68600.0,730,Business Expansion,348000.0,24,11.99,16380.0,0,0,2024-12-04,0.24,0
APP100183,24,Female,Delhi,Business Owner,74800.0,626,Vehicle,322000.0,60,13.34,7383.0,0,2,2024-10-21,0.1,0
APP105812,54,Male,Tamil Nadu,Salaried,60200.0,659,Home Renovation,108000.0,36,11.23,3548.0,1,1,2024-12-21,0.12,0
APP100587,46,Male,Telangana,Salaried,24100.0,786,Business Expansion,61000.0,24,10.51,2829.0,2,1,2025-04-16,0.35,0
APP100625,21,Male,Telangana,Self-Employed,52900.0,594,Business Expansion,520000.0,36,14.03,17780.0,0,0,2025-09-10,0.34,1
APP105027,33,Female,Gujarat,Self-Employed,45000.0,713,Business Expansion,200000.0,24,12.46,9458.0,0,1,2025-08-28,0.21,0
APP101905,45,Female,Punjab,Business Owner,51300.0,672,Business Expansion,321000.0,36,11.15,10532.0,0,1,2024-12-01,0.21,0
APP101076,24,Female,Maharashtra,Self-Employed,46600.0,498,Vehicle,211000.0,12,15.46,19090.0,0,2,2024-10-12,0.41,0
APP103655,27,Male,Tamil Nadu,Salaried,19500.0,718,Vehicle,24000.0,12,13.11,2145.0,4,2,2025-07-21,0.55,0
APP100735,42,Female,Maharashtra,Salaried,38500.0,575,Personal,169000.0,24,15.59,8242.0,1,0,2024-09-18,0.43,0
APP102503,48,Female,Karnataka,Salaried,75500.0,633,Vehicle,247000.0,60,14.51,5813.0,0,2,2025-06-10,0.08,0
APP104375,28,Male,West Bengal,Salaried,27800.0,597,Vehicle,22000.0,36,14.08,753.0,0,1,2025-02-02,0.03,0
APP104134,35,Female,Gujarat,Self-Employed,12000.0,619,Medical,249000.0,60,14.54,5864.0,1,1,2024-10-15,0.98,0
APP105656,54,Female,Gujarat,Salaried,61600.0,804,Personal,171000.0,36,10.23,5536.0,1,3,2024-06-04,0.18,0
APP103900,36,Male,Tamil Nadu,Salaried,,638,Home Renovation,183000.0,36,12.24,6099.0,2,1,2025-07-23,0.34,0
APP103343,52,Male,Uttar Pradesh,Salaried,66100.0,705,Education,147000.0,36,14.67,5072.0,0,4,2025-09-22,0.08,0
APP103903,42,Female,Delhi,Salaried,58200.0,714,Vehicle,394000.0,60,12.13,8790.0,1,1,2024-10-13,0.3,0
APP101984,49,Male,Delhi,Self-Employed,62800.0,806,Education,389000.0,60,10.84,8427.0,0,2,2025-12-29,0.13,0
APP100336,52,Male,Maharashtra,Salaried,51900.0,631,Education,234000.0,60,15.35,5610.0,0,2,2024-10-18,0.11,0
APP103278,37,Male,West Bengal,Salaried,39400.0,766,Home Renovation,440000.0,48,10.98,11368.0,2,0,2024-07-16,0.87,0
APP102247,47,Male,Delhi,Business Owner,18700.0,697,Medical,515000.0,24,12.28,24310.0,0,2,2025-08-05,1.3,0
APP102366,27,Male,West Bengal,Business Owner,12000.0,664,Personal,364000.0,12,13.38,32576.0,0,1,2024-11-01,2.71,1
APP100279,53,Male,Delhi,Self-Employed,51800.0,703,Vehicle,269000.0,60,12.76,6088.0,0,1,2025-07-25,0.12,0
APP101209,37,Male,Tamil Nadu,Self-Employed,12000.0,704,Personal,53000.0,36,11.41,1745.0,0,0,2025-09-24,0.15,0
APP103865,41,Female,Uttar Pradesh,Salaried,54900.0,583,Home Renovation,334000.0,48,15.28,9343.0,0,4,2024-01-25,0.17,1
APP103725,42,Male,Karnataka,Self-Employed,42800.0,650,Business Expansion,132000.0,84,14.91,2541.0,0,1,2025-02-26,0.06,0
APP100876,57,Male,Maharashtra,Salaried,12000.0,618,Education,364000.0,48,14.89,10110.0,2,0,2025-09-19,2.53,1
APP104543,22,Male,Telangana,Salaried,48600.0,718,Personal,93000.0,84,12.74,1679.0,1,2,2025-11-15,0.07,0
APP105649,54,Male,Maharashtra,Self-Employed,62900.0,685,Business Expansion,20000.0,84,10.49,337.0,2,1,2024-05-21,0.02,0
APP104093,26,Female,Maharashtra,Salaried,27800.0,812,Medical,136000.0,24,12.58,6439.0,2,3,2024-01-14,0.69,0
APP103023,52,Male,Karnataka,Salaried,27700.0,619,Medical,240000.0,24,13.41,11456.0,0,1,2024-04-09,0.41,1
APP100138,48,Male,Gujarat,Business Owner,95400.0,751,Personal,577000.0,36,12.75,19372.0,1,0,2025-01-09,0.41,0
APP102646,25,Male,West Bengal,Salaried,54200.0,707,Home Renovation,430000.0,12,11.68,38141.0,0,1,2025-11-03,0.7,1
APP100504,55,Female,Tamil Nadu,Salaried,45100.0,569,Education,257000.0,12,14.82,23175.0,2,1,2024-12-24,1.54,1
APP103566,36,Male,Maharashtra,Self-Employed,48200.0,603,Medical,446000.0,24,14.6,21540.0,4,3,2024-11-26,2.23,1
APP102271,55,Female,Karnataka,Self-Employed,12900.0,637,Personal,182000.0,12,14.82,16412.0,1,0,2024-05-10,2.54,1
APP102242,45,Male,Karnataka,Self-Employed,41900.0,754,Vehicle,20000.0,36,11.79,662.0,2,3,2024-09-08,0.05,1
APP101132,31,Female,Karnataka,Self-Employed,12000.0,783,Business Expansion,348000.0,60,11.49,7652.0,1,2,2025-05-09,1.28,0
APP100913,50,Male,Karnataka,Salaried,40700.0,561,Vehicle,520000.0,12,15.81,47133.0,0,0,2024-02-21,1.16,1
APP102494,32,Male,West Bengal,Self-Employed,76700.0,722,Medical,205000.0,24,13.69,9813.0,0,2,2025-11-28,0.13,1
APP103935,44,Male,West Bengal,Business Owner,31500.0,611,Personal,250000.0,36,12.6,8375.0,0,1,2025-09-19,0.27,0
APP100120,52,Male,Uttar Pradesh,Business Owner,77400.0,589,Education,241000.0,36,16.62,8547.0,0,2,2024-01-15,0.11,0
APP100387,25,Male,Maharashtra,Salaried,50900.0,811,Vehicle,82000.0,24,10.42,3800.0,0,1,2024-12-26,0.07,0
APP104082,47,Male,West Bengal,Salaried,30300.0,710,Personal,67000.0,24,12.59,3172.0,0,1,2024-03-14,0.1,0
APP103785,55,Female,Tamil Nadu,Salaried,36900.0,762,Personal,266000.0,36,12.79,8936.0,1,0,2025-03-04,0.48,0
APP104115,33,Male,Karnataka,Salaried,27300.0,759,Home Renovation,341000.0,84,10.47,5744.0,0,1,2024-07-09,0.21,0
APP102082,54,Male,Tamil Nadu,Salaried,41700.0,726,Personal,104000.0,60,12.29,2329.0,1,1,2024-12-08,0.11,1
APP101320,26,Male,Maharashtra,Salaried,15300.0,636,Business Expansion,159000.0,84,14.31,3007.0,0,1,2025-02-23,0.2,0
APP104664,52,Female,Uttar Pradesh,Salaried,63300.0,550,Personal,397000.0,60,15.21,9488.0,0,0,2024-02-17,0.15,0
APP102943,50,Male,Uttar Pradesh,Self-Employed,53600.0,852,Business Expansion,269000.0,24,9.69,12375.0,0,2,2025-11-24,0.23,0
APP102457,51,Male,Delhi,Salaried,31800.0,828,Business Expansion,53000.0,84,11.78,929.0,0,0,2024-03-29,0.03,0
APP105979,49,Male,Maharashtra,Salaried,46300.0,611,Medical,269000.0,48,14.25,7385.0,0,1,2025-11-07,0.16,0
APP102675,32,Male,Uttar Pradesh,Self-Employed,,558,Home Renovation,89000.0,84,14.43,1689.0,0,2,2025-04-15,0.04,0
APP102079,54,Male,Punjab,Salaried,32200.0,601,Personal,257000.0,24,15.2,12486.0,1,0,2025-01-31,0.78,1
APP105145,50,Male,Rajasthan,Business Owner,76400.0,635,Home Renovation,476000.0,36,12.03,15817.0,0,0,2025-08-02,0.21,0
APP101350,32,Male,Punjab,Salaried,37500.0,678,Personal,141000.0,24,13.17,6715.0,0,0,2025-07-11,0.18,0
APP102623,22,Female,Telangana,Salaried,65200.0,574,Vehicle,398000.0,36,15.31,13857.0,0,1,2025-05-15,0.21,1
APP102172,38,Male,Delhi,Self-Employed,21600.0,729,Home Renovation,333000.0,24,12.23,15711.0,0,0,2024-03-01,0.73,0
APP100147,21,Male,Telangana,Salaried,44000.0,753,Personal,155000.0,60,11.3,3393.0,0,0,2025-02-15,0.08,0
APP103384,34,Male,Delhi,Self-Employed,38200.0,704,Personal,182000.0,24,13.93,8732.0,0,0,2025-09-29,0.23,0
APP105688,59,Male,Maharashtra,Salaried,57300.0,605,Personal,446000.0,24,14.36,21490.0,0,1,2025-08-15,0.38,0
APP104377,34,Female,Tamil Nadu,Self-Employed,34900.0,613,Medical,472000.0,36,13.54,16027.0,3,3,2024-09-08,1.84,0
APP103795,39,Male,Telangana,Salaried,47700.0,777,Vehicle,97000.0,36,12.09,3226.0,1,0,2025-02-22,0.14,0
APP105800,36,Male,Gujarat,Salaried,53300.0,665,Personal,168000.0,12,13.15,15017.0,1,0,2025-06-12,0.56,0
APP102578,58,Male,Gujarat,Salaried,56100.0,488,Vehicle,165000.0,12,15.43,14926.0,0,1,2025-05-09,0.27,1
APP100035,38,Female,Maharashtra,Business Owner,51400.0,809,Home Renovation,408000.0,24,10.05,18837.0,1,0,2025-05-19,0.73,0
APP100631,51,Male,Delhi,Salaried,49400.0,666,Personal,294000.0,24,11.95,13833.0,0,2,2024-04-07,0.28,0
APP105672,57,Female,Delhi,Self-Employed,27100.0,712,Vehicle,327000.0,24,12.64,15491.0,1,3,2025-08-29,1.14,1
APP104980,56,Male,West Bengal,Self-Employed,34200.0,716,Medical,208000.0,24,12.02,9793.0,0,2,2025-11-18,0.29,0
APP105330,45,Female,Uttar Pradesh,Self-Employed,58100.0,788,Home Renovation,218000.0,36,12.18,7259.0,0,1,2025-06-22,0.12,1
APP100728,46,Male,Telangana,Self-Employed,43300.0,806,Medical,258000.0,36,11.49,8507.0,1,2,2025-03-29,0.39,1
APP104465,43,Male,Tamil Nadu,Salaried,54300.0,783,Medical,230000.0,24,11.83,10809.0,1,3,2025-11-24,0.4,0
APP102297,47,Male,Maharashtra,Salaried,,760,Home Renovation,334000.0,48,10.47,8547.0,2,2,2024-05-17,0.87,1
APP102544,22,Male,West Bengal,Self-Employed,,694,Personal,158000.0,24,13.86,7576.0,3,3,2025-04-23,0.83,0
APP101729,45,Female,Telangana,Salaried,27800.0,736,Personal,233000.0,36,12.11,7751.0,0,1,2024-05-31,0.28,0
APP105652,52,Male,Rajasthan,Business Owner,15000.0,728,Education,548000.0,24,11.59,25691.0,0,0,2024-07-31,1.71,0
APP100453,56,Female,Punjab,Salaried,59000.0,590,Home Renovation,405000.0,36,15.39,14117.0,0,5,2024-10-04,0.24,0
APP104015,50,Male,West Bengal,Business Owner,88800.0,628,Education,305000.0,12,13.34,27290.0,1,2,2024-04-10,0.61,1
APP103866,27,Male,Tamil Nadu,Salaried,38400.0,645,Home Renovation,138000.0,48,13.33,3725.0,2,0,2025-10-21,0.29,0
APP100931,33,Female,Maharashtra,Salaried,20500.0,593,Medical,195000.0,12,13.42,17455.0,1,3,2024-06-18,1.7,1
APP105314,44,Female,Tamil Nadu,Salaried,47100.0,861,Education,253000.0,24,10.24,11703.0,0,2,2025-10-06,0.25,0
APP101058,28,Male,Gujarat,Self-Employed,52100.0,605,Business Expansion,483000.0,36,12.67,16198.0,0,1,2024-06-05,0.31,1
APP105908,44,Male,Tamil Nadu,Self-Employed,38300.0,668,Personal,38000.0,48,13.08,1021.0,2,0,2025-08-18,0.08,1
APP101463,37,Female,Telangana,Salaried,65300.0,755,Vehicle,83000.0,24,12.76,3937.0,0,2,2025-12-19,0.06,0
APP104382,32,Male,Tamil Nadu,Self-Employed,41700.0,515,Vehicle,299000.0,36,14.7,10321.0,0,2,2025-07-08,0.25,1
APP102973,42,Female,Maharashtra,Business Owner,47600.0,788,Personal,180000.0,12,11.02,15910.0,0,1,2025-05-25,0.33,0
APP103541,26,Male,Telangana,Salaried,54500.0,751,Vehicle,361000.0,48,12.41,9579.0,1,1,2025-05-23,0.35,0
APP103390,50,Male,Rajasthan,Salaried,40600.0,594,Business Expansion,248000.0,12,13.44,22202.0,0,2,2024-01-15,0.55,1
APP102661,29,Male,Karnataka,Salaried,36200.0,614,Medical,575000.0,12,14.99,51896.0,1,2,2025-09-09,2.87,1
APP103300,32,Female,Delhi,Salaried,49800.0,701,Personal,150000.0,36,10.79,4896.0,2,3,2025-06-19,0.29,1
APP103580,30,Male,Uttar Pradesh,Business Owner,88500.0,634,Home Renovation,161000.0,12,15.12,14541.0,1,0,2024-05-26,0.33,1
APP103218,24,Female,Punjab,Salaried,48200.0,715,Personal,256000.0,36,12.61,8578.0,1,0,2025-10-27,0.36,0
APP104519,46,Male,Delhi,Self-Employed,69700.0,763,Education,241000.0,24,13.18,11478.0,1,1,2024-09-26,0.33,1
APP101754,46,Male,Telangana,Self-Employed,34800.0,601,Vehicle,20000.0,24,14.74,967.0,1,1,2024-02-07,0.06,0
APP100448,31,Male,Delhi,Salaried,84600.0,669,Medical,265000.0,24,13.79,12697.0,3,1,2025-02-09,0.6,0
APP100207,52,Female,Uttar Pradesh,Salaried,25200.0,732,Vehicle,251000.0,84,11.78,4401.0,1,2,2025-10-04,0.35,0
APP103649,24,Male,West Bengal,Salaried,61800.0,758,Education,225000.0,36,12.5,7527.0,2,0,2024-01-21,0.37,0
APP101915,41,Female,Maharashtra,Self-Employed,58000.0,593,Medical,134000.0,48,13.91,3656.0,2,3,2024-03-12,0.19,1
APP101749,46,Male,West Bengal,Salaried,69800.0,727,Personal,462000.0,12,12.84,41230.0,0,0,2025-03-25,0.59,0
APP100981,46,Male,Punjab,Self-Employed,45700.0,743,Medical,451000.0,12,11.18,39898.0,1,1,2025-07-04,1.75,1
APP104749,25,Male,Delhi,Salaried,46400.0,729,Home Renovation,352000.0,84,10.38,5913.0,1,3,2025-01-04,0.25,0
APP101759,45,Female,Gujarat,Salaried,52300.0,622,Home Renovation,244000.0,36,12.49,8162.0,1,3,2024-06-20,0.31,0
APP101450,49,Male,Delhi,Business Owner,92800.0,576,Medical,112000.0,36,13.6,3806.0,3,0,2024-07-26,0.16,1
APP100932,51,Male,Punjab,Salaried,34800.0,814,Personal,401000.0,60,10.52,8623.0,0,0,2024-08-31,0.25,0
APP103789,35,Male,West Bengal,Self-Employed,71900.0,799,Business Expansion,406000.0,12,12.19,36109.0,1,3,2024-05-05,1.0,0
APP100085,55,Male,Punjab,Salaried,68900.0,642,Medical,186000.0,60,13.43,4273.0,0,4,2025-10-27,0.06,0
APP103331,49,Female,Maharashtra,Self-Employed,89900.0,783,Personal,321000.0,36,10.96,10503.0,1,0,2025-05-26,0.23,1
APP103705,26,Male,Karnataka,Self-Employed,40700.0,686,Home Renovation,289000.0,48,12.7,7710.0,1,2,2025-10-04,0.38,1
APP104321,35,Male,Delhi,Business Owner,36900.0,564,Medical,186000.0,84,13.2,3404.0,1,1,2024-01-06,0.18,0
APP105593,23,Male,West Bengal,Business Owner,20600.0,685,Vehicle,154000.0,60,13.05,3508.0,1,4,2024-02-03,0.34,0
APP103763,56,Male,Karnataka,Salaried,74600.0,609,Vehicle,110000.0,24,14.79,5323.0,0,1,2024-04-04,0.07,0
APP103235,55,Female,Rajasthan,Business Owner,35400.0,739,Medical,430000.0,12,12.49,38304.0,0,3,2024-05-12,1.08,1
APP101707,48,Female,Delhi,Business Owner,106900.0,766,Personal,281000.0,12,12.38,25016.0,0,1,2025-10-12,0.23,0
APP100800,44,Female,Maharashtra,Self-Employed,56400.0,647,Personal,238000.0,60,14.03,5542.0,1,2,2025-03-30,0.2,1
APP103177,58,Male,Uttar Pradesh,Business Owner,59000.0,697,Vehicle,215000.0,12,12.35,19138.0,1,1,2025-02-16,0.65,0
APP102768,49,Male,Rajasthan,Self-Employed,39200.0,568,Vehicle,120000.0,48,13.4,3243.0,1,0,2024-10-29,0.17,1
APP102904,23,Female,Telangana,Salaried,53400.0,774,Vehicle,306000.0,12,11.87,27169.0,2,1,2025-10-10,1.53,1
APP101310,45,Male,Delhi,Self-Employed,33700.0,690,Business Expansion,319000.0,36,11.96,10589.0,1,1,2024-06-21,0.63,0
APP103909,52,Male,Uttar Pradesh,Business Owner,84500.0,799,Personal,73000.0,60,11.3,1598.0,3,1,2024-08-11,0.08,0
APP104380,30,Female,Uttar Pradesh,Self-Employed,16700.0,645,Personal,240000.0,24,14.35,11563.0,1,1,2024-01-12,1.38,1
APP105603,52,Male,Telangana,Salaried,45700.0,602,Vehicle,274000.0,36,13.42,9288.0,3,2,2024-03-30,0.81,1
APP104410,33,Male,Karnataka,Business Owner,40600.0,587,Vehicle,23000.0,36,13.47,780.0,0,1,2024-02-16,0.02,0
APP103283,45,Male,Tamil Nadu,Self-Employed,57900.0,642,Medical,259000.0,12,12.12,23026.0,2,0,2025-03-24,1.19,0
APP102559,28,Female,Gujarat,Business Owner,39900.0,818,Vehicle,136000.0,36,10.34,4410.0,2,1,2025-11-12,0.33,0
APP101535,50,Male,Delhi,Self-Employed,38200.0,780,Education,438000.0,12,11.63,38840.0,2,1,2025-08-21,3.05,1
APP102244,41,Male,Telangana,Salaried,,581,Personal,20000.0,36,15.02,694.0,0,1,2025-12-12,0.02,1
APP104580,22,Female,Rajasthan,Self-Employed,30300.0,797,Personal,300000.0,24,10.44,13904.0,1,3,2024-09-25,0.92,0
APP102708,29,Female,Telangana,Salaried,40900.0,647,Personal,424000.0,36,12.09,14101.0,1,2,2024-05-09,0.69,0
APP103732,47,Female,Maharashtra,Salaried,39500.0,715,Business Expansion,269000.0,48,11.84,7063.0,0,2,2024-06-03,0.18,0
APP100723,41,Female,West Bengal,Business Owner,54500.0,830,Home Renovation,377000.0,60,11.8,8348.0,0,4,2025-02-10,0.15,0
APP102193,35,Female,Gujarat,Self-Employed,36200.0,674,Personal,266000.0,12,13.19,23782.0,0,0,2024-04-26,0.66,1
APP102703,43,Female,Maharashtra,Self-Employed,26200.0,666,Home Renovation,146000.0,84,12.15,2589.0,1,0,2025-01-19,0.2,0
APP104551,53,Male,Maharashtra,Salaried,66500.0,785,Home Renovation,193000.0,24,11.99,9084.0,0,1,2024-11-21,0.14,1
APP101974,37,Male,West Bengal,Business Owner,,461,Home Renovation,386000.0,12,13.81,34623.0,2,1,2024-08-10,1.69,1
APP103817,33,Male,West Bengal,Salaried,64500.0,728,Vehicle,327000.0,84,13.16,5977.0,0,0,2025-06-09,0.09,0
APP102408,29,Male,Punjab,Self-Employed,70700.0,552,Education,521000.0,36,14.18,17852.0,1,1,2025-02-11,0.51,0
APP102460,26,Female,Delhi,Self-Employed,33400.0,690,Home Renovation,115000.0,60,13.12,2624.0,2,3,2025-07-22,0.24,0
APP103055,36,Male,Uttar Pradesh,Salaried,51700.0,799,Vehicle,148000.0,36,9.98,4774.0,0,1,2024-09-02,0.09,0
APP101391,51,Male,West Bengal,Salaried,52800.0,692,Home Renovation,501000.0,60,11.95,11132.0,1,1,2025-03-20,0.42,0
APP100314,53,Female,Maharashtra,Self-Employed,24800.0,689,Personal,171000.0,12,13.47,15311.0,1,0,2024-12-08,1.23,1
APP101549,32,Female,Tamil Nadu,Salaried,31000.0,647,Personal,381000.0,60,14.23,8911.0,0,3,2025-08-24,0.29,0
APP105527,43,Male,Delhi,Business Owner,12200.0,818,Home Renovation,96000.0,36,10.59,3124.0,0,3,2025-08-21,0.26,0
APP103279,56,Female,Tamil Nadu,Self-Employed,52900.0,785,Personal,282000.0,36,12.43,9424.0,0,3,2025-11-14,0.18,0
APP102086,24,Male,Uttar Pradesh,Business Owner,77000.0,600,Vehicle,296000.0,36,15.2,10290.0,1,1,2025-12-30,0.27,0
APP101341,54,Male,Uttar Pradesh,Salaried,42900.0,870,Personal,277000.0,24,11.38,12959.0,1,0,2025-08-07,0.6,0
APP100004,41,Female,Uttar Pradesh,Business Owner,,575,Home Renovation,107000.0,24,14.48,5162.0,0,0,2025-07-20,0.08,0
APP100766,37,Female,Uttar Pradesh,Salaried,47700.0,537,Medical,287000.0,48,14.68,7941.0,0,0,2025-10-13,0.17,0
APP101193,57,Male,Gujarat,Self-Employed,30700.0,657,Medical,342000.0,48,13.82,9315.0,0,0,2024-04-26,0.3,0
APP103805,31,Female,Rajasthan,Self-Employed,50300.0,531,Business Expansion,103000.0,84,15.85,2037.0,0,1,2025-08-07,0.04,0
APP105230,50,Male,West Bengal,Salaried,46200.0,770,Medical,390000.0,36,11.89,12933.0,1,1,2025-08-22,0.56,0
APP102720,29,Female,Rajasthan,Salaried,43600.0,512,Personal,369000.0,48,15.35,10335.0,1,2,2024-09-14,0.47,1
APP100622,53,Male,Telangana,Self-Employed,48000.0,684,Business Expansion,393000.0,84,13.31,7216.0,0,1,2025-09-24,0.15,0
APP100026,48,Female,Delhi,Salaried,43100.0,675,Education,181000.0,12,13.37,16198.0,1,0,2025-05-21,0.75,0
APP102502,54,Male,Uttar Pradesh,Business Owner,102300.0,761,Vehicle,299000.0,48,11.98,7871.0,1,3,2025-01-05,0.15,1
APP101328,38,Male,Uttar Pradesh,Business Owner,85100.0,632,Home Renovation,48000.0,36,12.09,1596.0,2,2,2025-06-08,0.06,0
APP105814,34,Female,Gujarat,Salaried,34300.0,724,Medical,504000.0,24,14.86,24404.0,1,1,2025-07-03,1.42,1
APP104340,55,Male,Maharashtra,Self-Employed,40600.0,798,Personal,70000.0,24,13.01,3328.0,1,0,2025-11-02,0.16,0
APP102762,46,Male,Delhi,Salaried,60300.0,618,Personal,368000.0,60,13.23,8417.0,0,1,2025-08-01,0.14,0
APP105522,22,Male,Karnataka,Salaried,33900.0,640,Medical,319000.0,36,12.46,10666.0,1,3,2024-07-29,0.63,0
APP103895,25,Male,West Bengal,Salaried,49900.0,768,Vehicle,173000.0,24,11.05,8067.0,0,2,2024-10-15,0.16,0
APP105186,34,Male,Tamil Nadu,Salaried,66200.0,771,Personal,311000.0,60,10.55,6692.0,1,2,2025-02-10,0.2,0
APP102222,25,Male,Delhi,Business Owner,,782,Education,362000.0,48,11.14,9381.0,1,2,2025-03-13,0.2,0
APP103673,48,Male,West Bengal,Salaried,31100.0,698,Home Renovation,188000.0,48,11.44,4899.0,2,3,2024-02-03,0.47,0
APP103251,56,Female,Uttar Pradesh,Salaried,36500.0,733,Education,163000.0,48,13.25,4393.0,1,0,2025-10-17,0.24,0
APP105425,51,Male,Tamil Nadu,Salaried,39000.0,544,Vehicle,345000.0,12,15.39,31203.0,5,0,2025-03-23,4.8,1
APP100130,56,Male,Punjab,Salaried,34500.0,752,Education,376000.0,24,11.61,17631.0,0,1,2025-05-31,0.51,0
APP104151,35,Female,Gujarat,Salaried,81300.0,539,Education,264000.0,60,15.94,6412.0,1,0,2024-02-07,0.16,1
APP104044,23,Male,Tamil Nadu,Salaried,31300.0,606,Personal,388000.0,24,14.26,18677.0,2,0,2024-06-16,1.79,1
APP102588,26,Male,West Bengal,Salaried,78100.0,702,Home Renovation,490000.0,36,13.32,16586.0,0,1,2024-12-13,0.21,1
APP104908,44,Male,Maharashtra,Self-Employed,36500.0,601,Personal,271000.0,24,14.89,13126.0,0,3,2025-11-02,0.36,0
APP102629,23,Female,Maharashtra,Self-Employed,58700.0,893,Home Renovation,201000.0,60,10.05,4276.0,1,2,2025-11-09,0.15,0
APP101873,59,Male,Tamil Nadu,Business Owner,61400.0,615,Home Renovation,333000.0,24,15.05,16154.0,0,0,2025-11-19,0.26,0
APP102945,23,Male,Tamil Nadu,Salaried,62900.0,557,Education,392000.0,24,13.52,18732.0,2,1,2024-01-14,0.89,1
APP102784,43,Male,Karnataka,Self-Employed,,733,Home Renovation,128000.0,84,13.57,2368.0,1,1,2024-12-07,0.19,1
APP103714,27,Male,Maharashtra,Salaried,35100.0,680,Home Renovation,443000.0,36,13.34,14999.0,0,0,2024-12-26,0.43,0
APP101874,33,Male,Maharashtra,Self-Employed,15900.0,631,Home Renovation,20000.0,48,13.59,542.0,0,1,2024-04-13,0.03,0
APP104000,22,Male,Uttar Pradesh,Salaried,60300.0,703,Medical,44000.0,36,11.55,1452.0,1,1,2025-03-04,0.05,0
APP101434,37,Female,Karnataka,Self-Employed,68400.0,722,Personal,435000.0,36,10.86,14213.0,1,1,2024-12-30,0.42,0
APP101640,54,Male,Telangana,Salaried,33600.0,656,Vehicle,30000.0,12,12.88,2678.0,1,1,2025-09-18,0.16,0
APP100383,42,Male,Karnataka,Self-Employed,39300.0,480,Education,44000.0,36,16.36,1555.0,1,0,2025-09-18,0.08,0
APP100512,37,Male,Delhi,Business Owner,74500.0,587,Business Expansion,555000.0,36,12.74,18631.0,0,0,2025-09-28,0.25,0
APP101675,48,Male,Delhi,Self-Employed,23400.0,654,Business Expansion,215000.0,60,11.68,4748.0,2,0,2025-01-17,0.61,1
APP101085,53,Female,West Bengal,Salaried,43500.0,633,Personal,185000.0,60,13.71,4277.0,0,2,2024-07-22,0.1,0
APP100699,22,Male,Uttar Pradesh,Salaried,56300.0,699,Vehicle,192000.0,12,11.35,17001.0,0,1,2025-12-10,0.3,1
APP102333,29,Male,Gujarat,Business Owner,62600.0,440,Home Renovation,253000.0,48,15.89,7156.0,2,1,2025-01-17,0.34,0
APP102717,56,Female,Gujarat,Salaried,62800.0,740,Business Expansion,359000.0,48,14.08,9825.0,0,2,2024-05-10,0.16,0
APP103451,42,Male,Punjab,Salaried,58800.0,555,Personal,87000.0,12,16.13,7899.0,2,2,2024-10-12,0.4,0
APP103076,27,Male,Delhi,Business Owner,59200.0,836,Home Renovation,145000.0,12,11.07,12820.0,3,1,2024-08-04,0.87,0
APP103030,43,Male,West Bengal,Salaried,61000.0,839,Home Renovation,406000.0,36,11.77,13440.0,0,1,2024-02-29,0.22,0
APP102406,31,Male,Gujarat,Salaried,37800.0,824,Vehicle,95000.0,48,10.33,2425.0,0,0,2025-08-30,0.06,0
APP101583,51,Male,Delhi,Salaried,52300.0,714,Business Expansion,171000.0,36,11.34,5626.0,1,0,2025-03-25,0.22,0
APP101498,38,Male,Maharashtra,Salaried,49500.0,752,Home Renovation,403000.0,24,11.51,18879.0,0,0,2024-03-11,0.38,0
APP100916,56,Male,Maharashtra,Salaried,46400.0,663,Vehicle,376000.0,48,12.55,10003.0,1,3,2025-06-04,0.43,0
APP102024,47,Male,Maharashtra,Salaried,38100.0,586,Home Renovation,233000.0,84,14.63,4448.0,0,3,2025-07-10,0.12,0
APP103414,38,Female,Maharashtra,Salaried,35800.0,880,Vehicle,305000.0,24,10.98,14213.0,2,0,2025-07-25,1.19,0
APP100760,35,Female,Maharashtra,Self-Employed,43700.0,749,Home Renovation,317000.0,36,12.65,10628.0,0,2,2025-01-22,0.24,0
APP100770,45,Male,Delhi,Salaried,60100.0,612,Education,341000.0,12,15.34,30833.0,0,0,2025-08-24,0.51,0
APP102685,47,Female,Uttar Pradesh,Salaried,38000.0,826,Education,285000.0,48,10.99,7365.0,0,0,2025-12-14,0.19,0
APP101335,33,Male,Telangana,Salaried,43300.0,703,Personal,392000.0,12,13.01,35014.0,1,0,2024-12-10,1.62,1
APP104266,44,Male,Tamil Nadu,Salaried,53000.0,850,Personal,242000.0,36,11.13,7938.0,1,2,2025-11-18,0.3,0
APP102204,33,Female,Rajasthan,Salaried,19200.0,702,Home Renovation,428000.0,84,12.82,7744.0,2,0,2025-09-24,1.21,0
APP104150,52,Female,Uttar Pradesh,Self-Employed,25300.0,647,Business Expansion,133000.0,24,15.58,6485.0,0,1,2024-11-11,0.26,0
APP101114,50,Male,Karnataka,Business Owner,45000.0,715,Education,112000.0,48,12.63,2984.0,2,1,2024-01-20,0.2,0
APP103398,31,Female,West Bengal,Salaried,47900.0,849,Medical,235000.0,48,11.41,6121.0,0,0,2024-01-04,0.13,0
APP100798,50,Male,Maharashtra,Self-Employed,58900.0,660,Personal,368000.0,36,12.53,12316.0,0,1,2024-08-19,0.21,0
APP104660,37,Male,Maharashtra,Business Owner,56500.0,827,Personal,307000.0,48,12.69,8189.0,0,0,2025-06-19,0.14,0
APP102039,32,Male,Karnataka,Salaried,32300.0,543,Vehicle,518000.0,12,14.94,46739.0,1,0,2025-07-29,2.89,1
APP104644,37,Male,Delhi,Business Owner,90500.0,711,Home Renovation,56000.0,24,11.06,2612.0,2,2,2024-06-19,0.09,1
APP102235,29,Female,Gujarat,Salaried,63300.0,742,Personal,179000.0,12,12.55,15950.0,1,2,2024-07-31,0.5,1
APP100680,54,Male,Rajasthan,Business Owner,48500.0,676,Business Expansion,112000.0,48,13.78,3048.0,0,0,2024-11-17,0.06,1
APP102744,57,Male,Maharashtra,Salaried,41100.0,555,Education,219000.0,24,15.43,10663.0,1,1,2025-10-28,0.52,1
APP103261,48,Male,Maharashtra,Self-Employed,64700.0,699,Business Expansion,198000.0,24,13.48,9458.0,3,2,2024-07-16,0.58,0
APP101661,34,Male,Gujarat,Business Owner,75900.0,541,Home Renovation,459000.0,36,14.18,15728.0,0,1,2024-12-09,0.21,0
APP100342,26,Male,Gujarat,Self-Employed,12000.0,872,Home Renovation,266000.0,12,10.29,23422.0,1,4,2024-07-09,3.9,1
APP105165,58,Male,Karnataka,Salaried,53300.0,596,Personal,365000.0,48,14.41,10049.0,3,0,2024-12-10,0.75,0
APP102898,55,Male,Karnataka,Salaried,54500.0,678,Home Renovation,80000.0,24,14.55,3862.0,0,0,2024-02-28,0.07,0
APP102474,31,Female,West Bengal,Salaried,72800.0,499,Home Renovation,510000.0,24,17.54,25348.0,0,2,2025-08-12,0.35,0
APP102431,24,Male,Punjab,Self-Employed,32000.0,645,Home Renovation,179000.0,48,12.33,4743.0,1,0,2025-12-26,0.3,0
APP100140,40,Female,Uttar Pradesh,Self-Employed,20400.0,505,Home Renovation,403000.0,24,15.92,19717.0,0,1,2024-01-29,0.97,1
APP101641,56,Female,Karnataka,Business Owner,12000.0,597,Medical,231000.0,48,14.9,6417.0,1,1,2024-12-15,1.07,1
APP102027,31,Female,Uttar Pradesh,Salaried,43100.0,628,Business Expansion,269000.0,12,14.31,24192.0,3,2,2024-09-23,2.25,0
APP102850,57,Male,Maharashtra,Self-Employed,33100.0,673,Vehicle,291000.0,24,12.76,13802.0,0,0,2025-08-12,0.42,0
APP100227,57,Female,Rajasthan,Salaried,70200.0,510,Vehicle,220000.0,60,15.35,5274.0,1,0,2024-11-14,0.15,0
APP102633,46,Male,Tamil Nadu,Salaried,39800.0,599,Vehicle,360000.0,36,13.99,12302.0,1,0,2025-04-10,0.62,1
APP101955,59,Male,Tamil Nadu,Salaried,27100.0,748,Vehicle,428000.0,60,11.89,9497.0,1,0,2024-11-22,0.7,0
APP102441,44,Male,Maharashtra,Self-Employed,62400.0,742,Personal,274000.0,60,13.29,6275.0,0,0,2025-04-26,0.1,0
APP105507,28,Male,Maharashtra,Salaried,34500.0,647,Home Renovation,160000.0,60,14.89,3797.0,0,1,2025-10-15,0.11,1
APP103274,58,Male,Tamil Nadu,Self-Employed,21800.0,586,Vehicle,250000.0,36,13.11,8437.0,0,0,2025-12-11,0.39,0
APP100163,32,Male,Delhi,Self-Employed,50700.0,693,Personal,191000.0,24,12.63,9047.0,0,1,2025-05-26,0.18,0
APP102386,50,Female,West Bengal,Self-Employed,36900.0,586,Personal,71000.0,36,14.91,2458.0,1,0,2025-03-17,0.13,0
APP103054,51,Male,Karnataka,Self-Employed,42800.0,669,Education,112000.0,24,11.96,5270.0,2,3,2025-09-24,0.37,0
APP102305,53,Male,West Bengal,Salaried,32600.0,777,Personal,300000.0,48,11.32,7800.0,0,0,2024-08-18,0.24,0
APP101731,59,Male,Tamil Nadu,Salaried,51800.0,624,Home Renovation,192000.0,36,12.79,6450.0,0,2,2024-10-23,0.12,0
APP103471,55,Male,Delhi,Salaried,24400.0,585,Home Renovation,108000.0,12,13.44,9669.0,1,3,2024-07-22,0.79,0
APP102530,41,Female,Uttar Pradesh,Self-Employed,12000.0,694,Education,384000.0,60,13.8,8895.0,1,0,2024-03-30,1.48,1
APP102276,38,Male,Uttar Pradesh,Business Owner,65100.0,731,Personal,327000.0,84,10.94,5589.0,3,1,2024-09-04,0.34,0
APP102796,39,Female,Gujarat,Salaried,31100.0,687,Education,234000.0,60,12.88,5310.0,1,0,2024-11-19,0.34,0
APP105687,41,Male,Gujarat,Salaried,39100.0,761,Medical,20000.0,48,12.16,528.0,1,0,2025-01-10,0.03,0
APP101649,23,Male,Maharashtra,Salaried,28400.0,694,Home Renovation,195000.0,36,11.65,6444.0,0,0,2025-03-03,0.23,1
APP100427,23,Male,West Bengal,Salaried,33000.0,900,Vehicle,20000.0,24,9.89,922.0,1,0,2024-08-08,0.06,0
APP105848,22,Female,Maharashtra,Salaried,22600.0,612,Business Expansion,388000.0,12,14.08,34852.0,2,1,2024-09-28,4.63,1
APP100449,49,Male,West Bengal,Salaried,48900.0,800,Personal,127000.0,36,11.54,4190.0,2,1,2024-04-16,0.26,0
APP102185,30,Male,Karnataka,Business Owner,52900.0,799,Vehicle,312000.0,36,11.14,10235.0,0,1,2025-01-18,0.19,0
APP103688,35,Male,Uttar Pradesh,Salaried,42400.0,719,Vehicle,85000.0,24,12.55,4023.0,0,2,2025-07-29,0.09,0
APP101757,47,Male,Rajasthan,Salaried,65700.0,581,Personal,281000.0,48,14.76,7786.0,1,2,2024-08-19,0.24,0
APP102968,24,Male,West Bengal,Self-Employed,49700.0,643,Personal,260000.0,48,11.45,6777.0,2,1,2025-10-11,0.41,0
APP100313,37,Male,Punjab,Salaried,45300.0,789,Business Expansion,219000.0,48,11.07,5668.0,1,1,2024-10-28,0.25,1
APP104699,49,Female,Uttar Pradesh,Salaried,36500.0,705,Business Expansion,201000.0,24,12.66,9524.0,0,1,2025-11-26,0.26,0
APP101876,27,Male,Karnataka,Business Owner,,651,Vehicle,612000.0,12,12.77,54596.0,0,0,2025-06-16,1.62,0
APP100369,54,Female,Rajasthan,Salaried,51700.0,774,Business Expansion,252000.0,36,10.8,8226.0,1,0,2024-04-27,0.32,0
APP103186,31,Male,Rajasthan,Salaried,29100.0,637,Medical,20000.0,48,13.05,537.0,1,1,2025-04-23,0.04,0
APP101576,31,Male,Maharashtra,Self-Employed,,764,Education,182000.0,60,13.31,4170.0,0,2,2024-07-01,0.06,0
APP103899,43,Female,Maharashtra,Business Owner,95200.0,787,Vehicle,318000.0,24,11.36,14874.0,0,2,2024-06-18,0.16,0
APP100664,43,Male,Telangana,Self-Employed,42000.0,805,Education,20000.0,24,12.42,945.0,1,0,2025-06-09,0.04,0
APP103557,33,Male,Tamil Nadu,Business Owner,72400.0,674,Personal,29000.0,24,12.5,1372.0,0,1,2024-03-22,0.02,1
APP103790,24,Male,Maharashtra,Self-Employed,24100.0,739,Education,159000.0,84,10.84,2709.0,0,2,2025-10-02,0.11,0
APP103366,44,Male,Punjab,Salaried,18700.0,714,Education,177000.0,60,11.14,3861.0,2,2,2025-12-29,0.62,1
APP102584,52,Male,Karnataka,Salaried,52800.0,602,Home Renovation,249000.0,48,15.05,6936.0,1,1,2024-01-01,0.26,0
APP103423,54,Female,Maharashtra,Salaried,63700.0,589,Personal,53000.0,24,15.68,2587.0,0,0,2024-06-01,0.04,1
APP102134,59,Male,West Bengal,Salaried,50600.0,664,Home Renovation,471000.0,24,12.26,22229.0,1,0,2024-02-03,0.88,0
APP102888,41,Male,Telangana,Self-Employed,35200.0,817,Medical,81000.0,36,10.55,2635.0,1,2,2025-02-17,0.15,0
APP104095,40,Male,Maharashtra,Self-Employed,30000.0,855,Medical,171000.0,12,11.17,15127.0,1,0,2024-01-05,1.01,0
APP104588,33,Male,Telangana,Salaried,65500.0,678,Personal,248000.0,36,11.84,8218.0,1,1,2024-11-12,0.25,0
APP104213,50,Male,West Bengal,Salaried,34000.0,604,Home Renovation,361000.0,24,15.22,17541.0,2,1,2025-03-24,1.55,1
APP100678,35,Female,Tamil Nadu,Self-Employed,13500.0,710,Personal,608000.0,24,14.08,29215.0,1,0,2025-02-14,4.33,0
APP100126,43,Male,Delhi,Business Owner,66000.0,900,Personal,237000.0,36,10.54,7708.0,0,1,2025-02-12,0.12,0
APP102215,51,Male,Gujarat,Business Owner,51400.0,644,Personal,278000.0,48,14.76,7703.0,1,2,2025-05-16,0.3,1
APP101670,22,Male,West Bengal,Self-Employed,12000.0,785,Home Renovation,307000.0,12,12.86,27400.0,0,1,2025-10-08,2.28,0
APP102857,59,Female,Gujarat,Salaried,67100.0,895,Personal,174000.0,24,11.8,8175.0,1,2,2024-03-05,0.24,0
APP102302,33,Female,Delhi,Business Owner,19900.0,786,Personal,264000.0,24,11.09,12316.0,2,0,2025-06-23,1.86,0
APP101900,44,Female,Uttar Pradesh,Salaried,44700.0,825,Business Expansion,137000.0,48,11.59,3580.0,0,0,2025-07-07,0.08,0
APP104931,36,Male,Delhi,Salaried,25800.0,697,Personal,83000.0,36,11.63,2742.0,3,2,2025-01-06,0.43,0
APP104866,29,Male,Gujarat,Business Owner,104100.0,676,Education,212000.0,12,13.37,18972.0,2,1,2025-11-03,0.55,0
APP104722,52,Male,Uttar Pradesh,Self-Employed,42400.0,733,Personal,183000.0,36,10.38,5938.0,0,2,2025-01-16,0.14,0
APP100370,52,Male,Tamil Nadu,Salaried,44800.0,757,Business Expansion,20000.0,24,12.4,945.0,0,0,2025-07-04,0.02,0
APP102837,47,Female,Tamil Nadu,Self-Employed,36700.0,659,Medical,176000.0,48,12.96,4718.0,0,1,2025-10-15,0.13,1
APP104554,35,Female,Rajasthan,Salaried,33100.0,650,Medical,237000.0,36,12.45,7923.0,0,2,2025-12-20,0.24,0
APP101272,38,Male,Maharashtra,Salaried,38500.0,879,Vehicle,355000.0,24,9.25,16259.0,1,1,2024-10-30,0.84,1
APP100285,48,Female,Delhi,Self-Employed,12000.0,603,Personal,153000.0,36,13.25,5174.0,1,0,2024-01-31,0.86,1
APP100095,54,Female,Maharashtra,Self-Employed,,620,Home Renovation,336000.0,12,15.1,30343.0,0,4,2025-07-01,0.43,0
APP101170,54,Female,Rajasthan,Business Owner,72000.0,669,Vehicle,432000.0,24,13.69,20678.0,1,1,2024-11-13,0.57,0
APP103084,57,Female,Uttar Pradesh,Salaried,28300.0,720,Business Expansion,355000.0,24,13.67,16989.0,0,2,2024-01-10,0.6,0
APP104096,57,Male,Uttar Pradesh,Self-Employed,14100.0,610,Personal,312000.0,48,13.6,8463.0,0,0,2025-08-02,0.6,0
APP101228,46,Female,Karnataka,Self-Employed,61100.0,846,Personal,20000.0,60,10.9,434.0,1,3,2025-03-22,0.01,0
APP104297,22,Male,Karnataka,Salaried,39200.0,731,Vehicle,377000.0,36,11.59,12448.0,1,1,2024-04-07,0.64,1
APP104878,52,Male,West Bengal,Self-Employed,12000.0,527,Vehicle,148000.0,24,14.02,7107.0,0,0,2025-05-12,0.59,1
APP100171,48,Male,West Bengal,Self-Employed,30800.0,632,Personal,269000.0,48,14.75,7452.0,1,0,2024-05-08,0.48,1
APP102466,24,Female,Punjab,Self-Employed,14400.0,756,Vehicle,470000.0,24,13.53,22462.0,2,0,2025-10-15,4.68,1
APP103621,38,Female,West Bengal,Salaried,53100.0,696,Vehicle,263000.0,60,14.46,6182.0,2,1,2024-04-18,0.35,0
APP101003,44,Female,Delhi,Salaried,54400.0,594,Education,314000.0,12,14.23,28227.0,0,2,2025-04-17,0.52,0
APP103818,23,Female,Gujarat,Self-Employed,13300.0,736,Education,511000.0,36,13.38,17311.0,3,1,2024-01-16,5.21,1
APP105403,43,Male,Tamil Nadu,Salaried,35000.0,497,Business Expansion,161000.0,12,15.37,14560.0,1,0,2025-05-21,0.83,1
APP101602,32,Male,Rajasthan,Salaried,68000.0,735,Medical,522000.0,36,14.14,17876.0,3,0,2024-01-31,1.05,1
APP103083,35,Female,Uttar Pradesh,Self-Employed,24600.0,576,Vehicle,256000.0,36,14.49,8811.0,1,0,2025-05-24,0.72,0
APP103199,32,Male,Karnataka,Salaried,60500.0,805,Medical,315000.0,60,11.2,6880.0,0,1,2024-08-26,0.11,0
APP100250,22,Male,Tamil Nadu,Salaried,46400.0,559,Education,135000.0,24,15.66,6588.0,0,0,2025-11-27,0.14,1
APP103797,37,Female,Tamil Nadu,Business Owner,92000.0,697,Medical,156000.0,36,12.66,5231.0,0,1,2025-05-22,0.06,1
APP103240,33,Male,Maharashtra,Salaried,34600.0,792,Personal,20000.0,36,12.8,672.0,1,2,2024-02-03,0.04,0
APP102746,53,Female,Karnataka,Salaried,57700.0,512,Personal,241000.0,36,15.23,8382.0,3,0,2025-07-14,0.58,1
APP100048,37,Male,Telangana,Salaried,34000.0,632,Education,20000.0,36,14.15,685.0,1,3,2025-11-06,0.04,0
APP100111,46,Male,Punjab,Salaried,32600.0,664,Business Expansion,510000.0,24,13.31,24321.0,2,0,2024-06-19,2.24,1
APP101778,51,Male,West Bengal,Salaried,82900.0,669,Home Renovation,173000.0,60,11.95,3844.0,0,3,2025-09-25,0.05,0
APP100950,40,Male,Rajasthan,Business Owner,22900.0,640,Personal,34000.0,36,12.86,1143.0,1,1,2025-01-27,0.1,0
APP100193,36,Male,Rajasthan,Self-Employed,12000.0,737,Personal,518000.0,36,11.66,17121.0,1,0,2025-09-14,2.85,1
APP105402,26,Female,West Bengal,Business Owner,78600.0,632,Business Expansion,323000.0,24,13.14,15377.0,2,1,2025-03-18,0.59,1
APP100612,21,Male,Karnataka,Salaried,15200.0,588,Education,332000.0,24,15.34,16151.0,2,0,2024-01-23,3.19,0
APP102317,21,Male,Telangana,Self-Employed,,574,Education,629000.0,24,14.29,30286.0,1,0,2025-10-09,2.61,1
APP105258,26,Female,Telangana,Salaried,24500.0,667,Business Expansion,225000.0,12,13.72,20172.0,1,1,2025-04-09,1.65,0
APP100152,26,Female,Karnataka,Salaried,71000.0,595,Home Renovation,20000.0,24,11.93,941.0,0,2,2024-03-20,0.01,0
APP100109,21,Male,Maharashtra,Self-Employed,56500.0,593,Education,197000.0,36,15.0,6829.0,0,1,2025-08-23,0.12,0
APP105696,25,Male,Maharashtra,Salaried,35700.0,700,Business Expansion,398000.0,36,13.61,13527.0,1,1,2025-12-29,0.76,1
APP100672,58,Female,Rajasthan,Salaried,22800.0,612,Personal,138000.0,60,12.6,3112.0,0,1,2025-07-08,0.14,0
APP103383,38,Female,Karnataka,Salaried,40500.0,646,Home Renovation,365000.0,60,13.86,8466.0,2,3,2025-12-20,0.63,1
APP105150,50,Female,Karnataka,Self-Employed,44200.0,697,Business Expansion,224000.0,24,13.18,10668.0,2,2,2025-04-15,0.72,0
APP102316,28,Male,Punjab,Self-Employed,27600.0,622,Business Expansion,254000.0,60,13.66,5865.0,2,1,2024-03-29,0.64,0
APP102928,48,Male,Maharashtra,Self-Employed,97900.0,572,Medical,103000.0,60,14.2,2407.0,1,1,2024-04-06,0.05,0
APP105828,40,Male,Karnataka,Salaried,55600.0,731,Personal,20000.0,24,13.55,956.0,0,1,2025-01-26,0.02,0
APP103028,53,Male,Gujarat,Salaried,61100.0,668,Personal,246000.0,24,12.31,11616.0,2,1,2025-03-02,0.57,0
APP102258,35,Male,West Bengal,Salaried,12000.0,736,Personal,198000.0,12,12.04,17596.0,1,2,2025-08-30,2.93,1
APP103535,23,Male,Maharashtra,Salaried,51800.0,808,Personal,162000.0,36,14.66,5589.0,1,2,2024-08-17,0.22,0
APP102855,32,Male,Uttar Pradesh,Salaried,,438,Vehicle,389000.0,12,16.26,35342.0,0,1,2024-02-22,0.84,0
APP101308,33,Male,Uttar Pradesh,Salaried,57300.0,652,Personal,265000.0,36,14.44,9114.0,2,1,2024-12-02,0.48,0
APP101157,41,Male,Karnataka,Self-Employed,51000.0,772,Vehicle,346000.0,12,12.7,30855.0,1,0,2025-07-13,1.21,1
APP104364,48,Female,Uttar Pradesh,Self-Employed,24700.0,639,Education,38000.0,24,13.09,1808.0,1,4,2025-03-06,0.15,0
APP102936,54,Female,Delhi,Salaried,41400.0,674,Business Expansion,458000.0,24,13.89,21966.0,0,3,2024-01-21,0.53,1
APP105818,52,Male,Uttar Pradesh,Business Owner,28700.0,682,Vehicle,20000.0,36,11.91,663.0,0,2,2024-11-22,0.02,1
APP102931,47,Male,Karnataka,Salaried,30200.0,784,Personal,412000.0,24,10.99,19201.0,0,0,2024-12-25,0.64,1
APP103504,39,Male,Telangana,Salaried,46800.0,774,Personal,121000.0,84,11.91,2130.0,0,2,2025-08-03,0.05,0
APP103989,38,Male,Uttar Pradesh,Salaried,37300.0,769,Personal,268000.0,36,12.59,8977.0,2,1,2024-10-19,0.72,0
APP102108,45,Female,Uttar Pradesh,Salaried,60300.0,614,Personal,20000.0,36,13.44,678.0,0,0,2025-05-02,0.01,0
APP105264,59,Male,Delhi,Business Owner,60400.0,705,Home Renovation,440000.0,24,11.37,20583.0,1,4,2025-06-03,0.68,1
APP104023,56,Male,Karnataka,Self-Employed,37000.0,823,Education,117000.0,84,10.78,1990.0,0,2,2025-04-03,0.05,0
APP105199,24,Male,Tamil Nadu,Salaried,57500.0,501,Education,426000.0,36,15.03,14774.0,0,2,2024-05-30,0.26,0
APP104529,35,Female,Maharashtra,Salaried,38900.0,735,Personal,164000.0,12,12.21,14587.0,0,1,2025-02-06,0.37,0
APP105030,25,Male,Telangana,Salaried,41400.0,801,Medical,520000.0,12,10.54,45847.0,1,0,2024-10-19,2.21,1
APP105748,42,Male,Karnataka,Salaried,69500.0,625,Education,178000.0,48,14.6,4918.0,1,1,2025-06-27,0.14,0
APP104300,48,Male,Maharashtra,Salaried,51500.0,676,Home Renovation,374000.0,36,12.6,12530.0,2,2,2025-07-03,0.73,0
APP104037,48,Male,Karnataka,Business Owner,63400.0,627,Home Renovation,415000.0,12,13.78,37219.0,0,5,2025-05-14,0.59,1
APP100882,25,Female,Telangana,Business Owner,80900.0,737,Vehicle,315000.0,60,11.7,6959.0,2,0,2025-03-13,0.26,0
APP104446,52,Male,West Bengal,Salaried,12000.0,570,Home Renovation,422000.0,48,14.65,11670.0,0,4,2024-04-18,0.97,1
APP100567,34,Male,Telangana,Salaried,49700.0,679,Home Renovation,260000.0,36,13.76,8856.0,1,1,2024-05-19,0.36,1
APP105039,47,Female,Gujarat,Self-Employed,39300.0,689,Vehicle,20000.0,12,12.22,1779.0,1,3,2025-09-12,0.09,1
APP103397,33,Male,Punjab,Business Owner,,777,Business Expansion,155000.0,36,11.9,5141.0,1,0,2025-07-17,0.24,0
APP101406,22,Male,West Bengal,Business Owner,20600.0,842,Home Renovation,291000.0,48,11.66,7615.0,0,1,2024-04-02,0.37,0
APP103369,25,Male,Delhi,Self-Employed,53400.0,818,Education,221000.0,36,11.29,7266.0,2,0,2024-11-05,0.41,0
APP103470,50,Male,Delhi,Salaried,44100.0,792,Personal,330000.0,60,10.26,7054.0,0,0,2025-10-21,0.16,0
APP100315,29,Male,Telangana,Salaried,47500.0,599,Personal,396000.0,48,14.24,10869.0,3,0,2025-07-22,0.92,1
APP100572,36,Female,Maharashtra,Self-Employed,51000.0,587,Vehicle,441000.0,36,15.26,15344.0,0,0,2025-06-30,0.3,0
APP101787,54,Female,Delhi,Salaried,67800.0,487,Vehicle,351000.0,48,16.13,9971.0,0,4,2024-07-15,0.15,1
APP104238,27,Female,West Bengal,Self-Employed,43900.0,601,Education,335000.0,24,15.48,16320.0,1,2,2024-03-02,0.74,0
APP103125,28,Male,Uttar Pradesh,Self-Employed,,777,Medical,386000.0,36,11.14,12663.0,3,1,2025-07-17,1.18,0
APP103126,43,Female,West Bengal,Self-Employed,50800.0,713,Vehicle,20000.0,36,11.36,658.0,0,0,2024-06-04,0.01,1
APP104524,44,Male,Tamil Nadu,Business Owner,12000.0,675,Vehicle,20000.0,60,14.29,468.0,2,1,2025-01-19,0.12,1
APP101674,45,Female,Punjab,Salaried,,750,Medical,80000.0,12,11.64,7094.0,1,2,2024-02-21,0.27,0
APP105194,57,Male,Delhi,Salaried,43900.0,595,Personal,330000.0,24,13.92,15832.0,0,1,2025-05-08,0.36,1
APP105832,38,Female,Uttar Pradesh,Self-Employed,51700.0,895,Medical,92000.0,24,9.26,4214.0,1,1,2024-08-23,0.16,0
APP105856,46,Male,Maharashtra,Business Owner,39500.0,746,Vehicle,316000.0,84,13.06,5759.0,1,2,2024-02-09,0.29,0
APP104727,25,Male,Rajasthan,Salaried,53600.0,608,Personal,230000.0,12,13.77,20626.0,2,1,2024-10-17,1.15,1
APP101141,45,Female,Maharashtra,Salaried,43100.0,700,Personal,381000.0,48,12.93,10208.0,0,0,2025-04-17,0.24,0
APP105931,57,Male,Delhi,Salaried,31100.0,522,Personal,99000.0,12,16.62,9011.0,0,1,2025-11-24,0.29,0
APP104449,53,Male,Tamil Nadu,Salaried,42300.0,830,Vehicle,162000.0,48,11.04,4190.0,0,3,2025-10-02,0.1,0
APP105884,53,Female,Punjab,Self-Employed,19900.0,710,Home Renovation,20000.0,24,12.69,948.0,3,2,2025-04-14,0.19,0
APP103804,54,Male,Gujarat,Salaried,78600.0,792,Home Renovation,326000.0,12,11.92,28953.0,0,2,2024-11-08,0.37,0
APP105821,30,Female,Uttar Pradesh,Self-Employed,12000.0,779,Education,104000.0,24,10.94,4844.0,2,2,2024-05-12,1.21,0
APP105664,51,Male,Maharashtra,Business Owner,112600.0,735,Home Renovation,233000.0,48,12.64,6209.0,0,1,2024-09-02,0.06,0
APP104892,31,Male,Punjab,Self-Employed,42700.0,700,Education,86000.0,24,11.93,4046.0,1,0,2024-09-19,0.19,1
APP101598,23,Male,Maharashtra,Self-Employed,16600.0,718,Business Expansion,49000.0,84,10.53,827.0,2,2,2025-05-07,0.15,0
APP100929,53,Female,Uttar Pradesh,Salaried,55800.0,633,Home Renovation,146000.0,12,12.82,13028.0,0,0,2024-11-10,0.23,0
APP100748,43,Male,Uttar Pradesh,Salaried,62400.0,710,Vehicle,301000.0,12,11.76,26710.0,0,1,2025-10-15,0.43,1
APP104246,57,Male,Gujarat,Salaried,64000.0,683,Personal,504000.0,24,13.14,23994.0,1,0,2025-01-03,0.75,1
APP100623,54,Male,Delhi,Salaried,64800.0,785,Business Expansion,369000.0,24,10.77,17159.0,0,1,2024-06-07,0.26,0
APP105742,24,Male,Delhi,Salaried,51900.0,602,Education,542000.0,36,15.05,18802.0,2,1,2025-06-13,1.09,1
APP104120,31,Male,Delhi,Self-Employed,40900.0,565,Medical,398000.0,48,15.55,11188.0,1,1,2024-08-12,0.55,0
APP104085,42,Male,Tamil Nadu,Self-Employed,12000.0,398,Vehicle,406000.0,24,16.75,20025.0,0,2,2025-07-26,1.67,0
APP102845,24,Male,Uttar Pradesh,Salaried,51200.0,839,Vehicle,278000.0,60,10.02,5909.0,1,2,2024-08-08,0.23,0
APP101057,49,Female,West Bengal,Salaried,69400.0,720,Personal,495000.0,36,12.45,16548.0,0,1,2025-10-31,0.24,0
APP101064,57,Male,Gujarat,Salaried,42800.0,647,Vehicle,121000.0,24,13.03,5754.0,1,2,2025-11-05,0.27,0
APP103099,51,Male,Rajasthan,Salaried,35800.0,853,Vehicle,166000.0,24,10.33,7685.0,0,0,2024-02-12,0.21,1
APP103555,56,Male,Gujarat,Self-Employed,27500.0,680,Home Renovation,86000.0,24,13.35,4103.0,0,2,2025-11-17,0.15,0
APP105175,21,Female,Tamil Nadu,Business Owner,29900.0,652,Medical,196000.0,48,13.54,5311.0,3,0,2024-06-15,0.71,0
APP104479,37,Male,Tamil Nadu,Business Owner,81900.0,812,Medical,318000.0,24,11.65,14917.0,2,0,2024-12-31,0.55,0
APP101634,24,Female,Delhi,Self-Employed,18700.0,784,Vehicle,155000.0,12,10.76,13682.0,1,0,2025-09-23,1.46,0
APP104688,22,Male,Punjab,Salaried,77700.0,787,Business Expansion,144000.0,12,11.28,12746.0,0,1,2025-05-05,0.16,0
APP100479,39,Male,Maharashtra,Salaried,54800.0,737,Business Expansion,20000.0,12,12.28,1780.0,0,1,2025-10-17,0.03,0
APP100229,29,Male,Tamil Nadu,Salaried,61600.0,606,Personal,333000.0,24,13.76,15951.0,1,1,2025-11-25,0.52,1
APP102190,28,Male,Maharashtra,Salaried,57300.0,661,Business Expansion,20000.0,12,14.95,1805.0,3,1,2024-10-22,0.13,0
APP100234,40,Female,West Bengal,Salaried,58400.0,628,Personal,485000.0,12,13.24,43374.0,1,0,2024-09-01,1.49,1
APP104046,46,Male,Rajasthan,Salaried,20500.0,756,Vehicle,28000.0,12,12.35,2492.0,1,1,2025-12-08,0.24,0
APP105396,42,Male,Tamil Nadu,Salaried,24900.0,637,Vehicle,208000.0,36,14.77,7187.0,0,1,2025-01-14,0.29,1
APP102387,58,Female,Maharashtra,Self-Employed,12000.0,782,Medical,247000.0,24,12.94,11736.0,0,3,2025-11-03,0.98,0
APP102410,36,Male,West Bengal,Self-Employed,38600.0,526,Personal,213000.0,84,15.23,4138.0,1,3,2024-12-28,0.21,1
APP101989,32,Female,Delhi,Salaried,29000.0,687,Personal,198000.0,60,11.55,4360.0,1,1,2024-02-21,0.3,0
APP104440,21,Male,Delhi,Salaried,62200.0,692,Home Renovation,167000.0,60,12.17,3729.0,1,1,2024-04-18,0.12,1
APP101229,41,Male,Delhi,Self-Employed,12000.0,621,Home Renovation,200000.0,12,13.34,17895.0,2,3,2025-08-12,4.47,1
APP104061,35,Male,Uttar Pradesh,Salaried,58200.0,592,Business Expansion,324000.0,24,14.37,15613.0,2,2,2025-03-14,0.8,1
APP103271,30,Female,Rajasthan,Salaried,55200.0,550,Education,53000.0,60,14.45,1246.0,0,1,2025-04-30,0.02,1
APP101524,58,Male,Maharashtra,Self-Employed,24800.0,797,Medical,222000.0,36,10.04,7167.0,2,1,2024-03-05,0.87,1
APP100594,37,Male,Tamil Nadu,Salaried,50000.0,661,Business Expansion,200000.0,24,14.08,9610.0,0,2,2025-10-16,0.19,0
APP104817,35,Male,Karnataka,Self-Employed,36500.0,775,Education,221000.0,24,11.26,10327.0,2,3,2025-03-28,0.85,0
APP103918,42,Female,Maharashtra,Salaried,35500.0,649,Business Expansion,99000.0,36,11.34,3257.0,1,1,2024-06-22,0.18,0
APP103059,42,Male,Maharashtra,Salaried,48800.0,626,Business Expansion,373000.0,84,13.92,6974.0,1,2,2024-05-08,0.29,0
APP104103,57,Male,Uttar Pradesh,Salaried,56600.0,681,Personal,447000.0,12,13.61,40053.0,3,1,2025-03-13,2.83,1
APP104867,51,Female,Telangana,Self-Employed,23500.0,591,Home Renovation,206000.0,60,14.31,4826.0,0,4,2025-11-27,0.21,1
APP101441,46,Male,Uttar Pradesh,Salaried,61100.0,697,Business Expansion,336000.0,24,11.45,15731.0,0,1,2024-02-24,0.26,1
APP103861,49,Male,Tamil Nadu,Business Owner,52600.0,785,Business Expansion,140000.0,60,10.45,3006.0,0,3,2024-01-06,0.06,0
APP101610,49,Male,Maharashtra,Salaried,41100.0,646,Personal,340000.0,48,13.34,9179.0,1,1,2025-11-24,0.45,0
APP105103,31,Female,Punjab,Salaried,54900.0,576,Personal,251000.0,24,12.69,11896.0,3,0,2024-06-04,0.87,0
APP104552,58,Male,Punjab,Business Owner,62300.0,661,Medical,20000.0,36,14.25,686.0,0,0,2024-09-13,0.01,0
APP105146,48,Male,Telangana,Business Owner,49800.0,637,Personal,213000.0,48,12.97,5711.0,1,2,2025-09-20,0.23,0
APP101343,23,Female,Delhi,Salaried,55200.0,581,Personal,127000.0,48,16.44,3628.0,0,1,2024-11-23,0.07,1
APP104997,24,Female,Gujarat,Salaried,43000.0,599,Vehicle,151000.0,36,16.46,5343.0,1,1,2025-06-01,0.25,1
APP105235,32,Male,Punjab,Self-Employed,55400.0,713,Education,142000.0,24,12.59,6724.0,2,0,2025-08-29,0.36,0
APP100799,51,Male,Maharashtra,Salaried,45700.0,620,Vehicle,418000.0,24,13.83,20036.0,0,0,2024-07-19,0.44,0
APP100280,25,Male,Rajasthan,Business Owner,12000.0,662,Personal,181000.0,48,12.41,4803.0,1,4,2024-09-26,0.8,1
APP105707,42,Female,Uttar Pradesh,Salaried,48000.0,819,Personal,82000.0,12,9.66,7196.0,3,3,2025-10-30,0.6,1
APP100731,46,Male,Maharashtra,Self-Employed,59400.0,708,Education,153000.0,24,11.54,7169.0,2,1,2024-02-03,0.36,1
APP102537,35,Male,Gujarat,Self-Employed,37400.0,661,Education,324000.0,48,10.82,8346.0,0,1,2024-02-02,0.22,0
APP103437,49,Male,Maharashtra,Business Owner,103400.0,665,Medical,362000.0,24,14.32,17435.0,3,0,2025-02-08,0.67,0
APP103135,33,Female,West Bengal,Self-Employed,79100.0,681,Medical,138000.0,36,14.33,4739.0,0,1,2025-04-10,0.06,0
APP104872,51,Female,Telangana,Self-Employed,12000.0,624,Education,204000.0,36,14.65,7037.0,0,2,2025-03-19,0.59,0
APP101129,54,Male,West Bengal,Salaried,39000.0,801,Vehicle,301000.0,24,10.89,14014.0,0,1,2025-06-22,0.36,0
APP102395,48,Male,Delhi,Salaried,49700.0,462,Vehicle,313000.0,36,17.34,11212.0,0,1,2024-04-26,0.23,1
APP102069,56,Male,Uttar Pradesh,Business Owner,44100.0,524,Personal,297000.0,60,14.22,6945.0,1,0,2024-01-18,0.31,1
APP102948,46,Male,West Bengal,Salaried,49900.0,666,Personal,162000.0,48,13.22,4364.0,0,2,2025-05-18,0.09,1
APP105202,42,Male,Uttar Pradesh,Salaried,48600.0,608,Personal,132000.0,12,13.65,11830.0,1,0,2025-03-27,0.49,0
APP105852,58,Male,Gujarat,Self-Employed,24600.0,711,Business Expansion,296000.0,48,12.76,7906.0,0,2,2024-02-06,0.32,0
APP102878,36,Male,Tamil Nadu,Salaried,30300.0,844,Vehicle,311000.0,24,11.05,14502.0,3,1,2025-07-20,1.91,1
APP100180,52,Male,Rajasthan,Salaried,70200.0,590,Personal,169000.0,60,12.46,3799.0,0,1,2024-10-22,0.05,1
APP100024,45,Female,Tamil Nadu,Salaried,40800.0,702,Education,546000.0,36,12.16,18177.0,1,1,2024-04-10,0.89,1
APP104290,24,Male,Uttar Pradesh,Business Owner,75200.0,748,Personal,227000.0,24,11.65,10649.0,2,0,2024-09-13,0.42,1
APP104741,43,Male,Maharashtra,Self-Employed,34100.0,694,Education,298000.0,24,12.75,14132.0,0,1,2024-11-01,0.41,1
APP102451,55,Male,Telangana,Business Owner,80100.0,758,Vehicle,284000.0,48,13.21,7649.0,0,3,2025-06-23,0.1,0
APP105087,46,Male,Delhi,Salaried,,741,Home Renovation,173000.0,12,12.69,15427.0,1,2,2025-01-24,0.63,1
APP102421,25,Female,Maharashtra,Business Owner,27400.0,632,Personal,151000.0,48,14.44,4160.0,2,1,2024-03-28,0.46,1
APP102163,52,Female,Uttar Pradesh,Salaried,17200.0,688,Education,221000.0,36,12.59,7403.0,0,1,2024-10-25,0.43,0
APP100431,49,Male,Maharashtra,Self-Employed,53900.0,674,Education,133000.0,36,14.26,4562.0,0,1,2025-05-08,0.08,1
APP105335,38,Male,Uttar Pradesh,Salaried,80400.0,878,Education,286000.0,36,11.36,9412.0,1,0,2024-07-31,0.23,0
APP100569,51,Male,Uttar Pradesh,Business Owner,80900.0,856,Vehicle,20000.0,48,11.05,517.0,4,0,2024-10-29,0.03,0
APP104667,26,Female,Gujarat,Salaried,48600.0,607,Personal,254000.0,48,13.89,6927.0,1,1,2024-04-04,0.29,0
APP104215,23,Female,Maharashtra,Salaried,12800.0,634,Education,167000.0,36,14.34,5735.0,2,3,2024-02-29,1.34,1
APP104444,36,Male,Delhi,Self-Employed,22900.0,852,Personal,491000.0,48,10.07,12470.0,0,1,2025-09-06,0.54,1
APP103050,58,Female,Maharashtra,Salaried,46100.0,722,Home Renovation,20000.0,24,11.71,939.0,0,0,2024-01-03,0.02,0
APP105523,43,Male,Tamil Nadu,Business Owner,32100.0,579,Vehicle,321000.0,36,14.96,11121.0,2,3,2024-06-27,1.04,1
APP101564,50,Male,Delhi,Salaried,29900.0,530,Business Expansion,247000.0,36,15.41,8612.0,1,3,2024-09-01,0.58,1
APP101879,24,Male,Maharashtra,Business Owner,,433,Personal,416000.0,24,14.13,19999.0,0,0,2025-08-08,0.23,0
APP104526,23,Male,Rajasthan,Self-Employed,17700.0,652,Vehicle,437000.0,12,13.96,39229.0,0,0,2025-11-20,2.22,0
APP102118,41,Male,Punjab,Business Owner,39600.0,483,Home Renovation,457000.0,48,15.36,12802.0,0,2,2024-06-30,0.32,1
APP101365,57,Male,Delhi,Salaried,42500.0,656,Education,243000.0,36,14.41,8354.0,2,1,2025-09-16,0.59,0
APP104719,23,Male,Karnataka,Self-Employed,55400.0,722,Education,426000.0,84,12.29,7586.0,2,0,2025-06-07,0.41,1
APP105043,40,Female,Tamil Nadu,Self-Employed,15900.0,689,Education,466000.0,36,12.69,15632.0,0,1,2024-12-14,0.98,1
APP102622,31,Female,Tamil Nadu,Salaried,61900.0,538,Medical,392000.0,48,13.84,10681.0,0,1,2025-08-06,0.17,1
APP105795,57,Female,Rajasthan,Business Owner,51600.0,648,Business Expansion,111000.0,36,15.31,3865.0,1,2,2024-11-13,0.15,0
APP104618,58,Male,Tamil Nadu,Self-Employed,46400.0,660,Home Renovation,260000.0,36,13.66,8843.0,1,1,2025-08-04,0.38,1
APP102522,42,Male,Karnataka,Business Owner,65500.0,704,Education,193000.0,12,11.48,17101.0,1,0,2025-11-07,0.52,0
APP103522,35,Male,West Bengal,Salaried,44900.0,523,Personal,527000.0,12,14.42,47422.0,0,3,2024-03-16,1.06,1
APP102516,42,Female,Punjab,Salaried,42800.0,710,Personal,59000.0,48,13.33,1593.0,1,1,2024-05-21,0.07,0
APP101673,37,Male,West Bengal,Salaried,38000.0,745,Home Renovation,223000.0,84,11.28,3851.0,2,1,2024-03-27,0.3,0
APP100132,52,Male,Telangana,Self-Employed,20800.0,536,Home Renovation,402000.0,48,14.53,11092.0,1,1,2024-05-30,1.07,0
APP105859,23,Female,Maharashtra,Salaried,45500.0,634,Home Renovation,328000.0,12,13.13,29316.0,0,1,2025-06-03,0.64,0
APP103998,48,Female,Delhi,Salaried,24300.0,799,Education,393000.0,36,12.63,13172.0,1,2,2024-07-30,1.08,0
APP105577,54,Female,Punjab,Business Owner,70000.0,811,Personal,329000.0,48,11.19,8534.0,0,3,2025-02-28,0.12,0
APP101782,58,Male,Maharashtra,Self-Employed,43500.0,745,Vehicle,479000.0,36,11.98,15905.0,1,2,2024-11-09,0.73,1
APP103430,50,Female,Maharashtra,Self-Employed,44900.0,536,Vehicle,266000.0,24,14.26,12804.0,0,3,2024-12-26,0.29,0
APP100264,53,Male,Uttar Pradesh,Self-Employed,17300.0,799,Medical,230000.0,48,10.49,5888.0,0,2,2025-12-04,0.34,0
APP101096,40,Female,Tamil Nadu,Self-Employed,43900.0,661,Home Renovation,75000.0,36,12.89,2523.0,1,0,2024-05-01,0.11,0
APP101682,56,Female,Karnataka,Salaried,23400.0,538,Home Renovation,311000.0,24,12.56,14721.0,5,0,2024-01-23,3.77,0
APP104146,34,Male,Rajasthan,Salaried,40800.0,699,Personal,574000.0,48,12.16,15161.0,3,0,2025-11-29,1.49,1
APP105973,21,Male,Delhi,Salaried,50000.0,587,Home Renovation,276000.0,48,13.08,7415.0,0,1,2025-02-09,0.15,0
APP105493,36,Female,Karnataka,Self-Employed,76400.0,612,Personal,426000.0,60,13.5,9802.0,0,1,2025-07-30,0.13,0
APP102844,22,Male,Karnataka,Salaried,31900.0,722,Business Expansion,199000.0,12,12.91,17766.0,0,1,2024-10-04,0.56,0
APP105798,47,Male,Karnataka,Salaried,46400.0,751,Personal,20000.0,84,12.77,361.0,0,1,2025-07-23,0.01,0
APP103399,51,Male,Punjab,Salaried,13900.0,704,Education,20000.0,48,12.91,536.0,0,2,2024-03-17,0.04,0
APP101189,45,Male,Tamil Nadu,Salaried,42200.0,703,Personal,146000.0,24,11.98,6871.0,1,0,2025-01-20,0.33,0
APP101374,54,Female,Uttar Pradesh,Self-Employed,24300.0,835,Education,346000.0,24,9.8,15934.0,1,2,2025-01-04,1.31,1
APP100426,32,Male,Karnataka,Business Owner,58000.0,666,Vehicle,253000.0,12,14.27,22748.0,1,3,2024-11-24,0.78,1
APP101704,57,Male,Maharashtra,Business Owner,,507,Business Expansion,298000.0,60,15.53,7173.0,2,1,2024-10-10,0.43,0
APP101586,28,Female,Gujarat,Business Owner,17700.0,784,Education,263000.0,36,12.42,8788.0,2,0,2024-01-11,1.49,1
APP104363,58,Male,Uttar Pradesh,Salaried,51000.0,587,Personal,37000.0,60,14.41,869.0,2,2,2024-07-23,0.05,0
APP102896,38,Female,Uttar Pradesh,Self-Employed,35600.0,691,Business Expansion,140000.0,36,13.7,4764.0,0,0,2024-06-20,0.13,0
APP102370,23,Male,Delhi,Salaried,48800.0,731,Home Renovation,352000.0,48,13.0,9443.0,1,1,2025-05-22,0.39,0
APP104627,33,Male,Maharashtra,Business Owner,25300.0,849,Vehicle,253000.0,36,10.1,8175.0,2,0,2025-06-18,0.97,0
APP105504,24,Male,Delhi,Self-Employed,29300.0,703,Personal,155000.0,12,11.91,13765.0,1,1,2024-04-17,0.94,1
APP104024,28,Male,Tamil Nadu,Salaried,40900.0,633,Vehicle,175000.0,24,11.49,8196.0,0,3,2024-12-09,0.2,0
APP104520,40,Male,Uttar Pradesh,Salaried,53900.0,731,Business Expansion,420000.0,24,12.11,19792.0,0,1,2024-09-17,0.37,1
APP103205,53,Female,Telangana,Salaried,49200.0,640,Personal,260000.0,48,13.82,7081.0,0,2,2024-02-16,0.14,0
APP104291,51,Male,Uttar Pradesh,Salaried,76500.0,574,Education,249000.0,48,11.51,6497.0,2,1,2025-09-25,0.25,0
APP102921,21,Male,West Bengal,Salaried,45100.0,800,Vehicle,329000.0,24,10.78,15300.0,0,0,2024-04-15,0.34,0
APP105277,35,Male,Tamil Nadu,Self-Employed,44100.0,711,Personal,281000.0,48,11.99,7398.0,1,0,2024-07-09,0.34,0
APP100841,53,Male,Punjab,Business Owner,74900.0,700,Personal,261000.0,60,12.04,5811.0,0,2,2025-03-23,0.08,0
APP105969,27,Male,Telangana,Salaried,31300.0,745,Home Renovation,324000.0,60,11.87,7186.0,1,1,2025-05-23,0.46,0
APP104047,56,Male,Gujarat,Self-Employed,62200.0,652,Business Expansion,268000.0,48,12.79,7162.0,1,0,2024-07-05,0.23,0
APP104947,52,Male,Karnataka,Self-Employed,17100.0,807,Personal,211000.0,36,10.92,6900.0,0,1,2024-06-01,0.4,1
APP104328,40,Female,Karnataka,Salaried,42900.0,692,Business Expansion,312000.0,48,12.43,8282.0,0,1,2024-05-27,0.19,1
APP100131,33,Male,Karnataka,Self-Employed,28000.0,777,Education,273000.0,36,12.1,9081.0,0,1,2025-01-27,0.32,0
APP101163,49,Male,Karnataka,Salaried,52800.0,707,Vehicle,372000.0,36,12.38,12423.0,0,1,2025-03-08,0.24,0
APP102265,42,Male,Uttar Pradesh,Self-Employed,19600.0,591,Business Expansion,353000.0,60,15.77,8541.0,2,1,2024-06-10,1.31,1
APP105896,33,Female,Uttar Pradesh,Salaried,40100.0,760,Business Expansion,85000.0,24,11.23,3971.0,0,1,2024-04-29,0.1,0
APP100245,55,Male,Rajasthan,Self-Employed,64800.0,561,Vehicle,280000.0,12,14.4,25193.0,0,3,2025-10-27,0.39,1
APP101435,32,Male,Punjab,Salaried,45300.0,616,Business Expansion,439000.0,84,13.47,8099.0,1,2,2024-09-01,0.36,0
APP104100,48,Male,Punjab,Self-Employed,12000.0,805,Home Renovation,274000.0,48,9.59,6896.0,1,0,2025-08-05,1.15,0
APP103033,31,Male,Uttar Pradesh,Salaried,57400.0,656,Vehicle,242000.0,48,12.16,6392.0,2,2,2024-09-07,0.33,0
APP104191,25,Female,Tamil Nadu,Salaried,35200.0,509,Education,82000.0,36,14.97,2841.0,0,1,2025-08-27,0.08,1
APP102383,42,Male,Telangana,Salaried,78400.0,734,Education,20000.0,48,10.79,515.0,1,2,2024-05-18,0.01,0
APP102919,24,Male,Karnataka,Self-Employed,29300.0,695,Business Expansion,354000.0,36,13.38,11993.0,1,3,2024-10-08,0.82,1
APP103727,59,Female,Maharashtra,Salaried,36600.0,761,Medical,302000.0,24,11.98,14213.0,1,0,2024-01-26,0.78,0
APP101291,24,Male,Punjab,Salaried,22300.0,684,Vehicle,220000.0,12,13.45,19696.0,0,3,2024-10-25,0.88,0
APP105766,39,Male,Telangana,Salaried,54300.0,889,Personal,391000.0,48,11.49,10199.0,1,1,2024-08-07,0.38,0
APP105962,53,Male,Delhi,Salaried,52800.0,668,Personal,183000.0,12,11.59,16224.0,2,0,2024-12-16,0.92,1
APP102946,31,Male,West Bengal,Self-Employed,29600.0,715,Home Renovation,20000.0,24,11.99,941.0,0,2,2024-01-13,0.03,0
APP101167,56,Male,West Bengal,Business Owner,92800.0,782,Vehicle,44000.0,24,10.1,2032.0,2,2,2024-01-01,0.07,1
APP103978,36,Female,Tamil Nadu,Salaried,71100.0,558,Personal,310000.0,36,15.84,10874.0,2,3,2024-07-27,0.46,1
APP102299,35,Male,Punjab,Self-Employed,65700.0,625,Education,317000.0,36,14.48,10908.0,1,3,2024-08-23,0.33,0
APP105851,43,Male,Karnataka,Salaried,34700.0,609,Vehicle,20000.0,60,12.78,453.0,0,1,2024-02-28,0.01,1
APP102354,55,Female,Tamil Nadu,Salaried,47800.0,782,Vehicle,277000.0,12,12.15,24631.0,0,2,2024-01-22,0.52,0
APP100118,46,Male,Gujarat,Salaried,32000.0,900,Medical,412000.0,36,10.38,13368.0,0,1,2024-08-07,0.42,0
APP102125,24,Male,Telangana,Self-Employed,50100.0,725,Vehicle,20000.0,12,11.71,1774.0,0,1,2025-07-18,0.04,0
APP105794,26,Male,Gujarat,Self-Employed,21800.0,702,Medical,451000.0,48,14.36,12406.0,1,2,2024-03-01,1.14,0
APP103060,23,Female,Maharashtra,Salaried,28300.0,598,Home Renovation,206000.0,60,13.74,4766.0,0,1,2025-10-11,0.17,0
APP100089,59,Male,Karnataka,Self-Employed,56900.0,717,Personal,185000.0,36,11.69,6117.0,0,2,2024-03-29,0.11,1
APP104058,32,Male,Uttar Pradesh,Self-Employed,30300.0,697,Personal,252000.0,36,12.28,8404.0,1,5,2024-03-19,0.55,0
APP103213,57,Male,Telangana,Business Owner,107100.0,752,Medical,178000.0,24,12.68,8436.0,1,2,2025-08-03,0.16,0
APP104938,46,Male,Maharashtra,Salaried,45600.0,644,Medical,112000.0,48,12.56,2980.0,1,4,2025-03-07,0.13,1
APP103499,31,Male,Uttar Pradesh,Salaried,39700.0,672,Business Expansion,500000.0,36,11.16,16407.0,1,1,2025-01-31,0.83,0
APP104823,47,Male,Karnataka,Salaried,74700.0,799,Medical,220000.0,24,10.55,10208.0,0,0,2024-08-25,0.14,0
APP100588,28,Female,Rajasthan,Salaried,68000.0,538,Personal,258000.0,36,11.49,8507.0,1,0,2024-05-05,0.25,0
APP102894,48,Female,Telangana,Business Owner,42800.0,673,Vehicle,180000.0,36,12.65,6035.0,1,1,2024-01-26,0.28,0
APP104964,48,Male,Maharashtra,Self-Employed,27400.0,763,Medical,445000.0,24,10.59,20656.0,0,1,2024-03-08,0.75,0
APP105642,47,Female,Gujarat,Self-Employed,46800.0,808,Personal,117000.0,84,12.32,2085.0,0,0,2024-10-05,0.04,0
APP101106,50,Male,Telangana,Self-Employed,31800.0,547,Medical,455000.0,36,15.18,15813.0,1,1,2025-10-17,0.99,1
APP105920,50,Male,Karnataka,Self-Employed,12000.0,708,Business Expansion,261000.0,24,14.95,12649.0,1,0,2025-04-09,2.11,1
APP100681,58,Female,Delhi,Salaried,32600.0,542,Personal,394000.0,36,15.89,13830.0,0,1,2024-02-10,0.42,1
APP100708,24,Male,Uttar Pradesh,Salaried,59200.0,822,Business Expansion,412000.0,24,9.48,18913.0,1,3,2024-07-11,0.64,0
APP102321,24,Female,Gujarat,Self-Employed,51400.0,642,Medical,175000.0,84,13.51,3232.0,3,2,2024-02-06,0.25,1
APP104965,40,Male,Tamil Nadu,Self-Employed,53200.0,643,Medical,388000.0,24,13.33,18506.0,1,1,2024-02-04,0.7,1
APP101765,36,Male,Karnataka,Salaried,49500.0,689,Business Expansion,248000.0,36,13.03,8360.0,1,2,2025-02-08,0.34,0
APP100412,36,Male,West Bengal,Self-Employed,63700.0,789,Medical,162000.0,48,11.13,4197.0,0,2,2025-04-27,0.07,1
APP104589,28,Female,Telangana,Business Owner,59000.0,678,Business Expansion,346000.0,60,12.72,7823.0,1,1,2024-03-28,0.27,0
APP104544,50,Female,West Bengal,Salaried,35100.0,812,Education,245000.0,24,10.68,11383.0,2,0,2025-05-12,0.97,0
APP102483,41,Male,Telangana,Salaried,24900.0,817,Medical,400000.0,12,13.65,35849.0,0,0,2024-11-18,1.44,0
APP101289,34,Female,Gujarat,Self-Employed,38700.0,730,Home Renovation,341000.0,60,11.67,7529.0,1,1,2025-06-30,0.39,0
APP101802,35,Female,Uttar Pradesh,Self-Employed,27300.0,828,Education,238000.0,48,9.94,6029.0,2,1,2025-02-05,0.66,0
APP100977,43,Male,Delhi,Salaried,55100.0,544,Personal,285000.0,12,16.8,25966.0,2,1,2024-06-25,1.41,0
APP104874,41,Female,Delhi,Salaried,46500.0,824,Vehicle,135000.0,24,10.41,6255.0,1,2,2024-06-21,0.27,0
APP101546,42,Male,Tamil Nadu,Salaried,46800.0,683,Medical,495000.0,48,12.58,13177.0,0,0,2024-05-27,0.28,0
APP104072,23,Male,Maharashtra,Self-Employed,29700.0,586,Home Renovation,321000.0,24,12.46,15180.0,1,1,2025-05-30,1.02,1
APP104253,40,Male,Punjab,Business Owner,37700.0,736,Personal,201000.0,24,12.58,9516.0,0,1,2024-06-02,0.25,0
APP101847,41,Male,Rajasthan,Salaried,49700.0,621,Home Renovation,141000.0,36,13.46,4782.0,1,2,2025-07-31,0.19,0
APP102368,49,Male,Delhi,Self-Employed,63800.0,599,Vehicle,334000.0,36,15.26,11621.0,1,3,2024-01-10,0.36,0
APP105993,46,Male,West Bengal,Self-Employed,41000.0,790,Medical,201000.0,12,11.98,17857.0,2,2,2025-10-22,1.31,1
APP105529,34,Male,Delhi,Business Owner,45100.0,869,Vehicle,491000.0,24,10.86,22853.0,0,2,2025-06-22,0.51,1
APP103130,59,Male,Telangana,Salaried,39500.0,860,Vehicle,429000.0,12,9.0,37517.0,0,1,2025-04-15,0.95,0
APP103831,57,Female,Punjab,Salaried,43700.0,791,Personal,435000.0,48,11.27,11300.0,0,3,2024-11-11,0.26,0
APP103169,32,Male,Uttar Pradesh,Self-Employed,52200.0,723,Vehicle,193000.0,36,12.08,6418.0,0,1,2025-06-11,0.12,0
APP105720,38,Male,Gujarat,Salaried,38700.0,770,Personal,20000.0,12,10.61,1764.0,0,0,2025-05-07,0.05,0
APP102616,48,Female,Maharashtra,Self-Employed,37200.0,647,Education,301000.0,36,14.03,10292.0,0,0,2025-06-30,0.28,1
APP104516,23,Female,Rajasthan,Business Owner,62400.0,724,Home Renovation,256000.0,60,12.95,5818.0,0,1,2024-01-18,0.09,0
APP103679,25,Female,Rajasthan,Salaried,37800.0,668,Personal,207000.0,48,13.73,5629.0,1,1,2024-07-31,0.3,0
APP105347,46,Male,Tamil Nadu,Self-Employed,34500.0,712,Education,393000.0,12,10.57,34655.0,0,2,2024-12-03,1.0,0
APP104077,50,Male,Maharashtra,Salaried,39700.0,523,Education,317000.0,24,16.1,15536.0,3,1,2025-04-27,1.57,1
APP104783,33,Male,Delhi,Self-Employed,43100.0,543,Education,241000.0,12,14.43,21687.0,0,0,2025-10-08,0.5,0
APP103194,38,Male,Maharashtra,Self-Employed,65000.0,867,Business Expansion,20000.0,36,9.66,642.0,1,0,2024-09-03,0.02,0
APP100356,50,Male,Delhi,Self-Employed,36800.0,561,Education,335000.0,48,15.34,9381.0,2,0,2025-06-17,0.76,1
APP104422,52,Female,Rajasthan,Salaried,52900.0,640,Home Renovation,460000.0,60,13.13,10497.0,0,1,2025-05-31,0.2,0
APP101323,43,Female,Punjab,Salaried,76900.0,827,Medical,351000.0,24,11.49,16439.0,2,0,2024-03-25,0.64,0
APP105600,50,Male,Delhi,Salaried,54100.0,802,Personal,20000.0,12,10.31,1761.0,1,1,2024-05-22,0.07,0
APP103976,49,Female,Punjab,Salaried,50100.0,680,Personal,156000.0,36,13.25,5275.0,0,0,2024-08-30,0.11,0
APP101459,54,Male,Karnataka,Salaried,35100.0,703,Personal,337000.0,48,14.17,9238.0,0,0,2025-08-29,0.26,0
APP104366,23,Male,Rajasthan,Self-Employed,13000.0,782,Medical,280000.0,24,12.15,13200.0,0,0,2025-04-03,1.02,0
APP100486,48,Male,Maharashtra,Salaried,50200.0,696,Education,341000.0,60,12.29,7635.0,0,3,2025-06-03,0.15,0
APP102817,59,Male,Uttar Pradesh,Salaried,23100.0,900,Personal,358000.0,36,10.61,11654.0,0,3,2025-08-15,0.5,0
APP102971,33,Male,Maharashtra,Salaried,12000.0,769,Personal,342000.0,24,10.98,15937.0,1,2,2025-10-05,2.66,0
APP102853,40,Male,Punjab,Business Owner,29900.0,610,Home Renovation,146000.0,24,15.01,7080.0,0,0,2024-10-05,0.24,1
APP101966,23,Male,West Bengal,Self-Employed,12000.0,643,Personal,390000.0,36,15.26,13569.0,0,1,2024-04-09,1.13,0
APP103190,47,Female,Maharashtra,Salaried,41800.0,779,Home Renovation,103000.0,24,12.11,4854.0,1,0,2025-09-25,0.23,0
APP103872,25,Female,Delhi,Business Owner,22900.0,853,Vehicle,462000.0,24,11.44,21627.0,1,1,2024-02-15,1.89,0
APP105029,55,Male,West Bengal,Self-Employed,26500.0,594,Education,20000.0,36,14.02,684.0,0,3,2024-07-02,0.03,0
APP100399,57,Female,Delhi,Self-Employed,53000.0,765,Personal,382000.0,12,12.75,34074.0,0,0,2025-10-21,0.64,0
APP100638,30,Female,Karnataka,Salaried,33500.0,816,Medical,249000.0,24,11.38,11649.0,2,1,2024-10-14,1.04,1
APP105294,28,Female,Uttar Pradesh,Salaried,66300.0,614,Personal,265000.0,60,13.43,6088.0,0,1,2024-06-15,0.09,0
APP104881,22,Female,Karnataka,Salaried,40200.0,633,Personal,397000.0,84,12.97,7216.0,2,1,2025-01-12,0.54,1
APP103523,55,Male,Karnataka,Salaried,25200.0,668,Personal,20000.0,24,13.24,953.0,0,2,2024-02-19,0.04,0
APP101261,45,Male,Uttar Pradesh,Salaried,52800.0,648,Personal,68000.0,60,11.67,1501.0,1,0,2025-06-25,0.06,0
APP105162,30,Male,Telangana,Salaried,25900.0,736,Vehicle,467000.0,24,12.34,22058.0,1,1,2025-06-25,1.7,0
APP100580,58,Male,Punjab,Salaried,28100.0,614,Education,260000.0,36,13.91,8875.0,2,1,2025-10-05,0.95,0
APP101740,21,Female,Delhi,Salaried,45800.0,496,Personal,284000.0,84,12.47,5085.0,1,0,2025-01-09,0.22,0
APP102607,23,Male,Delhi,Self-Employed,12000.0,709,Medical,166000.0,48,12.34,4399.0,3,0,2024-09-08,1.47,1
APP100917,49,Male,Karnataka,Salaried,69000.0,842,Personal,379000.0,60,10.06,8064.0,0,0,2024-05-12,0.12,0
APP102986,55,Male,Uttar Pradesh,Business Owner,123000.0,552,Business Expansion,67000.0,48,13.42,1811.0,0,1,2024-07-09,0.01,0
APP103734,39,Male,Gujarat,Business Owner,77200.0,747,Vehicle,356000.0,24,11.54,16682.0,2,1,2025-02-08,0.65,0
APP103062,41,Female,Rajasthan,Salaried,41000.0,596,Business Expansion,198000.0,24,13.58,9467.0,3,0,2025-07-29,0.92,1
APP100392,46,Male,Tamil Nadu,Salaried,47000.0,670,Personal,136000.0,36,13.93,4644.0,1,0,2024-05-02,0.2,1
APP101143,32,Female,Karnataka,Salaried,47700.0,723,Personal,110000.0,60,10.97,2390.0,0,2,2025-01-18,0.05,0
APP100887,45,Male,Gujarat,Self-Employed,42500.0,749,Personal,70000.0,12,12.05,6221.0,4,0,2024-07-05,0.73,0
APP105803,48,Male,Uttar Pradesh,Business Owner,87600.0,740,Personal,266000.0,24,12.03,12525.0,0,2,2024-11-18,0.14,0
APP100006,39,Male,Tamil Nadu,Self-Employed,73400.0,582,Business Expansion,143000.0,36,13.91,4881.0,3,1,2025-07-05,0.27,0
APP103885,56,Male,Tamil Nadu,Business Owner,43900.0,723,Personal,196000.0,84,10.3,3284.0,1,2,2024-09-03,0.15,0
APP101683,43,Male,Delhi,Business Owner,95200.0,770,Home Renovation,112000.0,36,12.16,3729.0,1,1,2024-09-10,0.08,0
APP100267,42,Female,Gujarat,Salaried,41400.0,675,Education,236000.0,60,13.2,5394.0,1,1,2024-09-29,0.26,0
APP102930,51,Female,Maharashtra,Salaried,50400.0,621,Education,157000.0,60,13.9,3645.0,0,1,2024-07-03,0.07,0
APP101499,35,Female,Gujarat,Salaried,61000.0,744,Home Renovation,451000.0,60,9.89,9558.0,0,2,2025-06-27,0.16,0
APP101313,28,Female,Karnataka,Salaried,71200.0,657,Medical,138000.0,12,12.31,12281.0,2,1,2025-01-04,0.52,0
APP105429,43,Male,Maharashtra,Business Owner,89500.0,719,Personal,243000.0,12,13.46,21757.0,1,1,2025-04-26,0.49,0
APP101375,47,Male,Tamil Nadu,Salaried,66500.0,762,Personal,285000.0,24,11.73,13380.0,0,1,2024-11-11,0.2,1
APP102728,24,Female,Delhi,Self-Employed,26000.0,628,Personal,20000.0,36,13.51,679.0,1,2,2025-06-17,0.05,0
APP103752,49,Female,Maharashtra,Salaried,30000.0,675,Home Renovation,474000.0,24,13.77,22707.0,1,1,2025-09-15,1.51,1
APP104329,46,Female,Uttar Pradesh,Salaried,31400.0,713,Personal,202000.0,84,11.39,3500.0,2,1,2025-07-01,0.33,0
APP100571,23,Male,Rajasthan,Salaried,77600.0,607,Personal,189000.0,24,12.85,8972.0,1,1,2024-12-09,0.23,0
APP105223,51,Male,Telangana,Salaried,70200.0,580,Personal,213000.0,12,13.08,19033.0,2,1,2025-01-09,0.81,0
APP102350,24,Female,Gujarat,Business Owner,51900.0,821,Home Renovation,49000.0,24,9.67,2254.0,0,1,2025-03-06,0.04,0
APP104042,43,Male,Karnataka,Salaried,38300.0,711,Personal,325000.0,24,13.57,15538.0,0,1,2024-02-17,0.41,0
APP102199,52,Male,Gujarat,Salaried,25000.0,620,Business Expansion,307000.0,36,14.0,10493.0,0,0,2025-10-26,0.42,1
APP104242,44,Female,Gujarat,Self-Employed,41600.0,649,Personal,287000.0,60,13.07,6540.0,2,2,2024-10-13,0.47,1
APP100792,41,Female,Maharashtra,Self-Employed,21700.0,572,Medical,412000.0,24,14.72,19922.0,3,1,2025-06-27,3.67,1
APP102264,45,Male,Maharashtra,Self-Employed,27700.0,642,Home Renovation,470000.0,36,12.06,15624.0,1,1,2025-10-15,1.13,1
APP100517,47,Male,Delhi,Salaried,44300.0,681,Vehicle,223000.0,24,13.68,10673.0,0,1,2024-12-08,0.24,0
APP100786,46,Male,Gujarat,Salaried,58000.0,576,Vehicle,513000.0,24,13.07,24406.0,0,0,2025-05-31,0.42,0
APP102284,31,Female,Delhi,Salaried,19600.0,857,Home Renovation,377000.0,48,9.94,9551.0,2,2,2024-09-23,1.46,1
APP101373,23,Female,Delhi,Self-Employed,39800.0,634,Personal,245000.0,12,15.44,22164.0,1,2,2025-07-04,1.11,1
APP104091,52,Female,Maharashtra,Salaried,37500.0,636,Business Expansion,219000.0,60,14.28,5128.0,2,1,2025-07-29,0.41,1
APP102173,55,Female,Delhi,Self-Employed,63500.0,862,Home Renovation,129000.0,24,10.18,5963.0,0,2,2025-01-05,0.09,0
APP103844,31,Male,Karnataka,Salaried,28000.0,687,Personal,355000.0,24,13.15,16902.0,0,0,2025-01-23,0.6,1
APP101811,46,Male,Uttar Pradesh,Salaried,45200.0,445,Vehicle,20000.0,84,16.28,400.0,4,0,2025-01-07,0.04,0
APP105311,58,Male,Delhi,Self-Employed,40200.0,840,Education,192000.0,24,12.2,9056.0,0,3,2025-10-09,0.23,0
APP102219,39,Male,Punjab,Salaried,25100.0,874,Education,70000.0,24,11.74,3287.0,1,0,2024-07-13,0.26,0
APP100051,22,Female,Uttar Pradesh,Salaried,55300.0,726,Personal,413000.0,36,11.36,13592.0,1,1,2025-02-01,0.49,0
APP104320,35,Male,Punjab,Salaried,35900.0,756,Vehicle,412000.0,36,12.41,13765.0,2,2,2025-09-10,1.15,0
APP103032,47,Female,Maharashtra,Salaried,39900.0,606,Personal,453000.0,24,13.76,21699.0,1,0,2024-11-30,1.09,0
APP105721,47,Female,West Bengal,Self-Employed,12200.0,759,Personal,41000.0,24,12.14,1933.0,1,0,2024-08-10,0.32,0
APP100511,30,Female,Uttar Pradesh,Self-Employed,55800.0,734,Education,218000.0,24,12.09,10271.0,0,2,2025-07-10,0.18,1
APP104347,33,Female,Maharashtra,Salaried,,651,Personal,210000.0,12,14.01,18856.0,0,3,2024-05-05,0.73,1
APP105539,33,Female,Karnataka,Salaried,76000.0,587,Home Renovation,120000.0,24,14.8,5807.0,1,0,2025-08-26,0.15,0
APP102261,29,Male,Maharashtra,Salaried,64100.0,658,Home Renovation,126000.0,48,10.17,3206.0,1,0,2024-06-10,0.1,0
APP100674,58,Male,West Bengal,Salaried,21900.0,753,Education,92000.0,24,11.9,4326.0,0,1,2025-05-02,0.2,0
APP103780,26,Male,Punjab,Salaried,58300.0,644,Personal,479000.0,24,12.18,22588.0,0,5,2024-10-26,0.39,0
APP105558,34,Male,Uttar Pradesh,Self-Employed,41600.0,661,Personal,228000.0,36,12.55,7633.0,1,1,2024-06-09,0.37,1
APP100650,54,Male,Maharashtra,Salaried,56700.0,683,Personal,20000.0,24,12.26,944.0,0,2,2024-02-17,0.02,0
APP102610,45,Female,Uttar Pradesh,Salaried,16300.0,699,Vehicle,379000.0,48,13.02,10171.0,0,1,2025-05-23,0.62,1
APP100212,21,Female,Telangana,Self-Employed,49900.0,607,Home Renovation,163000.0,36,14.38,5601.0,0,0,2024-12-13,0.11,0
APP103457,30,Male,Uttar Pradesh,Salaried,29500.0,768,Business Expansion,534000.0,48,12.19,14112.0,0,1,2024-02-26,0.48,0
APP102397,53,Male,Karnataka,Business Owner,93000.0,507,Vehicle,327000.0,12,15.67,29618.0,0,1,2025-01-25,0.32,0
APP104986,52,Male,Rajasthan,Salaried,32000.0,697,Home Renovation,116000.0,60,12.54,2612.0,0,1,2025-12-12,0.08,0
APP101627,-32,Male,Uttar Pradesh,Salaried,56700.0,662,Personal,284000.0,60,13.29,6504.0,1,0,2024-05-25,0.23,0
APP104153,23,Female,Gujarat,Salaried,47900.0,723,Home Renovation,275000.0,36,12.29,9172.0,1,1,2025-10-14,0.38,0
APP102534,42,Male,Maharashtra,Salaried,39100.0,633,Home Renovation,227000.0,48,12.86,6074.0,2,1,2024-05-24,0.47,1
APP100060,34,Male,Maharashtra,Salaried,12000.0,784,Business Expansion,236000.0,36,11.26,7755.0,0,0,2024-04-27,0.65,0
APP105382,57,Female,West Bengal,Business Owner,19400.0,802,Business Expansion,20000.0,36,13.74,681.0,1,2,2025-05-07,0.07,0
APP104981,42,Male,Punjab,Self-Employed,57700.0,614,Personal,142000.0,12,13.22,12698.0,4,1,2024-06-08,1.1,1
APP103742,26,Male,Maharashtra,Salaried,55000.0,663,Vehicle,181000.0,24,10.98,8434.0,0,1,2025-12-07,0.15,1
APP100491,25,Female,Karnataka,Salaried,,695,Personal,311000.0,60,10.97,6757.0,1,3,2024-12-26,0.27,0
APP100396,56,Female,West Bengal,Business Owner,12000.0,636,Personal,172000.0,60,14.73,4068.0,0,1,2025-01-20,0.34,0
APP102116,29,Male,Maharashtra,Self-Employed,24300.0,631,Vehicle,123000.0,12,14.29,11061.0,1,2,2025-08-20,0.91,0
APP100278,48,Female,Delhi,Self-Employed,29100.0,692,Medical,33000.0,36,13.84,1125.0,1,0,2025-07-25,0.08,1
APP103182,26,Female,Telangana,Salaried,45100.0,830,Medical,20000.0,12,11.9,1776.0,0,0,2024-08-31,0.04,0
APP103716,30,Male,Karnataka,Salaried,35000.0,503,Education,433000.0,84,14.18,8158.0,2,2,2025-03-24,0.7,1
APP105881,56,Male,Telangana,Self-Employed,35300.0,561,Personal,444000.0,24,14.1,21339.0,0,0,2024-02-03,0.6,1
APP103015,25,Male,Punjab,Salaried,70500.0,595,Personal,300000.0,48,14.05,8205.0,1,0,2025-02-04,0.23,0
APP100181,26,Male,Maharashtra,Salaried,40500.0,722,Personal,247000.0,36,14.45,8496.0,1,2,2025-09-08,0.42,1
APP100422,55,Male,Karnataka,Business Owner,46900.0,703,Vehicle,183000.0,84,14.33,3463.0,1,1,2024-02-02,0.15,0
APP103122,54,Male,Tamil Nadu,Self-Employed,12000.0,783,Home Renovation,383000.0,24,11.43,17927.0,1,0,2024-08-26,2.99,1
APP101060,23,Male,Delhi,Self-Employed,41900.0,729,Business Expansion,192000.0,36,11.73,6352.0,2,2,2025-02-28,0.45,1
APP100661,50,Female,Telangana,Self-Employed,24000.0,712,Business Expansion,371000.0,84,11.69,6488.0,1,2,2024-08-31,0.54,1
APP105205,-32,Male,Punjab,Self-Employed,53400.0,835,Business Expansion,289000.0,24,12.37,13654.0,1,0,2025-01-03,0.51,0
APP103792,29,Female,Telangana,Salaried,13000.0,719,Personal,197000.0,24,12.2,9292.0,1,1,2024-05-25,1.43,0
APP104249,28,Female,Karnataka,Business Owner,50100.0,645,Medical,183000.0,84,14.01,3430.0,0,0,2025-11-16,0.07,0
APP100350,26,Male,Punjab,Salaried,41000.0,638,Medical,461000.0,24,15.16,22387.0,5,2,2025-11-07,3.28,1
APP100062,35,Male,Maharashtra,Salaried,46600.0,721,Medical,20000.0,36,12.9,673.0,0,2,2024-11-16,0.01,0
APP104470,28,Female,Maharashtra,Salaried,40900.0,718,Education,177000.0,24,11.79,8315.0,1,0,2025-11-08,0.41,0
APP100609,50,Female,Uttar Pradesh,Salaried,33800.0,716,Business Expansion,264000.0,84,12.04,4666.0,0,1,2024-04-26,0.14,0
APP101698,28,Female,West Bengal,Business Owner,25900.0,623,Education,126000.0,12,12.68,11235.0,0,1,2024-06-05,0.43,1
APP100077,29,Male,Maharashtra,Self-Employed,12000.0,771,Home Renovation,455000.0,48,11.18,11800.0,1,4,2025-08-21,1.97,1
APP102420,46,Male,Karnataka,Salaried,26700.0,626,Personal,103000.0,60,12.31,2307.0,0,2,2025-09-13,0.09,0
APP105212,46,Male,Telangana,Salaried,29700.0,624,Personal,45000.0,24,15.92,2202.0,1,2,2024-12-20,0.15,1
APP103265,21,Male,Telangana,Salaried,43900.0,631,Home Renovation,171000.0,36,12.93,5756.0,4,0,2025-03-21,0.66,1
APP101046,23,Female,Uttar Pradesh,Business Owner,,690,Medical,291000.0,24,11.22,13593.0,0,1,2024-10-07,0.22,1
APP100823,25,Female,Punjab,Salaried,53300.0,701,Education,373000.0,24,12.93,17721.0,0,1,2025-02-28,0.33,0
APP105438,31,Male,Karnataka,Self-Employed,26700.0,739,Business Expansion,408000.0,84,12.24,7255.0,0,0,2025-03-22,0.27,0
APP104829,22,Male,Maharashtra,Self-Employed,31300.0,635,Medical,476000.0,24,13.89,22829.0,0,1,2024-11-11,0.73,1
APP100695,44,Male,West Bengal,Self-Employed,44600.0,526,Personal,520000.0,84,15.03,10043.0,0,4,2024-10-13,0.23,0
APP101271,33,Female,Maharashtra,Self-Employed,55000.0,767,Business Expansion,230000.0,48,10.43,5881.0,3,0,2025-09-08,0.43,0
APP102609,24,Female,Punjab,Salaried,55200.0,626,Vehicle,201000.0,36,16.01,7068.0,1,2,2025-08-18,0.26,0
APP105262,51,Male,Maharashtra,Salaried,27600.0,648,Education,86000.0,36,12.0,2856.0,0,1,2025-04-06,0.1,0
APP100186,58,Male,Delhi,Salaried,35300.0,690,Personal,187000.0,24,13.9,8970.0,0,0,2024-06-03,0.25,1
APP104090,24,Male,Tamil Nadu,Salaried,23700.0,662,Education,427000.0,24,13.16,20332.0,1,5,2024-07-03,1.72,1
APP102092,51,Male,Delhi,Self-Employed,33500.0,606,Personal,201000.0,12,13.41,17991.0,1,0,2024-08-30,1.07,1
APP101940,39,Male,Telangana,Salaried,40700.0,547,Personal,148000.0,36,13.03,4989.0,0,0,2025-09-04,0.12,0
APP100546,28,Female,Uttar Pradesh,Business Owner,107300.0,647,Personal,258000.0,48,12.35,6839.0,1,1,2024-09-12,0.13,1
APP100635,43,Male,Delhi,Salaried,32900.0,637,Home Renovation,212000.0,24,14.34,10213.0,0,0,2024-02-11,0.31,0
APP104586,59,Female,Rajasthan,Salaried,55800.0,627,Education,20000.0,36,13.69,681.0,1,1,2024-01-19,0.02,1
APP105498,40,Male,Karnataka,Business Owner,54400.0,658,Personal,272000.0,12,12.59,24242.0,0,0,2025-05-21,0.45,1
APP103002,25,Female,Gujarat,Self-Employed,12000.0,603,Business Expansion,492000.0,60,14.57,11594.0,2,0,2025-12-06,2.9,1
APP100687,25,Female,Punjab,Salaried,53900.0,666,Personal,276000.0,36,11.98,9165.0,1,2,2025-05-11,0.34,0
APP102019,53,Male,Tamil Nadu,Salaried,55200.0,750,Personal,84000.0,36,14.18,2878.0,3,1,2025-03-07,0.21,0
APP105553,44,Female,Rajasthan,Salaried,56700.0,523,Medical,251000.0,60,16.29,6143.0,1,2,2025-01-08,0.22,0
APP105209,46,Female,Gujarat,Business Owner,80600.0,624,Business Expansion,20000.0,36,14.08,684.0,1,1,2025-08-01,0.02,0
APP103106,33,Male,Uttar Pradesh,Salaried,53300.0,735,Home Renovation,514000.0,36,11.8,17023.0,0,1,2025-02-12,0.32,0
APP100767,59,Female,Uttar Pradesh,Self-Employed,55900.0,745,Education,163000.0,24,13.39,7779.0,0,2,2024-01-30,0.14,0
APP105569,48,Male,Uttar Pradesh,Business Owner,116300.0,690,Vehicle,313000.0,24,12.49,14806.0,2,3,2024-03-12,0.38,1
APP100255,24,Male,Tamil Nadu,Business Owner,60300.0,674,Personal,360000.0,60,13.02,8195.0,1,0,2024-06-25,0.27,0
APP103897,37,Male,Uttar Pradesh,Business Owner,77700.0,752,Home Renovation,465000.0,24,11.36,21750.0,0,1,2024-11-23,0.28,0
APP103997,35,Male,Tamil Nadu,Self-Employed,27400.0,615,Medical,554000.0,24,15.0,26862.0,0,2,2024-07-14,0.98,0
APP102040,58,Male,Karnataka,Salaried,40800.0,578,Personal,194000.0,84,14.12,3648.0,1,1,2025-07-27,0.18,0
APP101647,59,Male,Maharashtra,Salaried,46200.0,718,Personal,107000.0,24,11.64,5019.0,1,2,2025-04-21,0.22,1
APP102269,52,Female,Punjab,Business Owner,83500.0,789,Medical,72000.0,24,10.93,3353.0,0,2,2025-02-28,0.04,1
APP100951,31,Male,Rajasthan,Salaried,52100.0,715,Personal,20000.0,60,11.58,441.0,0,1,2024-07-08,0.01,0
APP101831,54,Male,Gujarat,Salaried,81400.0,508,Vehicle,209000.0,36,16.11,7359.0,0,2,2025-06-13,0.09,0
APP103249,42,Male,Karnataka,Self-Employed,12000.0,808,Medical,205000.0,24,9.69,9430.0,0,0,2025-04-05,0.79,0
APP104617,37,Male,Karnataka,Self-Employed,37000.0,785,Home Renovation,477000.0,84,11.68,8339.0,0,4,2025-09-20,0.23,0
APP101012,48,Male,Maharashtra,Salaried,44500.0,543,Vehicle,339000.0,36,14.46,11662.0,0,0,2024-01-29,0.26,1
APP103915,26,Female,Tamil Nadu,Business Owner,87700.0,571,Personal,184000.0,36,15.02,6380.0,2,1,2024-08-31,0.22,1
APP104891,21,Female,Maharashtra,Self-Employed,32200.0,718,Vehicle,213000.0,24,14.16,10243.0,1,4,2024-10-30,0.64,0
APP105590,46,Female,Uttar Pradesh,Salaried,43300.0,601,Home Renovation,421000.0,24,15.88,20589.0,2,1,2025-04-16,1.43,1
APP105344,24,Male,Karnataka,Salaried,39200.0,713,Personal,240000.0,48,12.63,6395.0,0,1,2025-03-07,0.16,0
APP103806,23,Male,West Bengal,Business Owner,67800.0,628,Home Renovation,286000.0,24,13.63,13682.0,0,2,2025-12-12,0.2,0
APP102780,54,Female,Karnataka,Self-Employed,35500.0,712,Personal,20000.0,48,12.62,533.0,0,2,2025-03-11,0.02,0
APP104868,27,Male,Gujarat,Salaried,42000.0,715,Personal,130000.0,36,13.3,4399.0,1,1,2024-08-14,0.21,0
APP100360,48,Male,Maharashtra,Salaried,35600.0,755,Personal,206000.0,12,11.6,18264.0,0,1,2025-12-19,0.51,0
APP101061,44,Female,Gujarat,Salaried,42100.0,633,Home Renovation,287000.0,24,13.11,13659.0,1,2,2025-05-19,0.65,1
APP101557,30,Male,Maharashtra,Salaried,55000.0,689,Business Expansion,61000.0,36,13.01,2056.0,0,1,2024-10-18,0.04,0
APP101857,55,Male,West Bengal,Self-Employed,28100.0,625,Medical,253000.0,12,14.54,22780.0,0,0,2024-07-28,0.81,1
APP105808,43,Female,Telangana,Salaried,46600.0,512,Vehicle,118000.0,24,14.29,5682.0,0,1,2024-03-12,0.12,1
APP100584,28,Male,Uttar Pradesh,Self-Employed,30300.0,590,Education,93000.0,36,15.94,3267.0,1,0,2025-01-22,0.22,0
APP102639,55,Male,Karnataka,Self-Employed,45300.0,652,Education,20000.0,36,14.24,686.0,0,1,2024-10-25,0.02,0
APP102379,39,Female,Tamil Nadu,Self-Employed,,607,Vehicle,313000.0,24,15.42,15239.0,1,3,2025-12-16,0.48,1
APP102705,39,Male,Punjab,Salaried,49700.0,845,Personal,271000.0,12,9.0,23699.0,0,2,2024-09-04,0.48,0
APP102246,32,Male,Tamil Nadu,Salaried,58000.0,677,Education,228000.0,24,13.41,10883.0,1,1,2025-01-24,0.38,1
APP105505,30,Female,Rajasthan,Self-Employed,57400.0,570,Personal,366000.0,84,14.13,6885.0,1,1,2025-08-04,0.24,1
APP105917,24,Male,Punjab,Self-Employed,80900.0,609,Vehicle,158000.0,36,15.29,5500.0,0,1,2025-12-02,0.07,0
APP100378,23,Male,Maharashtra,Self-Employed,16700.0,530,Vehicle,259000.0,84,15.54,5077.0,0,1,2025-03-05,0.3,1
APP100667,41,Male,Uttar Pradesh,Salaried,54200.0,739,Vehicle,142000.0,24,12.18,6696.0,1,1,2024-12-06,0.25,0
APP103375,54,Female,Punjab,Business Owner,12000.0,612,Medical,220000.0,12,12.17,19564.0,2,0,2024-10-17,4.89,0
APP103617,56,Female,Punjab,Salaried,49700.0,582,Personal,240000.0,36,12.65,8046.0,1,2,2025-06-19,0.32,1
APP104278,49,Male,Karnataka,Salaried,28600.0,542,Vehicle,167000.0,36,14.36,5737.0,2,2,2025-03-26,0.6,0
APP103444,48,Male,Karnataka,Salaried,56900.0,625,Home Renovation,109000.0,12,14.68,9822.0,1,1,2025-09-18,0.35,1
APP102699,44,Female,Telangana,Salaried,21600.0,742,Home Renovation,292000.0,24,12.26,13781.0,1,3,2024-06-20,1.28,0
APP105306,34,Male,Karnataka,Self-Employed,30300.0,774,Business Expansion,75000.0,24,12.08,3533.0,1,3,2025-02-17,0.23,0
APP105815,34,Female,Gujarat,Salaried,21000.0,791,Personal,131000.0,24,11.77,6153.0,1,1,2025-10-09,0.59,0
APP102436,44,Male,Delhi,Salaried,42300.0,537,Personal,494000.0,48,14.32,13579.0,0,0,2025-11-02,0.32,0
APP102152,30,Male,Maharashtra,Salaried,43000.0,621,Home Renovation,554000.0,60,14.36,12994.0,1,0,2025-08-16,0.6,1
APP101152,32,Male,Tamil Nadu,Business Owner,69900.0,556,Education,338000.0,24,16.05,16558.0,1,2,2024-09-02,0.47,0
APP105972,44,Female,Maharashtra,Self-Employed,12000.0,771,Business Expansion,271000.0,60,13.64,6255.0,0,1,2024-11-12,0.52,0
APP104385,25,Male,Delhi,Salaried,23700.0,689,Business Expansion,155000.0,12,15.44,14022.0,1,1,2025-08-13,1.18,0
APP102901,50,Female,West Bengal,Self-Employed,23900.0,754,Education,42000.0,48,10.9,1083.0,2,2,2024-06-16,0.14,1
APP104492,52,Male,Rajasthan,Self-Employed,12000.0,547,Business Expansion,342000.0,84,14.73,6548.0,0,2,2024-01-09,0.55,1
APP100423,53,Female,Uttar Pradesh,Business Owner,76300.0,548,Personal,443000.0,36,14.81,15316.0,0,2,2024-06-28,0.2,0
APP100139,48,Female,Delhi,Self-Employed,23900.0,658,Personal,67000.0,60,12.32,1501.0,1,3,2024-10-02,0.13,1
APP102103,51,Female,Karnataka,Salaried,41000.0,686,Medical,412000.0,12,13.02,36803.0,0,0,2024-01-20,0.9,0
APP100414,36,Male,Uttar Pradesh,Salaried,12000.0,788,Personal,490000.0,36,10.98,16037.0,2,1,2025-01-03,4.01,1
APP104179,58,Male,Telangana,Business Owner,48800.0,648,Medical,390000.0,36,13.61,13256.0,1,1,2024-07-16,0.54,1
APP103422,22,Male,Rajasthan,Salaried,20000.0,724,Vehicle,325000.0,60,11.8,7197.0,0,1,2024-07-30,0.36,0
APP101423,35,Female,Uttar Pradesh,Salaried,17200.0,734,Education,423000.0,84,15.16,8201.0,0,1,2024-02-05,0.48,1
APP105097,35,Female,Maharashtra,Self-Employed,12000.0,706,Vehicle,336000.0,24,12.02,15820.0,1,2,2025-04-10,2.64,1
APP103306,27,Female,Karnataka,Salaried,52600.0,577,Vehicle,308000.0,48,15.21,8605.0,2,1,2025-10-29,0.49,0
APP102208,44,Female,Tamil Nadu,Salaried,45300.0,700,Vehicle,203000.0,12,11.87,18024.0,1,2,2024-01-10,0.8,0
APP102924,39,Male,Telangana,Salaried,53400.0,511,Business Expansion,178000.0,36,16.37,6291.0,1,0,2025-06-02,0.24,0
APP103611,32,Male,Tamil Nadu,Self-Employed,32200.0,656,Business Expansion,340000.0,36,14.95,11778.0,0,1,2024-08-03,0.37,0
APP105580,26,Male,Maharashtra,Salaried,49500.0,790,Business Expansion,448000.0,60,10.24,9572.0,0,2,2025-11-22,0.19,0
APP101074,52,Male,Tamil Nadu,Salaried,15900.0,699,Medical,170000.0,24,12.52,8044.0,0,2,2025-02-04,0.51,0
APP104318,32,Female,Telangana,Salaried,55100.0,707,Personal,222000.0,60,13.37,5093.0,0,0,2024-09-13,0.09,0
APP102527,55,Male,Telangana,Business Owner,36600.0,642,Education,321000.0,36,13.58,10906.0,0,0,2025-03-15,0.3,1
APP104192,43,Female,Gujarat,Salaried,49300.0,531,Home Renovation,534000.0,24,16.62,26305.0,0,1,2024-03-16,0.53,0
APP105280,23,Male,Maharashtra,Salaried,31800.0,719,Personal,308000.0,12,12.35,27416.0,1,3,2025-02-12,1.72,0
APP101875,51,Female,Tamil Nadu,Self-Employed,12000.0,617,Personal,372000.0,84,12.24,6615.0,0,0,2024-05-17,0.55,0
APP105980,59,Female,Delhi,Self-Employed,40000.0,724,Vehicle,543000.0,24,11.76,25500.0,1,2,2024-12-24,1.27,1
APP104640,26,Female,Gujarat,Salaried,50600.0,749,Business Expansion,201000.0,60,11.33,4403.0,0,2,2024-07-16,0.09,0
APP104818,56,Male,Delhi,Salaried,41500.0,814,Personal,78000.0,84,10.4,1311.0,1,0,2025-08-19,0.06,0
APP100460,56,Female,Tamil Nadu,Salaried,58600.0,672,Medical,168000.0,24,13.66,8039.0,0,0,2025-07-28,0.14,1
APP100156,57,Male,West Bengal,Self-Employed,29600.0,693,Home Renovation,365000.0,24,12.69,17300.0,1,2,2024-10-18,1.17,0
APP101871,51,Female,Rajasthan,Business Owner,18000.0,521,Medical,637000.0,24,16.65,31388.0,2,0,2024-11-19,5.23,1
APP103931,-59,Male,Maharashtra,Self-Employed,12000.0,602,Education,309000.0,36,12.75,10374.0,0,1,2025-01-04,0.86,1
APP103473,59,Female,Maharashtra,Salaried,55600.0,657,Vehicle,278000.0,48,12.71,7418.0,0,1,2025-12-09,0.13,0
APP101718,21,Male,Karnataka,Salaried,,549,Education,112000.0,84,14.73,2144.0,0,3,2024-04-24,0.05,0
APP100529,45,Male,Karnataka,Salaried,36200.0,752,Business Expansion,176000.0,84,11.5,3060.0,0,2,2024-02-27,0.08,1
APP100492,55,Male,Maharashtra,Salaried,70400.0,622,Vehicle,196000.0,48,13.77,5333.0,2,0,2025-05-03,0.23,0
APP104388,41,Male,Telangana,Salaried,58800.0,555,Personal,493000.0,36,15.14,17124.0,1,1,2025-04-12,0.58,1
APP105916,29,Female,Tamil Nadu,Self-Employed,25000.0,660,Vehicle,434000.0,12,12.12,38585.0,2,1,2025-01-24,4.63,1
APP102546,23,Female,Gujarat,Self-Employed,12000.0,612,Education,210000.0,12,14.53,18908.0,1,1,2024-11-23,3.15,0
APP100721,48,Male,Karnataka,Salaried,28000.0,626,Home Renovation,479000.0,36,13.69,16299.0,2,2,2024-07-06,1.75,0
APP103914,57,Male,Tamil Nadu,Salaried,59200.0,584,Business Expansion,20000.0,48,15.29,560.0,3,1,2024-07-18,0.04,0
APP101124,29,Male,Rajasthan,Salaried,53000.0,831,Medical,194000.0,36,12.78,6516.0,2,2,2024-05-21,0.37,0
APP100087,53,Male,Uttar Pradesh,Salaried,71700.0,602,Home Renovation,248000.0,36,13.53,8420.0,1,1,2025-03-08,0.23,0
APP103933,35,Female,Maharashtra,Salaried,,682,Vehicle,558000.0,36,13.51,18939.0,2,2,2024-10-05,1.43,1
APP104715,57,Male,West Bengal,Salaried,16100.0,807,Education,190000.0,36,11.95,6306.0,0,0,2025-10-21,0.39,0
APP100940,24,Male,Maharashtra,Salaried,28100.0,647,Business Expansion,155000.0,36,12.15,5159.0,0,0,2025-01-29,0.18,0
APP102711,27,Female,Punjab,Self-Employed,23800.0,514,Personal,283000.0,48,15.23,7909.0,0,4,2025-06-04,0.33,0
APP105058,37,Female,West Bengal,Salaried,40600.0,612,Home Renovation,52000.0,12,14.54,4682.0,0,2,2024-08-31,0.12,0
APP104275,43,Male,Maharashtra,Salaried,41900.0,774,Vehicle,209000.0,12,12.54,18622.0,1,2,2025-04-13,0.89,1
APP105371,21,Male,Maharashtra,Salaried,36400.0,647,Home Renovation,201000.0,36,12.45,6719.0,1,3,2024-11-14,0.37,0
APP105404,43,Male,Tamil Nadu,Business Owner,92000.0,554,Vehicle,395000.0,24,15.14,19179.0,1,3,2024-12-31,0.42,0
APP100513,58,Male,Gujarat,Self-Employed,43600.0,671,Personal,288000.0,60,11.9,6392.0,0,1,2024-01-17,0.15,0
APP104071,58,Male,Gujarat,Self-Employed,20800.0,597,Business Expansion,293000.0,84,13.51,5412.0,0,2,2025-01-23,0.26,1
APP105497,25,Male,Tamil Nadu,Self-Employed,12000.0,765,Personal,238000.0,36,12.23,7931.0,1,1,2025-08-09,1.32,0
APP100668,34,Female,Uttar Pradesh,Salaried,37000.0,637,Personal,426000.0,84,11.94,7506.0,1,0,2024-03-23,0.41,1
APP100644,29,Male,Punjab,Salaried,28700.0,470,Education,199000.0,48,16.07,5647.0,2,2,2025-10-28,0.59,0
APP103452,57,Male,Gujarat,Self-Employed,34300.0,747,Vehicle,20000.0,60,12.9,454.0,4,1,2025-02-22,0.07,0
APP100214,48,Female,Uttar Pradesh,Salaried,34700.0,559,Vehicle,95000.0,24,13.56,4542.0,0,2,2025-12-28,0.13,0
APP101111,44,Male,Uttar Pradesh,Salaried,68800.0,653,Education,201000.0,36,12.85,6758.0,0,1,2025-03-01,0.1,0
APP102862,31,Male,Maharashtra,Salaried,51100.0,565,Vehicle,425000.0,84,12.52,7621.0,0,0,2024-04-02,0.15,0
APP101297,29,Female,Maharashtra,Self-Employed,,729,Home Renovation,351000.0,84,12.43,6277.0,0,2,2025-08-01,0.25,0
APP104001,33,Male,Punjab,Business Owner,108200.0,598,Personal,278000.0,12,14.9,25079.0,0,2,2025-11-21,0.23,0
APP103258,56,Male,Maharashtra,Salaried,32000.0,709,Home Renovation,222000.0,12,13.77,19909.0,0,2,2024-03-25,0.62,1
APP103674,34,Male,Uttar Pradesh,Salaried,65300.0,701,Personal,221000.0,12,13.52,19793.0,0,0,2025-11-28,0.3,0
APP104876,39,Male,Uttar Pradesh,Business Owner,55900.0,724,Medical,425000.0,24,11.67,19941.0,1,1,2025-04-02,0.71,0
APP102926,30,Female,Uttar Pradesh,Self-Employed,12000.0,682,Personal,405000.0,24,13.5,19350.0,0,2,2024-12-06,1.61,1
APP103517,39,Male,Maharashtra,Salaried,51400.0,751,Personal,327000.0,24,11.35,15294.0,0,1,2024-02-27,0.3,0
APP102662,40,Male,Maharashtra,Salaried,40400.0,524,Home Renovation,480000.0,24,14.97,23267.0,0,2,2024-09-09,0.58,1
APP100075,45,Female,Delhi,Salaried,53600.0,579,Home Renovation,554000.0,48,15.56,15576.0,2,3,2024-04-21,0.87,1
APP102130,59,Female,Tamil Nadu,Self-Employed,33500.0,639,Education,177000.0,36,14.9,6127.0,0,5,2024-09-16,0.18,0
APP105384,55,Female,Punjab,Business Owner,119900.0,562,Education,60000.0,24,15.97,2937.0,1,2,2025-10-03,0.05,1
APP102519,54,Male,Karnataka,Salaried,47200.0,591,Personal,454000.0,36,13.52,15411.0,0,2,2024-12-16,0.33,0
APP101536,38,Female,Punjab,Self-Employed,41900.0,606,Personal,62000.0,48,14.45,1708.0,1,0,2025-01-08,0.08,0
APP101381,36,Male,Uttar Pradesh,Salaried,,617,Medical,20000.0,48,14.13,548.0,1,0,2024-12-03,0.09,0
APP101493,54,Female,Punjab,Self-Employed,12000.0,761,Education,137000.0,24,9.46,6288.0,1,1,2025-09-04,1.05,0
APP104233,46,Male,Tamil Nadu,Business Owner,12000.0,683,Vehicle,191000.0,12,12.11,16980.0,2,2,2024-02-23,4.24,1
APP103727,59,Female,Maharashtra,Salaried,36600.0,761,Medical,302000.0,24,11.98,14213.0,1,0,2024-01-26,0.78,0
APP102203,28,Male,Delhi,Salaried,48100.0,855,Personal,306000.0,36,11.27,10057.0,4,0,2025-08-26,1.05,0
APP101645,56,Male,Telangana,Self-Employed,55100.0,760,Home Renovation,234000.0,36,10.42,7597.0,1,4,2024-10-01,0.28,0
APP102334,56,Female,Rajasthan,Salaried,68000.0,518,Vehicle,241000.0,84,14.7,4610.0,2,1,2024-06-06,0.2,1
APP104013,52,Female,Punjab,Salaried,50300.0,594,Education,320000.0,36,13.23,10818.0,1,3,2025-03-23,0.43,0
APP104351,39,Male,West Bengal,Salaried,62300.0,745,Personal,329000.0,60,11.81,7287.0,1,2,2024-05-27,0.23,0
APP104547,45,Male,Maharashtra,Salaried,45900.0,732,Medical,20000.0,24,13.93,960.0,1,2,2025-09-30,0.04,0
APP104057,50,Male,Delhi,Salaried,37000.0,715,Medical,193000.0,24,12.42,9123.0,0,1,2024-07-26,0.25,1
APP103155,42,Male,Uttar Pradesh,Self-Employed,45300.0,458,Medical,20000.0,60,15.41,480.0,1,1,2025-11-26,0.02,0
APP102642,31,Male,Telangana,Salaried,66000.0,830,Education,93000.0,48,10.23,2369.0,1,0,2024-03-20,0.07,1
APP102969,25,Male,Tamil Nadu,Salaried,64100.0,572,Education,222000.0,84,15.8,4384.0,1,3,2024-10-03,0.14,0
APP102911,56,Male,Tamil Nadu,Business Owner,62100.0,597,Home Renovation,377000.0,48,14.88,10469.0,1,2,2025-04-13,0.34,1
APP104035,48,Female,Karnataka,Salaried,25200.0,699,Vehicle,175000.0,12,13.81,15697.0,1,2,2024-04-10,1.25,1
APP101257,35,Male,Delhi,Self-Employed,12000.0,749,Business Expansion,346000.0,84,11.25,5970.0,1,1,2024-07-31,1.0,1
APP102882,32,Female,Uttar Pradesh,Salaried,43100.0,773,Business Expansion,320000.0,24,12.62,15156.0,1,1,2024-12-10,0.7,0
APP103827,45,Male,Delhi,Business Owner,121900.0,711,Vehicle,441000.0,24,12.34,20829.0,0,2,2025-08-07,0.17,1
APP103113,37,Male,Punjab,Salaried,25400.0,639,Medical,27000.0,24,14.28,1300.0,1,1,2024-07-17,0.1,1
APP103320,52,Male,Karnataka,Self-Employed,37600.0,631,Medical,412000.0,24,14.06,19793.0,0,1,2024-01-07,0.53,0
APP100789,57,Male,Telangana,Salaried,46900.0,827,Personal,459000.0,36,10.91,15008.0,1,0,2025-03-12,0.64,0
APP104524,44,Male,Tamil Nadu,Business Owner,12000.0,675,Vehicle,20000.0,60,14.29,468.0,2,1,2025-01-19,0.12,1
APP102416,26,Male,Delhi,Business Owner,83100.0,790,Personal,219000.0,24,9.55,10060.0,0,2,2024-01-30,0.12,0
APP104991,58,Male,Gujarat,Salaried,34900.0,685,Business Expansion,290000.0,36,12.67,9725.0,2,1,2024-09-03,0.84,0
APP105443,22,Male,Uttar Pradesh,Business Owner,13200.0,660,Vehicle,20000.0,12,14.01,1796.0,1,0,2024-03-11,0.27,0
APP100294,55,Male,Tamil Nadu,Salaried,28700.0,765,Education,98000.0,36,12.9,3297.0,2,1,2024-12-01,0.34,0
APP100909,28,Male,Uttar Pradesh,Salaried,61400.0,732,Personal,378000.0,36,11.61,12485.0,2,2,2025-01-31,0.61,0
APP104431,39,Female,Uttar Pradesh,Salaried,47900.0,762,Business Expansion,380000.0,12,12.44,33841.0,0,0,2024-08-08,0.71,0
APP101632,40,Male,Tamil Nadu,Salaried,62900.0,644,Home Renovation,146000.0,24,14.33,7033.0,1,1,2024-08-19,0.22,0
APP104932,42,Male,Karnataka,Salaried,58200.0,715,Home Renovation,221000.0,48,14.01,6040.0,1,3,2025-08-25,0.21,1
APP104856,25,Female,Karnataka,Salaried,35900.0,571,Business Expansion,394000.0,12,15.82,35714.0,3,2,2024-01-31,3.98,1
APP102021,22,Female,Telangana,Salaried,56200.0,621,Vehicle,451000.0,24,13.68,21586.0,1,3,2025-06-07,0.77,0
APP103433,37,Male,Maharashtra,Business Owner,25400.0,520,Personal,163000.0,60,13.79,3775.0,3,0,2024-02-16,0.59,1
APP105045,52,Male,Karnataka,Salaried,55800.0,628,Home Renovation,248000.0,60,13.32,5683.0,1,0,2024-11-14,0.2,0
APP104425,38,Male,Telangana,Self-Employed,24000.0,796,Business Expansion,256000.0,24,12.73,12138.0,2,1,2024-12-11,1.52,0
APP105387,36,Female,Maharashtra,Salaried,62000.0,725,Home Renovation,352000.0,84,12.96,6396.0,1,0,2025-07-30,0.21,0
APP101125,42,Male,Uttar Pradesh,Salaried,30200.0,561,Business Expansion,277000.0,24,13.65,13254.0,0,0,2024-10-24,0.44,0
APP103961,27,Male,Maharashtra,Self-Employed,35300.0,790,Personal,261000.0,24,10.0,12044.0,0,1,2025-12-27,0.34,0
APP102843,38,Male,Delhi,Business Owner,42300.0,718,Education,373000.0,48,10.0,9460.0,0,0,2024-05-31,0.22,0
APP102050,27,Female,Punjab,Salaried,33800.0,859,Personal,623000.0,36,10.29,20187.0,0,1,2024-09-16,0.6,1
APP104942,29,Female,West Bengal,Salaried,21100.0,706,Home Renovation,466000.0,36,11.68,15407.0,0,4,2024-01-14,0.73,1
APP105296,40,Male,West Bengal,Self-Employed,14600.0,665,Vehicle,529000.0,60,13.83,12262.0,2,0,2025-02-22,2.52,1
APP104003,40,Male,Karnataka,Salaried,36600.0,752,Business Expansion,601000.0,84,11.06,10310.0,0,2,2025-07-30,0.28,0
APP104373,58,Female,Karnataka,Self-Employed,29200.0,577,Vehicle,403000.0,60,15.41,9674.0,1,0,2025-04-21,0.66,1
APP104464,41,Male,West Bengal,Salaried,32200.0,675,Home Renovation,20000.0,24,11.68,938.0,1,2,2024-01-18,0.06,1
APP103750,56,Male,Delhi,Salaried,42400.0,694,Medical,265000.0,24,12.3,12512.0,0,0,2024-12-14,0.3,0
APP101526,22,Male,Punjab,Business Owner,55200.0,756,Personal,328000.0,12,12.21,29175.0,2,3,2024-05-15,1.59,0
APP105502,49,Female,Gujarat,Self-Employed,44200.0,490,Medical,483000.0,48,15.23,13499.0,3,1,2024-06-29,1.22,1
APP102654,36,Female,Uttar Pradesh,Self-Employed,67400.0,740,Education,211000.0,36,12.5,7059.0,0,2,2025-12-28,0.1,0
APP104288,46,Male,Karnataka,Salaried,51200.0,614,Medical,397000.0,36,13.96,13561.0,1,1,2025-06-02,0.53,0
APP104914,23,Female,Karnataka,Self-Employed,27300.0,552,Personal,473000.0,48,13.62,12835.0,1,2,2024-10-31,0.94,1
APP101145,42,Male,Punjab,Salaried,69800.0,698,Personal,410000.0,36,12.16,13649.0,1,1,2025-02-23,0.39,0
APP105318,36,Male,Uttar Pradesh,Self-Employed,38900.0,649,Medical,219000.0,36,14.47,7535.0,0,1,2024-02-16,0.19,0
APP103967,35,Male,West Bengal,Salaried,19500.0,732,Vehicle,20000.0,12,12.02,1777.0,1,2,2025-07-09,0.18,0
APP100002,35,Female,Punjab,Self-Employed,48500.0,683,Education,61000.0,48,12.13,1610.0,2,1,2024-10-20,0.1,1
APP101337,29,Male,Gujarat,Salaried,61000.0,663,Personal,210000.0,36,12.51,7026.0,0,1,2025-05-29,0.12,0
APP102979,41,Female,Gujarat,Salaried,33800.0,624,Medical,211000.0,36,13.15,7125.0,0,0,2024-02-15,0.21,0
APP104655,40,Male,Tamil Nadu,Self-Employed,14800.0,546,Home Renovation,77000.0,24,13.56,3681.0,0,2,2024-03-04,0.25,1
APP101909,30,Female,Gujarat,Salaried,63000.0,613,Personal,132000.0,36,13.62,4487.0,2,2,2024-10-02,0.21,0
APP103025,56,Male,Telangana,Business Owner,12800.0,732,Vehicle,387000.0,12,12.25,34430.0,1,1,2024-03-26,5.38,1
APP105731,33,Male,Rajasthan,Salaried,29400.0,529,Vehicle,438000.0,24,14.38,21108.0,0,0,2025-02-06,0.72,1
APP100653,28,Female,Maharashtra,Business Owner,34700.0,663,Medical,20000.0,36,13.45,678.0,1,1,2025-08-07,0.04,0
APP105912,57,Male,Rajasthan,Self-Employed,52100.0,594,Business Expansion,436000.0,36,15.8,15285.0,0,2,2024-08-30,0.29,0
APP104620,34,Female,Maharashtra,Salaried,24800.0,484,Medical,151000.0,60,14.41,3546.0,1,1,2024-05-30,0.29,1
APP102957,55,Female,Maharashtra,Business Owner,51100.0,780,Education,331000.0,84,13.0,6022.0,1,1,2025-08-18,0.24,0
APP103350,37,Male,Maharashtra,Business Owner,57600.0,642,Education,215000.0,36,12.44,7186.0,1,0,2024-10-17,0.25,1
APP104598,45,Female,Delhi,Salaried,24200.0,682,Personal,170000.0,36,13.99,5809.0,0,2,2025-10-27,0.24,0
APP105380,39,Male,Maharashtra,Self-Employed,69400.0,841,Home Renovation,340000.0,24,12.28,16049.0,1,0,2024-12-10,0.46,0
APP100785,26,Female,Tamil Nadu,Salaried,35000.0,598,Home Renovation,62000.0,60,12.27,1388.0,1,1,2025-07-28,0.08,1
APP105997,46,Male,Gujarat,Self-Employed,34200.0,726,Personal,418000.0,12,13.71,37474.0,0,1,2024-02-23,1.1,0
APP105427,46,Male,Tamil Nadu,Business Owner,86700.0,660,Business Expansion,57000.0,24,13.05,2711.0,0,2,2024-05-06,0.03,0
APP102725,55,Female,Uttar Pradesh,Self-Employed,12000.0,802,Vehicle,376000.0,36,11.5,12399.0,1,0,2024-08-05,2.07,0
APP100037,45,Female,Uttar Pradesh,Salaried,57500.0,730,Personal,314000.0,36,12.03,10434.0,2,1,2025-05-26,0.54,0
APP101153,27,Male,Uttar Pradesh,Self-Employed,34900.0,684,Vehicle,397000.0,24,10.83,18472.0,1,1,2024-12-08,1.06,1
APP104679,22,Male,Karnataka,Business Owner,72600.0,698,Education,527000.0,36,13.24,17818.0,1,0,2024-08-15,0.49,0
APP100744,42,Female,Tamil Nadu,Salaried,40100.0,759,Personal,261000.0,36,12.72,8759.0,0,2,2025-02-25,0.22,0
APP105714,21,Female,Telangana,Salaried,,742,Education,259000.0,36,12.23,8631.0,1,1,2024-03-30,0.36,0
APP100259,40,Male,Karnataka,Salaried,44000.0,668,Education,215000.0,24,12.74,10195.0,0,0,2025-02-28,0.23,0
APP100964,32,Female,Karnataka,Salaried,66700.0,641,Vehicle,301000.0,12,14.41,27084.0,0,2,2025-11-10,0.41,0
APP100541,23,Male,Maharashtra,Salaried,44500.0,746,Medical,81000.0,48,12.59,2157.0,1,2,2025-10-24,0.1,0
APP102290,49,Male,Karnataka,Salaried,32700.0,722,Business Expansion,192000.0,60,12.54,4324.0,0,3,2024-10-04,0.13,0
APP100533,51,Male,Uttar Pradesh,Business Owner,12000.0,646,Personal,313000.0,48,13.53,8480.0,0,0,2025-10-30,0.71,1
APP103613,37,Female,Tamil Nadu,Salaried,39200.0,609,Medical,281000.0,36,13.22,9498.0,0,1,2025-08-27,0.24,0
APP100633,58,Male,Punjab,Salaried,45200.0,575,Business Expansion,123000.0,24,14.65,5943.0,1,0,2025-02-12,0.26,1
APP100556,52,Male,West Bengal,Self-Employed,47100.0,778,Medical,144000.0,12,11.82,12782.0,0,1,2024-07-16,0.27,0
APP103228,37,Male,West Bengal,Salaried,41500.0,683,Education,195000.0,36,12.84,6555.0,0,0,2024-08-04,0.16,0
APP104801,46,Female,Delhi,Salaried,60700.0,791,Personal,387000.0,48,11.91,10174.0,0,1,2025-12-29,0.17,0
APP102114,43,Male,Uttar Pradesh,Self-Employed,23100.0,718,Personal,338000.0,60,10.25,7223.0,1,1,2024-02-22,0.63,1
APP102756,28,Male,Punjab,Self-Employed,54100.0,621,Medical,20000.0,36,13.1,675.0,0,0,2025-01-19,0.01,1
APP100590,48,Female,Rajasthan,Business Owner,104100.0,661,Business Expansion,389000.0,12,11.96,34555.0,0,0,2024-06-13,0.33,0
APP102055,55,Male,Gujarat,Salaried,53400.0,513,Vehicle,20000.0,36,15.62,699.0,1,1,2025-12-23,0.03,0
APP101344,48,Male,Delhi,Salaried,40900.0,565,Personal,368000.0,48,13.61,9984.0,0,2,2024-11-05,0.24,0
APP100886,24,Female,Maharashtra,Business Owner,35500.0,502,Vehicle,20000.0,60,16.57,492.0,0,1,2024-11-30,0.01,1
APP103303,54,Male,Karnataka,Self-Employed,27600.0,774,Personal,335000.0,12,11.86,29742.0,1,1,2024-10-12,2.16,1
APP102234,45,Male,Rajasthan,Salaried,20200.0,706,Personal,83000.0,36,12.7,2785.0,0,0,2025-08-09,0.14,1
APP103075,50,Male,Karnataka,Salaried,43500.0,593,Vehicle,382000.0,60,14.58,9004.0,0,2,2024-01-02,0.21,1
APP104402,37,Male,Uttar Pradesh,Self-Employed,64500.0,587,Personal,214000.0,12,14.3,19245.0,0,2,2025-07-17,0.3,1
APP100495,41,Male,Uttar Pradesh,Salaried,45600.0,675,Education,544000.0,24,13.06,25878.0,0,0,2025-02-16,0.57,0
APP103519,48,Male,Karnataka,Self-Employed,33900.0,788,Home Renovation,686000.0,24,11.94,32273.0,0,0,2024-08-22,0.95,0
APP104202,32,Female,Maharashtra,Self-Employed,12000.0,735,Education,384000.0,24,11.5,17987.0,2,1,2025-05-01,4.5,1
APP100362,57,Male,Maharashtra,Self-Employed,52900.0,518,Education,304000.0,36,12.59,10183.0,1,0,2025-12-25,0.38,1
APP103066,44,Male,West Bengal,Self-Employed,,563,Education,349000.0,60,13.43,8018.0,0,1,2025-05-28,0.42,0
APP101150,47,Female,West Bengal,Self-Employed,70100.0,674,Personal,529000.0,12,12.44,47110.0,0,2,2025-05-31,0.67,0
APP103286,37,Female,Telangana,Self-Employed,24400.0,770,Vehicle,232000.0,60,12.39,5207.0,1,1,2024-12-06,0.43,0
APP105093,40,Male,Maharashtra,Salaried,37300.0,597,Home Renovation,111000.0,12,14.18,9976.0,2,2,2025-01-03,0.8,0
APP103389,23,Male,Telangana,Salaried,31200.0,724,Education,142000.0,48,12.12,3748.0,1,2,2024-03-27,0.24,0
APP105990,34,Female,Telangana,Salaried,34000.0,650,Business Expansion,233000.0,60,14.09,5432.0,1,0,2024-10-29,0.32,0
APP101032,36,Male,Maharashtra,Salaried,34700.0,549,Education,203000.0,36,13.9,6928.0,1,1,2025-02-05,0.4,0
APP105174,24,Male,Punjab,Self-Employed,60200.0,804,Education,20000.0,48,10.99,517.0,0,1,2025-01-27,0.01,0
APP104602,57,Male,Gujarat,Salaried,35900.0,675,Vehicle,410000.0,60,12.27,9176.0,1,1,2024-08-19,0.51,0
APP102686,43,Female,Punjab,Self-Employed,66200.0,740,Vehicle,306000.0,24,12.91,14535.0,2,1,2025-05-26,0.66,0
APP102028,23,Female,Telangana,Salaried,77300.0,404,Education,44000.0,36,16.78,1564.0,0,0,2025-01-27,0.02,0
APP103117,22,Female,West Bengal,Salaried,62000.0,562,Education,223000.0,12,15.08,20136.0,1,1,2025-08-22,0.65,1
APP100662,50,Male,Telangana,Salaried,26200.0,742,Medical,189000.0,12,12.46,16833.0,0,0,2025-06-11,0.64,0
APP100993,46,Male,Delhi,Salaried,45700.0,601,Business Expansion,20000.0,24,14.22,962.0,1,1,2024-12-06,0.04,0
APP100648,21,Male,Maharashtra,Self-Employed,36600.0,801,Medical,97000.0,36,12.22,3232.0,1,3,2024-06-11,0.18,0
APP105900,42,Male,Uttar Pradesh,Salaried,47800.0,835,Business Expansion,235000.0,84,11.2,4049.0,1,2,2024-12-27,0.17,0
APP103219,45,Male,Delhi,Self-Employed,43700.0,661,Education,234000.0,60,12.62,5279.0,2,1,2024-08-19,0.36,0
APP101712,22,Male,West Bengal,Self-Employed,16300.0,731,Home Renovation,359000.0,60,12.29,8038.0,0,0,2025-03-27,0.49,0
APP100070,46,Female,West Bengal,Self-Employed,38300.0,665,Education,381000.0,24,14.6,18401.0,1,3,2025-03-31,0.96,1
APP104841,49,Male,Maharashtra,Salaried,64700.0,728,Medical,289000.0,24,12.17,13627.0,0,0,2025-08-25,0.21,0
APP105630,55,Male,West Bengal,Self-Employed,47300.0,736,Vehicle,382000.0,48,13.46,10336.0,0,0,2025-03-31,0.22,0
APP101971,43,Female,Delhi,Self-Employed,54700.0,611,Vehicle,218000.0,12,12.73,19444.0,3,0,2025-01-07,1.42,1
APP102535,35,Male,Maharashtra,Salaried,40700.0,613,Home Renovation,270000.0,60,15.14,6443.0,0,0,2025-04-06,0.16,0
APP100578,36,Male,Punjab,Salaried,61200.0,750,Business Expansion,180000.0,24,11.91,8466.0,4,0,2024-12-17,0.69,0
APP105543,23,Male,Uttar Pradesh,Business Owner,55000.0,705,Vehicle,593000.0,36,11.42,19532.0,4,0,2024-03-19,1.78,1
APP104706,24,Male,Rajasthan,Business Owner,93900.0,837,Home Renovation,321000.0,12,11.18,28397.0,3,1,2024-07-24,1.21,0
APP101686,30,Male,Karnataka,Self-Employed,27900.0,591,Medical,153000.0,60,12.68,3456.0,1,2,2025-07-25,0.25,0
APP104188,43,Male,Uttar Pradesh,Self-Employed,23700.0,643,Personal,447000.0,12,11.81,39676.0,1,0,2024-08-14,3.35,1
APP101258,24,Female,Maharashtra,Self-Employed,30700.0,608,Home Renovation,200000.0,48,12.78,5344.0,0,0,2024-11-10,0.17,1
APP104922,40,Male,Gujarat,Salaried,43400.0,581,Medical,190000.0,36,16.2,6699.0,2,0,2025-03-16,0.46,0
APP102124,53,Male,Maharashtra,Salaried,30300.0,681,Home Renovation,508000.0,48,13.16,13669.0,3,1,2024-07-29,1.8,1
APP105700,29,Male,Delhi,Salaried,46100.0,708,Vehicle,376000.0,60,12.65,8488.0,1,0,2025-07-25,0.37,0
APP101312,24,Male,Punjab,Salaried,45200.0,510,Medical,113000.0,36,13.68,3845.0,0,2,2024-12-31,0.09,1
APP100361,46,Male,Rajasthan,Self-Employed,49100.0,623,Business Expansion,324000.0,24,12.27,15293.0,0,2,2025-04-04,0.31,0
APP105860,43,Male,Gujarat,Self-Employed,12000.0,605,Education,20000.0,60,14.08,466.0,2,0,2024-07-17,0.12,0
APP105142,34,Male,Karnataka,Business Owner,85100.0,793,Vehicle,396000.0,60,10.65,8541.0,2,1,2024-12-22,0.3,1
APP103758,30,Male,Gujarat,Salaried,27300.0,613,Home Renovation,30000.0,60,13.85,696.0,0,2,2024-08-29,0.03,0
APP103620,24,Female,Maharashtra,Salaried,46700.0,747,Medical,563000.0,36,11.63,18600.0,1,2,2024-03-01,0.8,1
APP103969,52,Male,Delhi,Salaried,20600.0,550,Medical,20000.0,60,14.9,475.0,0,3,2025-09-12,0.02,0
APP102959,26,Female,Rajasthan,Business Owner,12000.0,593,Personal,244000.0,84,13.92,4562.0,2,1,2025-03-22,1.14,0
APP102557,32,Male,Rajasthan,Self-Employed,26700.0,621,Personal,384000.0,24,13.18,18289.0,1,4,2025-05-13,1.37,1
APP103874,24,Female,Gujarat,Business Owner,112900.0,623,Education,269000.0,60,11.42,5905.0,0,0,2024-04-19,0.05,1
APP103962,59,Male,Gujarat,Self-Employed,14000.0,664,Business Expansion,182000.0,36,12.45,6084.0,1,1,2025-07-08,0.87,1
APP102753,44,Male,Karnataka,Salaried,83400.0,801,Personal,392000.0,24,11.91,18436.0,0,1,2025-05-17,0.22,0
APP105340,52,Male,Tamil Nadu,Self-Employed,19500.0,697,Medical,351000.0,12,10.53,30945.0,0,0,2025-08-08,1.59,0
APP104937,52,Female,Telangana,Salaried,41800.0,737,Vehicle,175000.0,36,13.21,5914.0,0,0,2025-01-29,0.14,0
APP102825,39,Female,Telangana,Self-Employed,47500.0,799,Personal,462000.0,84,10.98,7906.0,1,0,2025-06-14,0.33,0
APP102462,56,Male,Telangana,Salaried,21600.0,709,Personal,283000.0,48,12.72,7553.0,1,1,2024-09-28,0.7,0
APP101997,50,Female,Tamil Nadu,Salaried,36700.0,634,Vehicle,332000.0,48,13.64,9013.0,1,0,2025-09-25,0.49,1
APP102323,52,Male,Gujarat,Self-Employed,49100.0,764,Education,381000.0,24,11.09,17774.0,2,2,2024-08-22,1.09,0
APP104521,30,Male,Gujarat,Self-Employed,51300.0,704,Personal,534000.0,24,11.99,25135.0,1,2,2024-08-25,0.98,1
APP102561,48,Male,Telangana,Self-Employed,38900.0,624,Home Renovation,34000.0,36,14.05,1163.0,0,2,2024-07-21,0.03,1
APP105840,35,Male,Maharashtra,Self-Employed,12000.0,736,Education,339000.0,12,10.08,29816.0,1,2,2024-12-03,4.97,1
APP104154,36,Female,Uttar Pradesh,Self-Employed,28100.0,737,Personal,256000.0,24,10.2,11837.0,0,0,2024-01-13,0.42,0
APP104941,32,Male,Telangana,Self-Employed,19500.0,757,Personal,228000.0,48,12.91,6106.0,0,2,2024-12-04,0.31,0
APP104503,44,Female,Uttar Pradesh,Self-Employed,46100.0,757,Personal,249000.0,24,10.84,11587.0,0,2,2025-08-21,0.25,0
APP102763,49,Male,Punjab,Salaried,72800.0,742,Business Expansion,238000.0,36,9.49,7623.0,1,0,2024-12-16,0.21,0
APP104619,37,Male,Maharashtra,Self-Employed,46400.0,639,Home Renovation,300000.0,12,12.63,26743.0,1,2,2025-07-29,1.15,0
APP104614,37,Male,Gujarat,Self-Employed,27300.0,757,Personal,388000.0,60,12.25,8680.0,1,1,2025-04-17,0.64,0
APP100009,31,Male,Tamil Nadu,Salaried,56700.0,696,Personal,408000.0,36,11.68,13489.0,0,2,2024-06-29,0.24,1
APP103148,28,Male,Maharashtra,Salaried,48900.0,710,Home Renovation,326000.0,36,13.42,11050.0,1,2,2025-12-07,0.45,0
APP102783,28,Male,Karnataka,Salaried,53000.0,689,Vehicle,141000.0,36,13.05,4754.0,1,0,2025-09-16,0.18,0
APP100405,51,Male,Telangana,Salaried,36200.0,841,Vehicle,216000.0,60,10.56,4649.0,1,1,2025-11-22,0.26,0
APP100873,49,Male,Telangana,Business Owner,33100.0,619,Vehicle,253000.0,48,13.59,6862.0,0,2,2025-10-27,0.21,0
APP104953,56,Male,Karnataka,Salaried,54800.0,763,Business Expansion,57000.0,36,11.21,1872.0,1,3,2025-12-04,0.07,0
APP103628,24,Male,Punjab,Salaried,57700.0,683,Education,169000.0,48,12.58,4499.0,0,1,2024-04-23,0.08,0
APP101017,40,Male,Karnataka,Salaried,59900.0,773,Vehicle,414000.0,84,12.18,7348.0,1,1,2025-11-13,0.25,0
APP104755,45,Male,Telangana,Salaried,40600.0,763,Personal,337000.0,24,10.4,15613.0,0,0,2024-01-07,0.38,1
APP105584,26,Male,Punjab,Salaried,43200.0,563,Personal,231000.0,12,13.89,20729.0,0,0,2024-09-25,0.48,0
APP102277,41,Female,Delhi,Business Owner,15700.0,678,Business Expansion,208000.0,36,15.01,7211.0,1,2,2025-12-15,0.92,1
APP105234,41,Male,Punjab,Self-Employed,12000.0,563,Vehicle,175000.0,24,14.1,8411.0,0,1,2025-10-13,0.7,1
APP103052,25,Female,Karnataka,Salaried,39500.0,774,Business Expansion,20000.0,36,11.02,655.0,1,1,2025-06-14,0.03,0
APP103269,33,Female,Gujarat,Self-Employed,60600.0,633,Personal,165000.0,48,14.12,4519.0,0,0,2024-07-28,0.07,0
APP104970,34,Female,Telangana,Self-Employed,31200.0,614,Medical,227000.0,48,13.75,6175.0,0,2,2024-08-19,0.2,1
APP105501,22,Male,Delhi,Self-Employed,50400.0,590,Business Expansion,174000.0,48,14.58,4806.0,0,0,2024-07-18,0.1,0
APP102996,39,Male,West Bengal,Salaried,12000.0,635,Vehicle,107000.0,36,14.75,3696.0,0,5,2025-07-22,0.31,0
APP102035,42,Male,Maharashtra,Self-Employed,49900.0,638,Business Expansion,146000.0,60,13.28,3343.0,0,2,2024-07-03,0.07,0
APP103419,54,Male,Delhi,Business Owner,44000.0,690,Business Expansion,70000.0,60,12.59,1578.0,2,2,2024-12-03,0.11,1
APP102900,58,Male,Tamil Nadu,Self-Employed,30300.0,815,Home Renovation,215000.0,24,11.28,10049.0,1,0,2024-01-18,0.66,0
APP100855,29,Male,Rajasthan,Salaried,40900.0,542,Business Expansion,151000.0,84,14.67,2886.0,1,2,2024-07-13,0.14,1
APP100445,54,Male,Tamil Nadu,Salaried,12000.0,686,Home Renovation,44000.0,84,13.88,822.0,1,0,2024-09-18,0.14,0
APP103319,29,Male,West Bengal,Salaried,47300.0,678,Personal,329000.0,36,13.47,11160.0,2,1,2024-04-20,0.71,0
APP103222,41,Male,Maharashtra,Self-Employed,21000.0,615,Personal,357000.0,12,15.09,32237.0,0,3,2024-08-26,1.54,0
APP101429,40,Male,Gujarat,Self-Employed,25600.0,624,Medical,279000.0,36,11.82,9243.0,1,2,2025-04-27,0.72,1
APP100284,37,Male,Telangana,Salaried,36900.0,525,Medical,26000.0,60,15.55,626.0,0,0,2025-11-24,0.02,1
APP105728,54,Male,Tamil Nadu,Business Owner,35200.0,578,Home Renovation,22000.0,24,14.48,1061.0,1,2,2025-10-27,0.06,0
APP104423,49,Male,Delhi,Self-Employed,12000.0,625,Medical,318000.0,12,14.92,28690.0,1,0,2024-04-02,4.78,1
APP105865,27,Male,West Bengal,Salaried,55500.0,474,Education,249000.0,24,14.93,12065.0,1,1,2025-02-08,0.43,0
APP105104,58,Male,Telangana,Salaried,63200.0,712,Personal,312000.0,36,10.64,10161.0,0,2,2025-03-11,0.16,0
APP105157,45,Male,Telangana,Salaried,25900.0,635,Medical,401000.0,24,11.38,18761.0,0,1,2024-03-09,0.72,1
APP105532,51,Male,West Bengal,Salaried,23800.0,688,Education,205000.0,48,12.62,5461.0,1,1,2025-10-03,0.46,0
APP103859,58,Male,Uttar Pradesh,Self-Employed,63100.0,554,Medical,20000.0,12,14.49,1800.0,2,1,2024-09-24,0.09,1
APP104218,50,Male,Gujarat,Salaried,37800.0,693,Business Expansion,333000.0,48,13.66,9043.0,0,0,2025-04-10,0.24,0
APP105830,26,Male,Telangana,Salaried,64400.0,799,Medical,521000.0,24,10.54,24172.0,0,3,2024-04-04,0.38,0
APP101897,47,Male,Delhi,Salaried,43700.0,510,Education,491000.0,24,14.36,23658.0,1,1,2024-07-23,1.08,1
APP102175,49,Female,Maharashtra,Salaried,37800.0,593,Vehicle,20000.0,84,12.72,361.0,0,3,2025-10-17,0.01,0
APP101544,28,Female,Gujarat,Business Owner,82100.0,829,Business Expansion,20000.0,24,12.83,949.0,0,1,2025-02-06,0.01,1
APP103858,58,Male,Uttar Pradesh,Salaried,61900.0,701,Vehicle,38000.0,24,12.7,1801.0,1,1,2024-04-25,0.06,0
APP105044,43,Male,Punjab,Salaried,23300.0,681,Personal,328000.0,48,12.71,8752.0,1,0,2024-03-15,0.75,0
APP102766,58,Female,Karnataka,Salaried,39800.0,693,Vehicle,382000.0,60,13.41,8772.0,1,2,2025-05-21,0.44,1
APP103984,22,Male,Delhi,Self-Employed,13300.0,703,Medical,79000.0,12,13.74,7084.0,2,2,2025-02-27,1.6,1
APP105025,43,Male,Telangana,Salaried,66700.0,607,Personal,117000.0,24,12.99,5562.0,1,0,2024-08-23,0.17,1
APP102970,57,Male,Telangana,Salaried,34500.0,610,Business Expansion,308000.0,12,14.83,27775.0,3,1,2025-01-31,3.22,1
APP105806,30,Male,Delhi,Business Owner,48400.0,655,Personal,425000.0,36,13.51,14425.0,1,0,2025-10-05,0.6,0
APP102179,37,Male,West Bengal,Salaried,31400.0,808,Home Renovation,229000.0,48,13.27,6174.0,0,2,2025-06-17,0.2,1
APP101144,43,Male,Rajasthan,Salaried,54000.0,835,Medical,157000.0,36,11.61,5185.0,1,1,2024-06-01,0.19,0
APP102094,40,Female,Punjab,Salaried,40400.0,643,Vehicle,125000.0,84,12.46,2237.0,0,0,2024-02-23,0.06,0
APP104081,33,Female,Telangana,Salaried,23500.0,605,Vehicle,231000.0,84,13.79,4302.0,2,1,2025-09-25,0.55,0
APP104956,22,Male,Telangana,Salaried,35100.0,861,Vehicle,193000.0,36,9.0,6137.0,0,1,2024-09-25,0.17,0
APP102043,50,Male,West Bengal,Salaried,20700.0,631,Education,271000.0,24,15.56,13212.0,0,0,2024-09-06,0.64,0
APP101256,59,Female,Tamil Nadu,Salaried,61600.0,681,Personal,243000.0,24,13.18,11573.0,0,3,2025-11-15,0.19,0
APP100498,36,Female,Uttar Pradesh,Salaried,44900.0,494,Business Expansion,244000.0,36,17.72,8787.0,0,1,2025-04-24,0.2,1
APP102158,41,Male,Gujarat,Salaried,37600.0,622,Business Expansion,356000.0,36,14.49,12252.0,0,1,2024-06-13,0.33,1
APP104114,27,Female,Maharashtra,Business Owner,103100.0,638,Business Expansion,20000.0,36,12.12,665.0,1,3,2024-05-18,0.01,0
APP105369,34,Male,Gujarat,Business Owner,47400.0,731,Business Expansion,307000.0,36,12.73,10304.0,1,0,2024-06-16,0.43,0
APP103445,48,Male,Uttar Pradesh,Self-Employed,41400.0,834,Home Renovation,113000.0,48,11.45,2945.0,0,1,2025-03-09,0.07,0
APP103362,48,Male,Maharashtra,Self-Employed,39300.0,631,Vehicle,236000.0,60,13.25,5400.0,0,1,2025-04-20,0.14,0
APP100379,32,Male,Karnataka,Self-Employed,26500.0,712,Vehicle,239000.0,12,11.63,21194.0,0,2,2024-02-28,0.8,0
APP104943,32,Male,West Bengal,Self-Employed,26000.0,487,Vehicle,486000.0,24,15.11,23590.0,1,0,2024-04-23,1.81,1
APP102414,33,Male,Tamil Nadu,Salaried,56600.0,822,Personal,591000.0,24,11.65,27724.0,0,1,2024-01-21,0.49,0
APP101052,53,Female,Gujarat,Salaried,44600.0,734,Education,415000.0,60,11.03,9029.0,1,0,2024-12-14,0.4,0
APP100190,26,Male,Uttar Pradesh,Salaried,48300.0,613,Home Renovation,77000.0,12,14.2,6921.0,0,3,2025-07-13,0.14,1
APP102547,28,Male,Tamil Nadu,Self-Employed,13600.0,878,Personal,126000.0,24,10.84,5863.0,0,2,2024-10-09,0.43,1
APP101720,26,Male,Tamil Nadu,Salaried,20900.0,752,Personal,232000.0,12,10.65,20467.0,1,4,2024-07-05,1.96,1
APP103338,46,Male,Karnataka,Salaried,57200.0,596,Education,140000.0,60,15.12,3339.0,3,1,2025-12-23,0.23,0
APP102587,50,Male,Karnataka,Self-Employed,72400.0,734,Education,239000.0,60,11.5,5256.0,0,2,2025-06-08,0.07,0
APP100020,41,Female,Uttar Pradesh,Business Owner,22500.0,620,Home Renovation,134000.0,48,13.05,3598.0,1,2,2024-02-19,0.32,0
APP103073,46,Male,Uttar Pradesh,Self-Employed,16900.0,697,Personal,268000.0,48,14.01,7325.0,2,0,2025-10-18,1.3,0
APP103417,24,Female,Rajasthan,Business Owner,64700.0,647,Personal,20000.0,84,13.87,373.0,0,0,2024-05-14,0.01,1
APP103026,58,Male,Tamil Nadu,Business Owner,43800.0,606,Vehicle,342000.0,12,13.67,30654.0,0,0,2025-01-17,0.7,1
APP102020,43,Male,Maharashtra,Salaried,45400.0,775,Home Renovation,436000.0,84,13.01,7934.0,2,0,2025-01-16,0.52,0
APP105847,25,Female,Delhi,Salaried,73700.0,625,Vehicle,164000.0,24,14.33,7900.0,3,1,2025-07-04,0.43,1
APP104592,29,Male,Karnataka,Salaried,19200.0,671,Personal,63000.0,12,14.32,5666.0,1,3,2024-02-19,0.59,0
APP104485,58,Female,Karnataka,Self-Employed,83700.0,760,Home Renovation,126000.0,12,12.44,11221.0,0,0,2024-05-02,0.13,0
APP100208,27,Male,Punjab,Salaried,42200.0,637,Education,274000.0,24,12.82,13003.0,1,3,2024-02-03,0.62,0
APP103544,27,Female,Karnataka,Self-Employed,78900.0,863,Business Expansion,479000.0,60,10.1,10201.0,1,1,2025-08-14,0.26,0
APP104502,28,Female,West Bengal,Salaried,51300.0,719,Vehicle,239000.0,36,13.97,8165.0,2,1,2024-10-23,0.48,0
APP104274,28,Female,Punjab,Salaried,41300.0,565,Vehicle,162000.0,48,15.95,4587.0,1,1,2025-04-10,0.22,1
APP105845,56,Female,Uttar Pradesh,Salaried,47800.0,767,Personal,31000.0,60,12.06,691.0,1,0,2024-11-24,0.03,0
APP100150,23,Male,Tamil Nadu,Salaried,68600.0,675,Vehicle,413000.0,24,13.97,19823.0,0,4,2025-08-11,0.29,0
APP100022,32,Male,Uttar Pradesh,Salaried,71000.0,571,Business Expansion,400000.0,36,13.66,13605.0,0,0,2024-11-08,0.19,0
APP104675,24,Male,Karnataka,Salaried,61000.0,588,Medical,310000.0,36,15.58,10835.0,2,2,2025-04-26,0.53,0
APP103652,42,Male,Delhi,Business Owner,12000.0,809,Personal,397000.0,60,10.78,8588.0,1,2,2025-04-09,1.43,0
APP102510,54,Male,Telangana,Business Owner,86600.0,726,Business Expansion,391000.0,48,11.52,10205.0,0,1,2024-06-24,0.12,0
APP101331,23,Female,Punjab,Self-Employed,42200.0,719,Home Renovation,133000.0,24,11.19,6211.0,0,1,2025-05-29,0.15,0
APP105297,24,Male,Punjab,Self-Employed,44000.0,753,Medical,430000.0,36,12.13,14309.0,0,1,2024-03-11,0.33,1
APP100657,23,Male,West Bengal,Self-Employed,34700.0,635,Personal,113000.0,48,13.17,3041.0,1,0,2025-02-09,0.18,0
APP102531,40,Male,Karnataka,Salaried,61600.0,766,Vehicle,417000.0,24,13.09,19843.0,1,1,2025-03-20,0.64,0
APP101382,48,Male,Rajasthan,Business Owner,33600.0,694,Home Renovation,277000.0,84,13.53,5119.0,3,1,2025-07-22,0.61,0
APP101807,53,Female,Karnataka,Salaried,39600.0,763,Medical,381000.0,48,10.97,9842.0,1,2,2025-03-08,0.5,0
APP105468,53,Male,Uttar Pradesh,Business Owner,35600.0,779,Business Expansion,59000.0,60,11.65,1302.0,0,3,2024-08-06,0.04,0
APP101962,41,Male,Rajasthan,Business Owner,56500.0,599,Medical,251000.0,12,13.14,22435.0,1,0,2024-02-09,0.79,1
APP104820,33,Male,Punjab,Salaried,46800.0,579,Medical,546000.0,60,12.89,12392.0,1,2,2025-05-07,0.53,0
APP104132,55,Female,Maharashtra,Salaried,35500.0,729,Medical,230000.0,84,12.84,4164.0,0,1,2025-06-06,0.12,1
APP104394,40,Male,Maharashtra,Salaried,62800.0,694,Home Renovation,177000.0,24,10.54,8212.0,1,0,2025-07-28,0.26,0
APP102428,56,Female,Tamil Nadu,Self-Employed,29400.0,571,Vehicle,303000.0,12,15.72,27451.0,0,2,2025-05-02,0.93,1
APP100939,49,Male,Tamil Nadu,Self-Employed,32500.0,559,Personal,446000.0,24,13.26,21258.0,0,0,2024-02-10,0.65,1
APP104476,39,Male,Delhi,Salaried,35500.0,589,Home Renovation,266000.0,36,14.51,9157.0,0,0,2024-06-13,0.26,0
APP102109,22,Male,Rajasthan,Salaried,46300.0,824,Medical,219000.0,48,10.96,5656.0,2,0,2025-02-16,0.37,0
APP104107,52,Female,Maharashtra,Salaried,44800.0,678,Personal,291000.0,60,11.54,6406.0,0,1,2024-05-05,0.14,0
APP101527,44,Male,Uttar Pradesh,Business Owner,29500.0,648,Personal,168000.0,48,15.74,4739.0,0,1,2024-10-30,0.16,1
APP100340,42,Female,Maharashtra,Salaried,44900.0,848,Personal,323000.0,36,12.27,10770.0,2,0,2024-10-25,0.72,0
APP102567,35,Female,Delhi,Salaried,18900.0,627,Personal,104000.0,48,15.14,2902.0,0,0,2024-03-25,0.15,0
APP100420,44,Female,Tamil Nadu,Salaried,70900.0,617,Personal,255000.0,60,13.46,5862.0,0,3,2025-09-09,0.08,0
APP100761,45,Female,West Bengal,Salaried,28200.0,711,Medical,316000.0,12,11.99,28075.0,0,1,2025-10-04,1.0,1
APP102419,55,Male,Uttar Pradesh,Salaried,65800.0,653,Personal,426000.0,24,14.5,20554.0,0,1,2025-04-24,0.31,0
APP104147,44,Male,Uttar Pradesh,Salaried,39700.0,691,Personal,623000.0,36,13.46,21130.0,0,1,2025-10-02,0.53,1
APP105678,41,Female,Delhi,Salaried,45700.0,611,Education,432000.0,36,13.28,14614.0,1,1,2025-06-01,0.64,1
APP101868,50,Male,Tamil Nadu,Salaried,55700.0,877,Vehicle,462000.0,24,9.7,21255.0,2,0,2024-11-16,1.14,0
APP105219,42,Male,Uttar Pradesh,Business Owner,74600.0,594,Medical,515000.0,24,14.12,24756.0,2,2,2025-12-19,1.0,0
APP102759,32,Female,Karnataka,Self-Employed,30700.0,579,Personal,145000.0,36,16.45,5130.0,2,0,2024-09-29,0.5,1
APP102331,22,Male,Gujarat,Self-Employed,36900.0,620,Vehicle,205000.0,48,13.77,5578.0,2,0,2025-04-22,0.45,1
APP104420,59,Male,Telangana,Salaried,44700.0,706,Vehicle,176000.0,48,12.65,4691.0,1,1,2024-01-05,0.21,0
APP100884,34,Female,West Bengal,Salaried,47600.0,770,Medical,304000.0,24,11.9,14296.0,0,2,2024-07-01,0.3,0
APP104748,39,Male,West Bengal,Salaried,49600.0,792,Personal,267000.0,12,12.29,23759.0,0,1,2024-06-07,0.48,1
APP102573,27,Male,Maharashtra,Salaried,69800.0,657,Vehicle,330000.0,84,15.39,6440.0,1,3,2024-10-29,0.18,0
APP102978,41,Female,Tamil Nadu,Salaried,19100.0,713,Vehicle,256000.0,60,12.72,5788.0,2,2,2025-06-05,0.91,0
APP101286,21,Male,Uttar Pradesh,Salaried,56400.0,738,Business Expansion,45000.0,60,12.92,1022.0,3,2,2024-07-07,0.07,0
APP104555,45,Male,Gujarat,Self-Employed,77800.0,723,Home Renovation,300000.0,84,13.67,5567.0,1,0,2025-05-31,0.14,0
APP102937,32,Male,Telangana,Salaried,102100.0,580,Home Renovation,241000.0,24,12.86,11442.0,1,1,2024-02-26,0.22,0
APP100710,45,Male,Karnataka,Salaried,58300.0,857,Education,30000.0,36,11.08,983.0,1,3,2024-07-24,0.03,0
APP105640,35,Female,Gujarat,Salaried,51500.0,677,Personal,348000.0,48,12.59,9265.0,1,1,2024-02-18,0.36,0
APP100098,44,Male,Delhi,Business Owner,117600.0,796,Vehicle,128000.0,48,12.4,3396.0,1,2,2024-08-20,0.06,0
APP100890,28,Male,West Bengal,Salaried,38800.0,739,Personal,272000.0,12,12.22,24195.0,1,2,2025-11-11,1.25,0
APP104236,40,Male,Tamil Nadu,Salaried,58700.0,669,Medical,413000.0,48,12.96,11072.0,1,2,2024-08-14,0.38,0
APP101982,25,Male,Rajasthan,Salaried,44700.0,496,Business Expansion,180000.0,60,15.78,4356.0,2,2,2024-04-05,0.29,1
APP102492,45,Male,Karnataka,Self-Employed,12000.0,758,Vehicle,428000.0,24,11.21,19990.0,0,3,2024-11-26,1.67,0
APP103983,39,Male,West Bengal,Self-Employed,54800.0,813,Medical,49000.0,12,12.15,4357.0,0,1,2025-10-27,0.08,0
APP103310,53,Male,Gujarat,Salaried,40000.0,791,Personal,241000.0,36,10.77,7864.0,1,1,2024-03-22,0.39,0
APP101039,50,Female,Tamil Nadu,Self-Employed,48200.0,736,Education,295000.0,84,12.94,5357.0,0,1,2024-08-11,0.11,0
APP105998,31,Male,Karnataka,Self-Employed,46300.0,772,Home Renovation,133000.0,24,12.38,6284.0,0,2,2025-06-06,0.14,0
APP105591,54,Male,Maharashtra,Self-Employed,46400.0,691,Medical,338000.0,24,14.23,16265.0,0,0,2025-08-08,0.35,0
APP104286,56,Male,Telangana,Salaried,22500.0,677,Home Renovation,508000.0,60,12.79,11504.0,1,0,2024-01-16,1.02,1
APP101062,43,Male,Delhi,Self-Employed,34500.0,900,Medical,20000.0,12,11.71,1774.0,1,1,2024-09-13,0.1,1
APP105432,48,Male,Rajasthan,Salaried,41600.0,707,Medical,409000.0,36,12.35,13653.0,0,1,2024-12-16,0.33,0
APP105508,23,Male,Delhi,Salaried,56400.0,738,Education,215000.0,36,11.52,7092.0,3,2,2024-07-21,0.5,0
APP101465,33,Female,Karnataka,Self-Employed,34300.0,679,Medical,301000.0,24,12.48,14237.0,1,1,2024-07-16,0.83,1
APP103854,23,Male,Karnataka,Salaried,31100.0,567,Medical,315000.0,36,13.75,10728.0,0,1,2024-06-06,0.34,0
APP103351,46,Male,Maharashtra,Self-Employed,49400.0,672,Personal,509000.0,12,13.73,45637.0,1,3,2025-12-25,1.85,0
APP101991,36,Male,Maharashtra,Self-Employed,41600.0,540,Medical,204000.0,12,17.1,18615.0,0,3,2025-08-03,0.45,0
APP105827,52,Male,Maharashtra,Salaried,38300.0,603,Business Expansion,142000.0,24,13.77,6802.0,0,0,2024-10-04,0.18,1
APP101398,38,Male,Delhi,Salaried,51200.0,719,Vehicle,20000.0,24,12.73,948.0,1,1,2025-02-03,0.04,1
APP100670,31,Male,Tamil Nadu,Self-Employed,54200.0,740,Personal,455000.0,36,11.84,15078.0,1,0,2024-06-02,0.56,0
APP101262,33,Female,Punjab,Self-Employed,12000.0,578,Home Renovation,93000.0,36,13.84,3171.0,2,1,2025-02-08,0.79,1
APP104488,42,Female,Maharashtra,Self-Employed,63400.0,777,Education,20000.0,36,12.4,668.0,0,2,2025-03-16,0.01,0
APP105260,41,Male,Rajasthan,Salaried,27300.0,824,Personal,197000.0,48,9.67,4965.0,0,2,2024-05-20,0.18,0
APP105970,56,Male,Gujarat,Salaried,53600.0,562,Personal,239000.0,36,14.13,8184.0,2,4,2024-07-19,0.46,0
APP102022,41,Male,Gujarat,Salaried,12000.0,576,Personal,465000.0,36,14.84,16083.0,1,0,2025-12-22,2.68,1
APP101196,54,Male,Uttar Pradesh,Salaried,22600.0,692,Home Renovation,295000.0,24,11.22,13779.0,0,0,2024-01-12,0.61,0
APP100416,48,Male,Tamil Nadu,Self-Employed,45600.0,808,Business Expansion,283000.0,36,10.51,9200.0,1,3,2024-05-09,0.4,0
APP104184,31,Male,Karnataka,Self-Employed,12000.0,664,Home Renovation,312000.0,36,12.77,10478.0,0,1,2025-06-23,0.87,0
APP104295,43,Female,Uttar Pradesh,Salaried,33500.0,726,Personal,571000.0,36,11.7,18884.0,0,0,2024-09-02,0.56,0
APP104658,52,Female,Telangana,Business Owner,21300.0,610,Personal,273000.0,60,13.13,6230.0,3,1,2024-03-05,1.17,0
APP103862,25,Male,Gujarat,Salaried,50400.0,754,Business Expansion,236000.0,36,11.25,7754.0,1,1,2024-08-18,0.31,0
APP103701,49,Female,Gujarat,Salaried,19400.0,688,Personal,618000.0,84,13.35,11361.0,1,2,2024-02-18,1.17,1
APP105862,54,Male,Maharashtra,Salaried,42100.0,677,Home Renovation,311000.0,24,12.34,14689.0,0,0,2024-06-01,0.35,1
APP101011,46,Female,Maharashtra,Salaried,50100.0,656,Vehicle,619000.0,36,14.72,21373.0,3,3,2024-02-07,1.71,1
APP105909,53,Male,Karnataka,Self-Employed,52000.0,578,Business Expansion,218000.0,12,15.48,19726.0,1,0,2024-01-23,0.76,1
APP101236,28,Female,Maharashtra,Salaried,40100.0,674,Education,20000.0,84,12.96,363.0,1,2,2024-02-09,0.02,0
APP101703,57,Male,Uttar Pradesh,Salaried,48500.0,616,Home Renovation,325000.0,24,14.03,15609.0,0,1,2024-02-18,0.32,0
APP102599,54,Female,Punjab,Salaried,33200.0,728,Vehicle,443000.0,12,12.14,39389.0,1,1,2024-08-23,2.37,1
APP100898,53,Male,Maharashtra,Salaried,44300.0,635,Medical,348000.0,36,14.4,11962.0,1,3,2024-03-03,0.54,0
APP100200,40,Female,Maharashtra,Salaried,32100.0,715,Personal,224000.0,24,12.27,10573.0,0,1,2025-11-24,0.33,0
APP101727,44,Female,Maharashtra,Business Owner,73700.0,671,Personal,20000.0,84,15.01,386.0,0,1,2025-09-29,0.01,1
APP102730,48,Male,Maharashtra,Self-Employed,67400.0,679,Vehicle,122000.0,36,12.82,4100.0,0,1,2025-06-19,0.06,0
APP102635,48,Male,Maharashtra,Business Owner,63800.0,554,Personal,392000.0,36,15.21,13629.0,0,1,2024-08-23,0.21,1
APP100734,46,Male,Delhi,Self-Employed,45000.0,621,Business Expansion,237000.0,48,14.74,6565.0,0,2,2024-12-13,0.15,0
APP104299,31,Male,Karnataka,Business Owner,92100.0,690,Education,86000.0,36,13.38,2913.0,0,0,2025-07-26,0.03,0
APP101206,28,Male,Uttar Pradesh,Business Owner,80200.0,750,Home Renovation,70000.0,36,11.72,2316.0,3,3,2024-10-04,0.12,1
APP103207,45,Male,Delhi,Business Owner,38900.0,797,Education,479000.0,84,12.58,8605.0,2,1,2025-01-05,0.66,0
APP100599,48,Female,Maharashtra,Self-Employed,62000.0,589,Personal,173000.0,12,14.91,15607.0,2,0,2024-03-01,0.76,0
APP104067,46,Male,Delhi,Salaried,41100.0,716,Vehicle,358000.0,48,12.37,9493.0,0,2,2024-01-13,0.23,0
APP100400,43,Male,Telangana,Salaried,36500.0,786,Home Renovation,214000.0,24,11.65,10039.0,1,1,2025-08-11,0.55,0
APP102352,30,Male,Delhi,Business Owner,123400.0,805,Education,20000.0,24,10.45,927.0,1,1,2024-06-02,0.02,1
APP101776,29,Female,Karnataka,Business Owner,50700.0,731,Education,280000.0,36,13.54,9507.0,1,4,2024-06-23,0.38,0
APP105299,23,Male,Uttar Pradesh,Salaried,21800.0,704,Business Expansion,20000.0,48,12.79,534.0,0,0,2024-06-17,0.02,0
APP100514,27,Female,Gujarat,Salaried,66600.0,588,Vehicle,299000.0,60,13.42,6868.0,0,2,2024-12-05,0.1,0
APP105393,48,Female,Rajasthan,Business Owner,45300.0,548,Vehicle,297000.0,24,14.65,14351.0,0,1,2024-06-13,0.32,1
APP104360,33,Female,Tamil Nadu,Business Owner,56200.0,620,Personal,218000.0,12,14.77,19653.0,0,3,2025-07-19,0.35,0
APP103529,56,Male,Delhi,Self-Employed,12000.0,743,Personal,481000.0,36,13.95,16428.0,1,1,2024-11-15,2.74,0
APP104915,32,Male,West Bengal,Salaried,33300.0,644,Personal,459000.0,12,14.45,41310.0,0,0,2025-04-12,1.24,0
APP100814,35,Male,West Bengal,Salaried,26000.0,868,Personal,228000.0,24,9.61,10480.0,2,0,2024-11-03,1.21,0
APP103157,24,Male,Uttar Pradesh,Self-Employed,41500.0,816,Business Expansion,342000.0,60,11.64,7546.0,2,1,2025-12-17,0.55,0
APP100891,59,Male,Telangana,Business Owner,65600.0,700,Personal,645000.0,12,12.32,57404.0,0,0,2025-03-18,0.88,1
APP101505,49,Female,Uttar Pradesh,Business Owner,44200.0,700,Personal,249000.0,24,13.48,11894.0,0,2,2024-12-05,0.27,1
APP105129,52,Male,Tamil Nadu,Self-Employed,42800.0,685,Medical,335000.0,48,12.32,8875.0,0,1,2025-07-11,0.21,1
APP104507,47,Female,West Bengal,Salaried,57700.0,648,Education,20000.0,36,12.83,672.0,0,1,2024-04-22,0.01,1
APP104734,40,Female,Maharashtra,Salaried,40900.0,663,Personal,230000.0,84,11.37,3983.0,0,2,2024-11-05,0.1,0
APP101035,21,Male,Gujarat,Business Owner,89200.0,527,Medical,540000.0,12,15.35,48829.0,1,2,2024-12-06,1.09,1
APP105050,49,Male,Punjab,Salaried,65600.0,604,Home Renovation,367000.0,36,13.87,12520.0,2,1,2025-06-11,0.57,0
APP100219,55,Female,Delhi,Salaried,33600.0,632,Personal,166000.0,12,12.3,14772.0,0,1,2024-02-14,0.44,1
APP103443,57,Male,Uttar Pradesh,Self-Employed,68500.0,696,Personal,249000.0,48,13.37,6726.0,0,0,2024-05-10,0.1,0
APP102933,58,Male,Uttar Pradesh,Salaried,47500.0,847,Vehicle,411000.0,12,10.35,36200.0,1,0,2025-09-30,1.52,1
APP103671,53,Female,Gujarat,Salaried,47900.0,573,Home Renovation,489000.0,84,14.75,9368.0,2,1,2025-11-12,0.59,1
APP100133,27,Male,West Bengal,Self-Employed,44100.0,552,Medical,38000.0,60,14.44,893.0,0,2,2024-10-19,0.02,0
APP104996,25,Male,Delhi,Business Owner,54000.0,683,Vehicle,547000.0,60,11.01,11896.0,0,0,2024-05-10,0.22,0
APP105331,38,Female,Tamil Nadu,Salaried,58200.0,616,Business Expansion,336000.0,24,12.77,15938.0,1,2,2024-10-24,0.55,0
APP100821,28,Male,Rajasthan,Business Owner,96700.0,526,Home Renovation,200000.0,36,18.19,7250.0,0,1,2024-04-09,0.07,1
APP105555,35,Male,Gujarat,Self-Employed,69400.0,866,Medical,393000.0,12,11.34,34796.0,1,0,2025-10-08,1.0,0
APP101509,27,Male,Karnataka,Self-Employed,60500.0,626,Business Expansion,151000.0,48,13.42,4082.0,0,0,2025-11-03,0.07,1
APP101414,55,Male,Tamil Nadu,Salaried,34400.0,610,Medical,94000.0,12,13.62,8423.0,1,1,2025-02-03,0.49,0
APP103677,39,Male,Telangana,Salaried,46000.0,789,Personal,20000.0,36,10.47,650.0,1,0,2024-07-20,0.03,0
APP102644,42,Male,Maharashtra,Salaried,39400.0,635,Education,345000.0,36,14.48,11872.0,0,2,2025-08-12,0.3,1
APP102565,28,Female,Tamil Nadu,Salaried,42600.0,619,Personal,231000.0,60,13.81,5352.0,0,5,2024-09-08,0.13,0
APP103435,44,Male,Gujarat,Salaried,45200.0,676,Personal,458000.0,36,11.69,15144.0,1,2,2024-01-16,0.67,1
APP103868,40,Male,West Bengal,Salaried,41200.0,673,Personal,216000.0,24,12.01,10169.0,2,1,2025-02-15,0.74,1
APP104494,56,Male,Delhi,Self-Employed,40100.0,662,Home Renovation,87000.0,24,12.74,4126.0,0,2,2024-06-10,0.1,1
APP102961,38,Female,Delhi,Salaried,78300.0,535,Vehicle,416000.0,24,15.99,20367.0,1,2,2024-11-08,0.52,1
APP104920,22,Male,Telangana,Salaried,42800.0,721,Vehicle,194000.0,24,12.1,9141.0,0,2,2025-06-03,0.21,0
APP100600,49,Female,West Bengal,Self-Employed,63400.0,792,Personal,167000.0,24,11.94,7857.0,1,3,2024-07-06,0.25,0
APP102991,37,Female,Karnataka,Salaried,40400.0,771,Home Renovation,155000.0,24,12.07,7301.0,3,0,2025-02-21,0.72,0
APP102360,41,Male,Punjab,Salaried,39400.0,544,Home Renovation,199000.0,48,14.07,5445.0,1,2,2025-01-27,0.28,1
APP104900,53,Male,Delhi,Salaried,67600.0,521,Home Renovation,20000.0,36,15.59,699.0,1,1,2025-11-04,0.02,1
APP103145,30,Male,Delhi,Self-Employed,44900.0,615,Business Expansion,307000.0,12,14.33,27612.0,1,0,2025-08-13,1.23,1
APP104597,51,Female,Gujarat,Self-Employed,12400.0,635,Personal,173000.0,36,13.27,5852.0,0,0,2024-11-26,0.47,1
APP100854,37,Female,West Bengal,Salaried,59400.0,737,Home Renovation,336000.0,36,11.84,11134.0,2,3,2025-02-13,0.56,0
APP100487,34,Male,Tamil Nadu,Business Owner,32900.0,770,Personal,516000.0,24,12.1,24314.0,0,2,2024-11-10,0.74,0
APP104313,29,Female,Telangana,Self-Employed,52800.0,703,Personal,20000.0,36,13.61,680.0,0,1,2024-10-15,0.01,0
APP100592,56,Female,Karnataka,Self-Employed,34500.0,677,Business Expansion,488000.0,36,12.83,16403.0,2,3,2024-11-24,1.43,1
APP101608,56,Male,Gujarat,Salaried,33400.0,629,Personal,245000.0,36,13.22,8281.0,2,0,2024-07-03,0.74,1
APP105068,25,Male,Rajasthan,Salaried,45700.0,468,Personal,20000.0,84,13.71,372.0,1,1,2024-11-18,0.02,0
APP102289,48,Female,Maharashtra,Salaried,48300.0,526,Personal,303000.0,12,13.81,27178.0,1,3,2024-05-16,1.13,1
APP104122,58,Male,Uttar Pradesh,Salaried,39100.0,748,Personal,267000.0,24,11.5,12506.0,0,0,2024-07-29,0.32,0
APP100099,57,Female,Gujarat,Self-Employed,49200.0,739,Education,239000.0,24,12.65,11323.0,0,0,2024-05-21,0.23,0
APP105010,52,Female,Maharashtra,Salaried,46000.0,573,Personal,51000.0,24,15.14,2476.0,2,0,2025-06-03,0.16,0
APP104564,41,Female,Maharashtra,Business Owner,14300.0,755,Personal,396000.0,48,11.21,10275.0,1,0,2024-08-10,1.44,0
APP102132,56,Male,Delhi,Salaried,26800.0,658,Medical,360000.0,24,12.9,17098.0,1,3,2024-10-30,1.28,1
APP104928,53,Female,Telangana,Salaried,60200.0,609,Education,167000.0,48,14.35,4593.0,2,1,2024-10-10,0.23,1
APP100413,44,Male,Uttar Pradesh,Salaried,49800.0,631,Education,284000.0,24,12.42,13425.0,0,1,2024-08-17,0.27,1
APP100357,39,Male,Tamil Nadu,Salaried,65000.0,698,Personal,392000.0,60,15.9,9512.0,1,1,2024-12-07,0.29,0
APP105645,28,Male,Gujarat,Salaried,32500.0,680,Personal,370000.0,36,13.92,12631.0,1,1,2025-09-13,0.78,0
APP102311,59,Male,West Bengal,Salaried,30000.0,712,Personal,291000.0,12,11.73,25818.0,1,1,2024-09-17,1.72,1
APP104484,22,Male,Gujarat,Self-Employed,12000.0,810,Vehicle,286000.0,12,13.58,25623.0,0,1,2025-01-07,2.14,0
APP103856,58,Male,Maharashtra,Salaried,47300.0,775,Medical,337000.0,24,12.18,15892.0,1,0,2025-11-28,0.67,0
APP100015,22,Male,Delhi,Salaried,33100.0,604,Home Renovation,315000.0,12,14.88,28414.0,1,1,2024-12-04,1.72,1
APP101961,52,Male,Tamil Nadu,Salaried,,708,Personal,447000.0,36,12.48,14949.0,0,2,2024-01-16,0.31,1
APP100203,46,Male,Punjab,Salaried,21900.0,866,Home Renovation,354000.0,12,10.03,31127.0,0,3,2025-07-12,1.42,0
APP100036,24,Male,Punjab,Business Owner,72200.0,549,Personal,340000.0,36,15.61,11888.0,0,0,2024-01-02,0.16,1
APP100435,22,Male,Rajasthan,Self-Employed,12000.0,692,Medical,70000.0,12,13.52,6269.0,1,0,2025-05-20,1.04,1
APP100589,48,Male,Maharashtra,Self-Employed,24600.0,614,Vehicle,211000.0,12,14.57,19002.0,1,1,2024-11-04,1.54,1
APP101965,28,Female,Uttar Pradesh,Salaried,35800.0,857,Business Expansion,265000.0,12,10.98,23419.0,1,2,2024-10-29,1.31,0
APP105930,40,Male,Telangana,Self-Employed,68500.0,894,Medical,514000.0,48,11.55,13422.0,0,0,2025-01-09,0.2,0
APP103622,39,Male,Punjab,Business Owner,155300.0,649,Business Expansion,360000.0,84,13.09,6567.0,0,1,2025-06-06,0.04,0
APP100012,44,Male,Uttar Pradesh,Salaried,42100.0,881,Education,171000.0,84,12.3,3046.0,0,3,2024-01-29,0.07,0
APP105004,32,Male,Gujarat,Business Owner,105100.0,771,Personal,374000.0,48,11.97,9843.0,0,2,2025-03-16,0.09,0
APP101448,32,Female,Gujarat,Self-Employed,41100.0,782,Home Renovation,506000.0,36,12.14,16840.0,2,1,2025-01-09,1.23,0
APP105014,25,Female,Uttar Pradesh,Self-Employed,51700.0,615,Personal,166000.0,24,13.35,7919.0,0,1,2024-06-23,0.15,0
APP105329,25,Male,Gujarat,Salaried,17000.0,587,Education,390000.0,24,12.97,18536.0,1,3,2025-02-23,2.18,1
APP101530,33,Female,Rajasthan,Salaried,15800.0,759,Education,372000.0,36,11.25,12223.0,2,0,2024-07-16,2.32,0
APP100540,59,Male,Delhi,Business Owner,86500.0,782,Home Renovation,200000.0,24,10.39,9265.0,2,2,2025-01-12,0.32,0
APP102469,27,Male,Rajasthan,Self-Employed,47200.0,682,Personal,334000.0,36,13.88,11396.0,0,6,2025-08-16,0.24,1
APP102738,55,Female,Karnataka,Salaried,48800.0,623,Home Renovation,179000.0,24,15.78,8746.0,1,1,2025-01-25,0.36,0
APP105698,36,Male,Telangana,Business Owner,71900.0,755,Vehicle,122000.0,36,12.53,4083.0,0,1,2025-04-22,0.06,0
APP100179,46,Female,Telangana,Salaried,50300.0,652,Vehicle,132000.0,24,13.31,6295.0,0,0,2024-10-25,0.13,0
APP102791,32,Male,Maharashtra,Self-Employed,53400.0,557,Personal,157000.0,36,14.44,5400.0,0,1,2024-04-28,0.1,0
APP101495,45,Female,Delhi,Salaried,63800.0,594,Education,468000.0,36,12.24,15598.0,4,1,2024-02-01,1.22,1
APP105073,29,Male,Maharashtra,Self-Employed,51100.0,584,Personal,365000.0,12,14.73,32898.0,1,1,2025-03-31,1.29,0
APP105822,37,Male,Maharashtra,Self-Employed,37000.0,723,Home Renovation,571000.0,48,12.33,15129.0,2,1,2024-09-20,1.23,0
APP104636,46,Female,Karnataka,Self-Employed,51900.0,679,Education,413000.0,12,11.56,36610.0,1,2,2024-06-19,1.41,0
APP104596,54,Male,Karnataka,Self-Employed,36300.0,697,Vehicle,20000.0,48,10.79,515.0,0,3,2024-04-24,0.01,1
APP103577,37,Female,Gujarat,Self-Employed,50700.0,544,Home Renovation,80000.0,60,13.64,1847.0,0,1,2025-01-29,0.04,1
APP102201,43,Male,Gujarat,Self-Employed,42200.0,728,Medical,488000.0,12,10.18,42944.0,0,3,2025-06-20,1.02,0
APP104781,26,Male,Tamil Nadu,Salaried,83300.0,666,Personal,401000.0,12,12.89,35796.0,3,0,2025-02-05,1.72,1
APP105953,46,Male,West Bengal,Salaried,53500.0,757,Business Expansion,20000.0,60,10.08,426.0,0,0,2024-04-20,0.01,0
APP104628,51,Male,Rajasthan,Business Owner,40400.0,713,Vehicle,247000.0,48,12.91,6615.0,0,1,2025-09-10,0.16,0
APP101968,42,Female,Maharashtra,Business Owner,34900.0,676,Business Expansion,108000.0,36,12.45,3610.0,0,1,2024-10-01,0.1,0
APP100705,31,Female,Maharashtra,Self-Employed,50300.0,522,Home Renovation,51000.0,84,15.61,1002.0,2,3,2024-06-13,0.06,1
APP105370,44,Female,Delhi,Business Owner,131900.0,745,Personal,389000.0,36,13.11,13128.0,0,0,2024-05-28,0.1,0
APP103712,47,Female,Maharashtra,Salaried,65200.0,613,Medical,246000.0,12,13.98,22085.0,0,3,2025-10-28,0.34,0
APP101980,42,Male,Maharashtra,Salaried,24600.0,560,Education,97000.0,24,16.39,4768.0,0,2,2024-05-11,0.19,1
APP100439,46,Male,Gujarat,Salaried,49000.0,602,Personal,330000.0,24,14.95,15993.0,2,3,2025-05-18,0.98,1
APP103071,39,Female,Maharashtra,Salaried,72600.0,649,Vehicle,664000.0,36,12.06,22073.0,0,1,2024-07-31,0.3,0
APP102117,55,Female,Delhi,Salaried,,539,Home Renovation,375000.0,24,15.73,18313.0,0,0,2025-12-22,0.59,1
APP102881,37,Male,Maharashtra,Salaried,27500.0,636,Vehicle,339000.0,60,14.32,7944.0,0,4,2025-03-07,0.29,0
APP100924,42,Male,Gujarat,Self-Employed,17900.0,698,Vehicle,544000.0,24,13.53,25998.0,2,0,2024-05-05,4.36,1
APP101688,34,Male,Maharashtra,Self-Employed,32100.0,667,Vehicle,295000.0,48,12.78,7882.0,1,0,2025-07-21,0.49,1
APP103748,52,Female,Telangana,Salaried,45500.0,508,Vehicle,164000.0,24,16.71,8086.0,1,3,2025-11-08,0.36,0
APP105964,23,Female,Maharashtra,Business Owner,91300.0,726,Vehicle,385000.0,48,10.95,9941.0,0,2,2024-08-03,0.11,1
APP104314,42,Male,Tamil Nadu,Self-Employed,56800.0,810,Medical,211000.0,12,11.64,18712.0,0,1,2025-06-16,0.33,0
APP103112,22,Male,Rajasthan,Salaried,50700.0,649,Education,116000.0,12,15.09,10475.0,0,0,2025-11-17,0.21,0
APP101134,38,Female,Rajasthan,Salaried,56400.0,752,Personal,188000.0,84,11.04,3223.0,1,0,2024-05-31,0.11,0
APP103439,29,Male,Rajasthan,Self-Employed,52400.0,708,Personal,584000.0,24,12.21,27548.0,1,0,2024-11-15,1.05,1
APP101108,54,Male,Gujarat,Salaried,53900.0,820,Business Expansion,235000.0,36,13.45,7969.0,0,0,2025-01-01,0.15,1
APP103925,56,Male,Maharashtra,Salaried,16500.0,673,Vehicle,456000.0,36,13.86,15554.0,0,2,2025-08-06,0.94,0
APP102586,24,Male,Tamil Nadu,Salaried,54600.0,633,Medical,307000.0,24,13.45,14660.0,1,0,2025-07-10,0.54,0
APP104478,48,Female,Delhi,Salaried,51100.0,708,Personal,195000.0,24,11.28,9114.0,0,2,2024-01-04,0.18,0
APP102713,29,Male,Rajasthan,Self-Employed,27300.0,659,Vehicle,136000.0,24,14.13,6538.0,1,0,2025-08-05,0.48,1
APP102777,42,Male,Punjab,Business Owner,113600.0,830,Business Expansion,237000.0,36,10.99,7758.0,0,2,2025-08-05,0.07,0
APP100768,42,Male,Uttar Pradesh,Salaried,22400.0,728,Education,308000.0,12,13.87,27636.0,0,1,2025-12-14,1.23,0
APP102866,38,Male,Uttar Pradesh,Salaried,56700.0,516,Personal,188000.0,84,14.95,3623.0,1,3,2025-09-14,0.13,1
APP105837,46,Male,Tamil Nadu,Salaried,39500.0,711,Personal,310000.0,48,11.34,8063.0,1,0,2024-08-28,0.41,0
APP105088,46,Female,Punjab,Business Owner,30100.0,585,Vehicle,342000.0,12,14.06,30717.0,0,3,2025-04-21,1.02,0
APP104254,59,Male,Punjab,Self-Employed,25100.0,753,Business Expansion,48000.0,48,11.55,1253.0,0,2,2025-04-06,0.05,0
APP101919,35,Male,Punjab,Business Owner,55200.0,700,Education,159000.0,36,13.86,5423.0,0,0,2025-03-26,0.1,0
APP102138,47,Male,Telangana,Salaried,,900,Business Expansion,289000.0,36,9.69,9283.0,2,1,2024-02-06,0.89,0
APP104623,34,Female,Uttar Pradesh,Self-Employed,45600.0,518,Home Renovation,267000.0,12,16.36,24271.0,1,2,2025-03-07,1.06,1
APP100795,24,Female,Tamil Nadu,Salaried,67100.0,638,Personal,236000.0,36,14.26,8096.0,0,3,2025-12-24,0.12,1
APP105730,44,Male,Maharashtra,Business Owner,41100.0,672,Personal,177000.0,12,13.33,15837.0,1,0,2024-08-22,0.77,1
APP103581,42,Female,Delhi,Self-Employed,33100.0,713,Education,391000.0,24,12.94,18578.0,0,1,2024-01-11,0.56,1
APP100637,57,Female,Delhi,Salaried,42100.0,622,Home Renovation,344000.0,36,10.83,11234.0,0,3,2025-01-22,0.27,1
APP104499,38,Male,West Bengal,Self-Employed,49900.0,610,Education,376000.0,36,14.26,12898.0,3,1,2024-02-18,1.03,0
APP104108,55,Female,Delhi,Self-Employed,23000.0,661,Personal,20000.0,36,13.2,676.0,1,0,2025-01-02,0.06,0
APP101325,55,Female,Karnataka,Self-Employed,,682,Business Expansion,385000.0,48,13.23,10373.0,1,1,2024-01-19,0.69,0
APP105135,48,Female,West Bengal,Salaried,27800.0,576,Vehicle,315000.0,24,14.37,15179.0,1,2,2025-01-22,1.09,1
APP103545,59,Male,Tamil Nadu,Self-Employed,27900.0,659,Personal,199000.0,12,13.51,17822.0,0,2,2024-04-08,0.64,1
APP102652,53,Male,Delhi,Salaried,40900.0,692,Vehicle,231000.0,36,12.76,7757.0,0,0,2024-02-17,0.19,0
APP105018,35,Male,Delhi,Salaried,33800.0,747,Home Renovation,415000.0,12,12.46,36962.0,1,1,2025-02-25,2.19,1
APP104629,55,Male,West Bengal,Business Owner,120000.0,756,Home Renovation,498000.0,24,10.46,23086.0,1,2,2024-05-28,0.38,0
APP103845,33,Female,Uttar Pradesh,Salaried,27400.0,589,Medical,190000.0,24,14.84,9198.0,1,2,2024-05-13,0.67,1
APP100157,53,Male,Rajasthan,Salaried,41200.0,638,Personal,73000.0,36,12.65,2447.0,2,3,2025-12-19,0.18,0
APP100438,37,Male,Uttar Pradesh,Salaried,47100.0,583,Home Renovation,274000.0,12,15.6,24808.0,0,1,2024-06-11,0.53,1
APP102343,31,Male,Karnataka,Salaried,39400.0,692,Business Expansion,286000.0,60,13.5,6581.0,1,2,2025-02-17,0.33,0
APP103372,53,Male,Karnataka,Salaried,53300.0,541,Personal,93000.0,24,15.78,4544.0,0,2,2025-01-02,0.09,0
APP101569,59,Male,Karnataka,Salaried,19800.0,712,Personal,96000.0,24,12.33,4534.0,0,0,2024-08-28,0.23,0
APP105961,37,Female,Uttar Pradesh,Self-Employed,56100.0,703,Personal,234000.0,36,14.16,8016.0,3,1,2024-10-20,0.57,0
APP101237,43,Male,Telangana,Self-Employed,40700.0,646,Personal,203000.0,24,13.87,9734.0,0,2,2025-12-20,0.24,1
APP105015,47,Female,Gujarat,Salaried,23800.0,762,Vehicle,401000.0,12,11.84,35598.0,3,3,2024-01-16,5.98,1
APP102304,57,Male,Uttar Pradesh,Salaried,45400.0,706,Personal,518000.0,24,13.71,24800.0,1,1,2025-08-24,1.09,1
APP105788,39,Female,Telangana,Business Owner,21300.0,707,Vehicle,20000.0,12,11.66,1774.0,1,0,2025-05-24,0.17,0
APP102748,29,Female,West Bengal,Self-Employed,54900.0,621,Business Expansion,494000.0,24,14.12,23746.0,0,0,2024-02-29,0.43,0
APP104407,28,Female,Rajasthan,Salaried,31500.0,672,Personal,261000.0,60,12.94,5931.0,3,3,2025-06-30,0.75,0
APP103404,55,Female,Gujarat,Salaried,39100.0,728,Home Renovation,176000.0,24,11.1,8211.0,1,0,2025-09-09,0.42,0
APP104845,29,Female,Delhi,Self-Employed,20200.0,794,Medical,422000.0,36,10.09,13635.0,0,0,2024-07-15,0.68,1
APP104200,21,Male,West Bengal,Self-Employed,37300.0,791,Personal,515000.0,48,11.84,13522.0,0,1,2025-03-05,0.36,1
APP103184,49,Female,Karnataka,Self-Employed,45600.0,554,Personal,562000.0,36,14.51,19347.0,0,0,2024-03-28,0.42,0
APP105458,54,Female,Uttar Pradesh,Self-Employed,12000.0,616,Home Renovation,369000.0,84,14.66,7050.0,1,1,2025-04-18,1.18,0
APP103024,26,Male,Delhi,Salaried,67200.0,610,Personal,429000.0,12,13.05,38327.0,1,2,2024-09-28,1.14,0
APP105179,55,Female,Delhi,Self-Employed,15300.0,659,Medical,389000.0,48,13.14,10463.0,0,2,2025-09-06,0.68,0
APP101539,52,Female,Karnataka,Salaried,55000.0,721,Medical,124000.0,24,13.49,5924.0,1,3,2025-01-21,0.22,0
APP104178,40,Male,West Bengal,Self-Employed,27900.0,847,Medical,328000.0,24,10.09,15149.0,0,3,2024-11-13,0.54,0
APP105755,29,Female,West Bengal,Self-Employed,36500.0,773,Vehicle,496000.0,36,12.68,16636.0,0,1,2025-11-23,0.46,0
APP105238,35,Male,Delhi,Salaried,32200.0,571,Education,233000.0,36,14.25,7992.0,0,0,2025-06-12,0.25,0
APP100461,38,Male,Karnataka,Business Owner,63500.0,563,Education,209000.0,24,16.5,10283.0,1,0,2025-03-18,0.32,0
APP103174,38,Male,Tamil Nadu,Self-Employed,15400.0,779,Vehicle,395000.0,24,12.0,18594.0,0,0,2025-12-19,1.21,0
APP100813,24,Male,West Bengal,Salaried,49400.0,482,Personal,104000.0,24,17.44,5164.0,1,0,2025-08-26,0.21,1
APP103746,29,Female,Maharashtra,Self-Employed,70400.0,550,Vehicle,269000.0,36,15.08,9336.0,0,3,2024-11-22,0.13,1
APP104581,21,Male,Gujarat,Self-Employed,51600.0,715,Education,309000.0,36,14.72,10669.0,0,0,2025-05-31,0.21,0
APP101793,21,Male,Tamil Nadu,Salaried,61900.0,668,Home Renovation,118000.0,48,12.54,3139.0,2,1,2025-06-20,0.15,0
APP101054,48,Male,Punjab,Business Owner,92400.0,527,Education,105000.0,12,15.04,9479.0,1,0,2024-09-20,0.21,0
APP102653,40,Male,Rajasthan,Salaried,34600.0,730,Home Renovation,284000.0,24,12.3,13409.0,2,1,2025-07-16,1.16,0
APP102346,26,Female,Maharashtra,Business Owner,17300.0,599,Personal,401000.0,36,12.97,13505.0,0,3,2024-05-08,0.78,0
APP102218,35,Male,Telangana,Self-Employed,,630,Personal,252000.0,24,13.16,11999.0,3,0,2024-03-16,0.98,0
APP101806,45,Male,Tamil Nadu,Self-Employed,42600.0,583,Personal,95000.0,12,15.39,8592.0,0,0,2025-05-13,0.2,0
APP104907,22,Male,Karnataka,Self-Employed,12000.0,673,Vehicle,261000.0,36,12.51,8733.0,2,2,2024-06-30,2.18,0
APP104070,52,Male,Tamil Nadu,Salaried,27800.0,613,Medical,427000.0,36,12.99,14385.0,0,0,2024-09-29,0.52,1
APP101180,54,Female,Karnataka,Self-Employed,40500.0,807,Home Renovation,279000.0,36,12.11,9281.0,2,2,2024-10-19,0.69,0
APP104078,52,Male,Tamil Nadu,Self-Employed,67700.0,543,Vehicle,282000.0,60,15.94,6849.0,0,0,2025-07-22,0.1,0
APP102157,33,Male,Karnataka,Business Owner,38900.0,599,Education,170000.0,12,15.22,15362.0,1,3,2024-08-02,0.79,0
APP100736,50,Male,Uttar Pradesh,Business Owner,37000.0,732,Personal,199000.0,24,12.74,9437.0,1,3,2025-02-25,0.51,1
APP105376,32,Male,Gujarat,Salaried,51000.0,559,Home Renovation,54000.0,36,15.6,1888.0,2,2,2024-03-08,0.11,0
APP105729,43,Female,Uttar Pradesh,Salaried,41600.0,729,Vehicle,221000.0,12,14.66,19912.0,0,1,2024-06-22,0.48,0
APP103031,35,Female,Maharashtra,Self-Employed,12000.0,702,Business Expansion,230000.0,48,13.91,6275.0,3,1,2024-03-08,2.09,1
APP102839,50,Male,Delhi,Self-Employed,18300.0,784,Business Expansion,247000.0,60,10.53,5313.0,1,0,2024-06-26,0.58,1
APP100689,24,Female,Delhi,Salaried,51600.0,806,Vehicle,151000.0,48,10.96,3900.0,1,3,2024-04-06,0.15,1
APP104109,35,Female,Maharashtra,Salaried,48100.0,896,Medical,402000.0,60,10.05,8551.0,1,0,2024-02-18,0.36,0
APP101533,41,Male,Karnataka,Self-Employed,24300.0,553,Personal,146000.0,36,14.81,5048.0,0,1,2025-01-05,0.21,0
APP100191,42,Male,Karnataka,Salaried,34900.0,559,Personal,96000.0,36,15.15,3335.0,2,0,2024-11-17,0.29,1
APP102273,50,Male,Maharashtra,Salaried,28700.0,551,Vehicle,107000.0,36,14.76,3697.0,1,3,2025-02-14,0.26,1
APP100652,51,Female,Karnataka,Self-Employed,33100.0,851,Personal,232000.0,12,10.34,20433.0,1,2,2024-12-20,1.23,0
APP105338,52,Male,Maharashtra,Salaried,27200.0,649,Education,421000.0,24,12.49,19914.0,0,0,2025-04-01,0.73,0
APP105178,29,Male,Uttar Pradesh,Self-Employed,14800.0,566,Personal,311000.0,24,14.6,15020.0,0,0,2024-11-22,1.01,1
APP102087,32,Female,Karnataka,Self-Employed,40100.0,809,Personal,116000.0,36,11.75,3839.0,1,0,2024-11-22,0.19,0
APP101458,46,Female,Uttar Pradesh,Salaried,69500.0,531,Medical,157000.0,36,16.32,5544.0,3,0,2024-09-19,0.32,1
APP103044,37,Male,West Bengal,Salaried,39700.0,751,Business Expansion,166000.0,24,13.76,7951.0,0,0,2025-08-09,0.2,0
APP103171,51,Male,Delhi,Self-Employed,34000.0,672,Personal,79000.0,84,12.16,1401.0,0,1,2025-02-12,0.04,0
APP100895,53,Female,West Bengal,Self-Employed,35800.0,649,Vehicle,470000.0,36,14.09,16084.0,4,1,2025-01-19,2.25,1
APP104646,34,Female,Delhi,Salaried,50400.0,671,Education,372000.0,12,14.81,33543.0,1,2,2025-02-04,1.33,0
APP101732,51,Female,Karnataka,Self-Employed,18900.0,626,Vehicle,303000.0,36,13.19,10237.0,2,0,2024-06-01,1.62,0
APP105221,57,Female,Gujarat,Salaried,27500.0,633,Medical,389000.0,60,12.96,8843.0,1,1,2024-08-22,0.64,1
APP102355,46,Male,Uttar Pradesh,Salaried,41800.0,518,Vehicle,160000.0,24,16.21,7850.0,2,1,2025-07-29,0.56,1
APP100127,59,Female,Uttar Pradesh,Self-Employed,43700.0,744,Home Renovation,257000.0,60,12.45,5775.0,2,2,2024-03-02,0.4,0
APP104506,58,Female,Maharashtra,Salaried,35700.0,797,Education,77000.0,48,11.02,1991.0,0,1,2025-03-14,0.06,0
APP102568,38,Male,Rajasthan,Self-Employed,30200.0,583,Business Expansion,223000.0,24,15.66,10883.0,0,1,2025-04-29,0.36,0
APP100819,35,Female,Tamil Nadu,Salaried,46000.0,554,Home Renovation,105000.0,36,13.16,3546.0,2,0,2025-08-15,0.23,1
APP103197,39,Male,Delhi,Salaried,64700.0,684,Personal,20000.0,36,12.45,669.0,0,0,2025-06-18,0.01,0
APP105483,44,Female,Maharashtra,Salaried,26300.0,760,Personal,359000.0,36,12.3,11975.0,0,3,2025-10-21,0.46,0
APP103929,31,Male,Maharashtra,Salaried,69200.0,513,Personal,221000.0,60,15.89,5361.0,1,1,2025-02-10,0.15,0
APP100030,57,Male,Gujarat,Salaried,37400.0,727,Medical,305000.0,36,12.52,10206.0,2,0,2024-12-21,0.82,0
APP102373,36,Female,Delhi,Self-Employed,12000.0,603,Personal,349000.0,60,14.0,8121.0,0,3,2025-10-05,0.68,0
APP105632,51,Male,West Bengal,Business Owner,31900.0,671,Personal,114000.0,24,13.11,5426.0,0,1,2025-07-10,0.17,0
APP102798,49,Male,Uttar Pradesh,Salaried,37000.0,779,Education,382000.0,24,12.31,18037.0,2,0,2024-02-04,1.46,1
APP105615,21,Male,Delhi,Self-Employed,12000.0,664,Medical,96000.0,60,12.43,2156.0,2,1,2024-12-05,0.54,0
APP105492,37,Male,Rajasthan,Self-Employed,43700.0,677,Personal,195000.0,36,11.1,6393.0,1,0,2024-03-17,0.29,1
APP105608,49,Female,Rajasthan,Self-Employed,61600.0,720,Medical,47000.0,36,11.0,1539.0,2,1,2025-04-19,0.07,1
APP103272,33,Female,Telangana,Self-Employed,50000.0,589,Personal,166000.0,24,13.99,7969.0,0,1,2024-11-22,0.16,0
APP105423,47,Female,Uttar Pradesh,Salaried,49200.0,683,Personal,152000.0,36,12.68,5098.0,1,0,2024-11-12,0.21,1
APP100927,25,Female,Maharashtra,Salaried,54100.0,755,Personal,505000.0,60,13.49,11617.0,0,3,2024-05-09,0.21,1
APP103847,42,Male,Tamil Nadu,Salaried,32300.0,743,Medical,219000.0,24,12.76,10387.0,1,1,2024-02-05,0.64,0
APP105816,36,Male,Uttar Pradesh,Salaried,56100.0,724,Vehicle,193000.0,24,12.27,9110.0,0,1,2024-12-10,0.16,0
APP100450,56,Male,Gujarat,Self-Employed,22500.0,562,Personal,331000.0,24,14.83,16022.0,0,1,2025-07-25,0.71,0
APP102467,53,Male,Delhi,Salaried,68400.0,614,Home Renovation,172000.0,48,14.52,4745.0,0,5,2024-04-23,0.07,1
APP101119,34,Female,Uttar Pradesh,Salaried,33700.0,748,Education,239000.0,24,12.83,11343.0,1,0,2025-03-13,0.67,0
APP104890,44,Male,Gujarat,Salaried,53100.0,694,Home Renovation,544000.0,24,13.83,26075.0,0,1,2024-09-07,0.49,1
APP101781,54,Male,Maharashtra,Salaried,22400.0,707,Medical,113000.0,12,11.61,10019.0,0,4,2024-04-01,0.45,1
APP105937,51,Male,Delhi,Salaried,56100.0,683,Vehicle,184000.0,60,13.87,4269.0,1,1,2025-04-05,0.15,0
APP100324,56,Male,West Bengal,Business Owner,40300.0,735,Personal,539000.0,48,12.64,14364.0,1,0,2025-12-24,0.71,1
APP105752,41,Male,Delhi,Self-Employed,47400.0,640,Vehicle,278000.0,36,13.33,9411.0,0,3,2025-10-25,0.2,0
APP103313,36,Female,Uttar Pradesh,Self-Employed,33600.0,543,Home Renovation,218000.0,36,14.77,7533.0,1,0,2024-09-09,0.45,1
APP100456,29,Male,Delhi,Salaried,17800.0,540,Personal,214000.0,36,14.57,7373.0,0,1,2025-07-23,0.41,0
APP101353,45,Male,Maharashtra,Self-Employed,43100.0,723,Education,257000.0,36,13.93,8775.0,0,3,2024-11-10,0.2,0
APP103579,52,Male,Gujarat,Business Owner,48600.0,705,Business Expansion,172000.0,36,13.92,5872.0,0,1,2024-02-22,0.12,1
APP104493,37,Female,Delhi,Self-Employed,28500.0,777,Medical,498000.0,36,13.85,16984.0,0,2,2024-08-06,0.6,1
APP102523,32,Male,Karnataka,Self-Employed,56700.0,711,Personal,329000.0,84,11.94,5797.0,2,0,2024-01-27,0.31,0
APP105313,42,Female,Rajasthan,Business Owner,111800.0,646,Home Renovation,152000.0,84,13.09,2773.0,1,0,2024-02-07,0.05,1
APP103825,29,Male,Karnataka,Self-Employed,22800.0,567,Personal,313000.0,60,14.49,7363.0,2,0,2025-08-27,0.97,0
APP103453,47,Male,Uttar Pradesh,Self-Employed,49500.0,569,Vehicle,123000.0,24,13.6,5882.0,0,0,2024-12-11,0.12,1
APP105528,49,Male,Maharashtra,Business Owner,59400.0,690,Personal,291000.0,36,10.8,9499.0,1,1,2024-02-20,0.32,0
APP103910,43,Male,Maharashtra,Salaried,26000.0,470,Home Renovation,426000.0,36,16.77,15139.0,1,1,2024-05-10,1.16,0
APP101881,21,Male,Karnataka,Business Owner,50800.0,745,Vehicle,341000.0,60,11.91,7570.0,2,0,2024-01-16,0.45,0
APP101736,43,Female,Telangana,Salaried,45600.0,558,Home Renovation,20000.0,24,15.11,971.0,1,1,2024-12-04,0.04,0
APP100409,21,Female,Karnataka,Business Owner,72900.0,662,Home Renovation,656000.0,24,13.79,31431.0,2,1,2025-09-16,1.29,0
APP105978,28,Female,Telangana,Salaried,52300.0,632,Home Renovation,272000.0,24,13.66,13016.0,1,1,2024-10-04,0.5,0
APP103829,48,Male,Tamil Nadu,Self-Employed,50200.0,864,Home Renovation,334000.0,12,10.85,29496.0,0,3,2025-06-04,0.59,0
APP100136,22,Male,Maharashtra,Self-Employed,70300.0,610,Vehicle,312000.0,36,15.07,10826.0,1,2,2024-08-28,0.31,0
APP102128,37,Male,Maharashtra,Self-Employed,57100.0,620,Vehicle,552000.0,36,12.06,18350.0,1,1,2024-04-14,0.64,1
APP102553,45,Male,Maharashtra,Salaried,37700.0,690,Vehicle,333000.0,36,12.84,11194.0,1,1,2024-12-21,0.59,1
APP105336,48,Female,Uttar Pradesh,Salaried,37800.0,688,Vehicle,170000.0,36,13.48,5767.0,1,2,2025-01-04,0.31,0
APP102801,55,Male,Gujarat,Business Owner,47600.0,661,Personal,208000.0,60,12.88,4720.0,0,2,2025-01-14,0.1,1
APP100801,29,Female,Maharashtra,Self-Employed,12000.0,701,Personal,112000.0,84,14.08,2104.0,1,4,2024-11-18,0.35,0
APP104391,42,Male,Telangana,Self-Employed,42500.0,644,Personal,98000.0,36,14.24,3361.0,1,3,2024-06-05,0.16,1
APP105079,33,Female,Gujarat,Business Owner,24900.0,682,Personal,244000.0,48,13.91,6657.0,1,1,2024-07-31,0.53,1
APP100532,26,Male,Telangana,Salaried,44200.0,638,Personal,339000.0,24,14.09,16291.0,1,0,2025-09-01,0.74,1
APP102280,28,Female,Tamil Nadu,Self-Employed,76300.0,783,Home Renovation,350000.0,24,11.49,16392.0,2,1,2025-03-05,0.64,0
APP104700,59,Female,Maharashtra,Salaried,57600.0,766,Medical,312000.0,48,11.27,8105.0,1,5,2025-07-27,0.28,0
APP103559,50,Female,Rajasthan,Business Owner,106800.0,648,Personal,499000.0,48,14.07,13653.0,1,3,2025-11-30,0.26,0
APP103299,48,Male,Telangana,Salaried,57100.0,738,Education,314000.0,24,12.33,14830.0,0,2,2025-05-06,0.26,0
APP105032,49,Male,Maharashtra,Salaried,44000.0,810,Personal,372000.0,48,11.88,9774.0,2,0,2025-05-14,0.67,0
APP104963,57,Male,Telangana,Salaried,54200.0,654,Home Renovation,200000.0,12,13.18,17880.0,2,1,2024-10-05,0.99,0
APP100539,39,Male,Delhi,Salaried,45900.0,715,Personal,63000.0,36,13.33,2133.0,1,2,2024-03-25,0.09,1
APP102889,51,Male,Gujarat,Business Owner,50200.0,708,Personal,310000.0,24,13.1,14753.0,3,1,2025-04-26,1.18,1
APP104631,25,Male,Delhi,Business Owner,99500.0,600,Personal,80000.0,12,15.37,7235.0,1,3,2024-02-19,0.15,0
APP103293,58,Female,Tamil Nadu,Salaried,37400.0,681,Home Renovation,483000.0,24,12.7,22895.0,0,0,2025-04-28,0.61,1
APP105435,22,Female,Telangana,Salaried,38500.0,646,Business Expansion,361000.0,48,12.74,9638.0,1,1,2024-03-26,0.5,0
APP103745,30,Female,Gujarat,Salaried,26800.0,701,Personal,601000.0,12,12.93,53660.0,0,0,2024-12-30,2.0,1
APP100034,59,Male,Delhi,Salaried,24500.0,711,Education,102000.0,36,10.89,3334.0,0,3,2025-10-03,0.14,0
APP104846,59,Female,Uttar Pradesh,Self-Employed,42300.0,738,Medical,297000.0,84,11.06,5095.0,0,0,2024-05-26,0.12,0
APP104513,34,Male,Uttar Pradesh,Salaried,66400.0,722,Education,145000.0,12,12.03,12885.0,0,0,2025-02-18,0.19,0
APP100743,35,Male,Uttar Pradesh,Business Owner,63400.0,760,Vehicle,383000.0,36,12.29,12774.0,2,1,2025-03-24,0.6,1
APP104209,53,Male,Gujarat,Salaried,15000.0,650,Home Renovation,149000.0,36,13.58,5062.0,1,1,2025-11-06,0.67,0
APP100903,34,Female,Delhi,Business Owner,74200.0,582,Vehicle,94000.0,12,14.74,8473.0,1,0,2024-09-11,0.23,1
APP102905,23,Male,Tamil Nadu,Salaried,42300.0,563,Education,151000.0,60,14.07,3519.0,0,0,2025-11-05,0.08,1
APP100262,23,Male,Uttar Pradesh,Self-Employed,23900.0,551,Education,386000.0,12,14.63,34772.0,1,2,2024-11-12,2.91,1
APP101916,37,Female,Maharashtra,Self-Employed,36600.0,725,Business Expansion,326000.0,48,14.11,8926.0,1,2,2024-08-07,0.49,0
APP105009,27,Female,Karnataka,Business Owner,12000.0,619,Home Renovation,263000.0,36,13.79,8962.0,1,0,2024-10-16,1.49,1
APP104160,24,Female,Delhi,Self-Employed,59700.0,639,Education,258000.0,24,14.02,12390.0,2,0,2024-02-02,0.62,0
APP102296,35,Male,Punjab,Business Owner,114900.0,561,Medical,20000.0,36,15.73,700.0,1,4,2024-08-12,0.01,1
APP105947,57,Male,Tamil Nadu,Business Owner,67000.0,759,Vehicle,298000.0,84,11.51,5183.0,3,1,2025-07-06,0.31,0
APP102962,29,Female,Telangana,Self-Employed,43900.0,762,Personal,90000.0,12,11.38,7970.0,2,2,2024-10-18,0.54,1
APP104277,28,Male,Rajasthan,Business Owner,36400.0,829,Personal,422000.0,84,11.87,7420.0,1,2,2025-10-22,0.41,0
APP104262,27,Male,Uttar Pradesh,Salaried,67100.0,858,Vehicle,54000.0,24,10.9,2514.0,0,0,2024-04-11,0.04,0
APP102558,30,Male,Delhi,Salaried,85600.0,660,Business Expansion,176000.0,12,12.7,15695.0,1,3,2025-07-15,0.37,1
APP102169,46,Female,Telangana,Business Owner,51600.0,820,Medical,241000.0,84,11.51,4191.0,2,0,2024-08-31,0.24,0
APP104835,56,Male,Tamil Nadu,Salaried,33200.0,721,Personal,20000.0,48,14.18,548.0,1,1,2024-09-16,0.03,0
APP100497,43,Female,Maharashtra,Salaried,28900.0,576,Vehicle,142000.0,24,15.91,6947.0,0,1,2025-08-07,0.24,0
APP101859,36,Female,Delhi,Business Owner,57300.0,435,Business Expansion,205000.0,60,16.79,5072.0,0,0,2024-07-19,0.09,0
APP104350,26,Female,Uttar Pradesh,Salaried,33100.0,633,Medical,335000.0,24,12.73,15884.0,1,1,2024-06-10,0.96,0
APP104463,41,Female,Uttar Pradesh,Salaried,44400.0,709,Education,421000.0,60,13.04,9588.0,0,0,2025-04-24,0.22,0
APP103468,40,Male,Tamil Nadu,Self-Employed,50100.0,786,Business Expansion,312000.0,36,11.69,10317.0,2,0,2025-10-23,0.62,0
APP104409,46,Female,Rajasthan,Self-Employed,17600.0,582,Business Expansion,240000.0,24,15.17,11656.0,0,0,2025-01-23,0.66,0
APP100997,27,Female,Telangana,Self-Employed,12100.0,690,Medical,473000.0,36,12.39,15799.0,0,1,2024-01-20,1.31,1
APP102670,35,Male,Uttar Pradesh,Salaried,53100.0,760,Education,378000.0,24,11.41,17690.0,1,2,2025-02-28,0.67,0
APP101662,22,Male,Maharashtra,Salaried,54200.0,707,Personal,53000.0,36,12.27,1767.0,0,0,2024-05-25,0.03,0
APP103340,46,Male,Karnataka,Self-Employed,38300.0,620,Personal,20000.0,12,12.56,1782.0,2,0,2025-09-15,0.14,0
APP104853,52,Female,Rajasthan,Salaried,47600.0,650,Medical,338000.0,48,12.7,9017.0,0,1,2024-03-05,0.19,0
APP102892,44,Male,Delhi,Business Owner,14400.0,577,Business Expansion,496000.0,84,14.15,9336.0,0,0,2024-01-16,0.65,0
APP102081,41,Female,Telangana,Salaried,53000.0,806,Business Expansion,326000.0,24,10.02,15046.0,1,4,2025-05-09,0.57,0
APP103836,58,Female,Gujarat,Salaried,60700.0,772,Business Expansion,490000.0,48,11.39,12757.0,0,0,2024-12-09,0.21,0
APP105276,59,Female,Tamil Nadu,Salaried,57800.0,497,Business Expansion,61000.0,12,14.66,5496.0,1,1,2025-10-28,0.19,0
APP100198,49,Male,Karnataka,Business Owner,47800.0,521,Personal,20000.0,36,15.29,696.0,0,0,2025-08-05,0.01,0
APP104690,27,Female,Delhi,Self-Employed,36100.0,759,Personal,181000.0,84,11.75,3171.0,0,2,2025-10-15,0.09,1
APP102063,38,Male,Tamil Nadu,Business Owner,42100.0,663,Home Renovation,50000.0,36,12.34,1669.0,2,3,2025-04-18,0.12,1
APP104289,42,Female,Rajasthan,Salaried,42600.0,580,Education,377000.0,24,13.72,18051.0,1,2,2025-11-17,0.85,1
APP104477,59,Female,Tamil Nadu,Business Owner,12000.0,689,Medical,513000.0,24,11.53,24036.0,2,1,2025-09-20,6.01,1
APP101844,31,Female,Maharashtra,Salaried,38500.0,578,Business Expansion,20000.0,48,14.68,553.0,0,2,2024-06-04,0.01,1
APP100547,59,Female,Delhi,Self-Employed,39200.0,720,Personal,108000.0,36,12.99,3638.0,1,3,2025-11-10,0.19,1
APP104105,26,Male,Telangana,Salaried,21600.0,680,Vehicle,459000.0,36,13.67,15614.0,1,1,2024-02-10,1.45,0
APP104322,35,Male,Rajasthan,Salaried,33900.0,590,Personal,332000.0,24,14.71,16052.0,1,1,2024-05-15,0.95,0
APP100564,39,Female,Maharashtra,Business Owner,12000.0,696,Personal,173000.0,24,12.51,8185.0,0,1,2024-08-16,0.68,0
APP100694,40,Male,Rajasthan,Business Owner,29100.0,667,Medical,29000.0,24,12.93,1378.0,0,1,2024-10-08,0.05,0
APP104617,37,Male,Karnataka,Self-Employed,37000.0,785,Home Renovation,477000.0,84,11.68,8339.0,0,4,2025-09-20,0.23,0
APP102638,41,Female,Uttar Pradesh,Salaried,46700.0,769,Home Renovation,393000.0,36,12.88,13219.0,1,1,2024-12-16,0.57,0
APP105364,31,Female,Telangana,Self-Employed,75800.0,700,Personal,89000.0,84,11.62,1553.0,0,2,2025-10-13,0.02,0
APP103315,56,Male,Tamil Nadu,Salaried,56200.0,733,Education,197000.0,36,11.99,6542.0,1,2,2024-12-12,0.23,0
APP101050,39,Male,Maharashtra,Salaried,54100.0,654,Personal,458000.0,60,12.7,10351.0,0,1,2024-06-23,0.19,0
APP104779,46,Male,Maharashtra,Salaried,29700.0,725,Education,312000.0,36,11.69,10317.0,0,0,2024-02-23,0.35,1
APP100704,51,Male,Telangana,Salaried,44200.0,798,Home Renovation,133000.0,36,10.75,4339.0,1,2,2024-06-29,0.2,0
APP101332,52,Male,Uttar Pradesh,Salaried,43900.0,888,Home Renovation,509000.0,24,12.69,24125.0,0,1,2024-04-02,0.55,0
APP103604,29,Male,Rajasthan,Self-Employed,36500.0,681,Home Renovation,212000.0,36,11.8,7021.0,0,2,2024-10-29,0.19,0
APP105051,46,Male,Tamil Nadu,Self-Employed,54300.0,533,Business Expansion,516000.0,36,13.12,17416.0,0,2,2024-10-19,0.32,0
APP104306,55,Male,Tamil Nadu,Salaried,18200.0,674,Home Renovation,144000.0,24,14.68,6960.0,0,0,2025-10-06,0.38,1
APP101116,52,Male,Delhi,Salaried,63000.0,618,Vehicle,190000.0,48,13.53,5147.0,2,0,2025-03-01,0.25,1
APP101399,56,Male,Delhi,Salaried,31800.0,661,Medical,378000.0,12,13.68,33883.0,0,3,2024-09-10,1.07,0
APP103561,45,Female,Gujarat,Salaried,43000.0,778,Business Expansion,34000.0,24,11.64,1595.0,1,2,2025-05-06,0.07,0
APP101438,30,Male,Karnataka,Self-Employed,21700.0,662,Personal,395000.0,60,12.84,8955.0,1,0,2024-05-27,0.83,0
APP105759,44,Male,West Bengal,Salaried,37100.0,518,Vehicle,257000.0,36,14.81,8885.0,1,0,2025-07-12,0.48,0
APP100240,56,Male,Delhi,Self-Employed,40300.0,711,Vehicle,232000.0,36,12.79,7794.0,0,2,2024-03-20,0.19,0
APP101158,48,Male,Punjab,Business Owner,75700.0,722,Vehicle,20000.0,24,12.31,944.0,1,1,2024-05-08,0.02,0
APP104702,43,Female,Uttar Pradesh,Self-Employed,16000.0,621,Vehicle,319000.0,36,14.37,10960.0,0,2,2024-01-12,0.68,0
APP100455,57,Male,Rajasthan,Salaried,34700.0,552,Personal,368000.0,36,12.64,12336.0,1,1,2025-10-11,0.71,1
APP103357,31,Male,Tamil Nadu,Salaried,45200.0,822,Education,214000.0,24,11.38,10012.0,0,0,2024-04-08,0.22,1
APP100250,22,Male,Tamil Nadu,Salaried,46400.0,559,Education,135000.0,24,15.66,6588.0,0,0,2025-11-27,0.14,1
APP103255,44,Male,Gujarat,Self-Employed,33500.0,585,Medical,440000.0,24,12.35,20784.0,0,1,2025-05-24,0.62,0
APP100105,55,Female,Delhi,Self-Employed,47800.0,604,Personal,295000.0,36,14.1,10097.0,0,1,2024-07-22,0.21,0
APP101893,28,Female,Gujarat,Salaried,29400.0,707,Personal,185000.0,84,14.06,3473.0,2,0,2024-07-31,0.35,0
APP100727,32,Male,Tamil Nadu,Salaried,38800.0,718,Vehicle,371000.0,24,12.72,17589.0,0,0,2024-07-18,0.45,1
APP104645,34,Female,Telangana,Self-Employed,55600.0,782,Medical,295000.0,12,12.74,26313.0,2,0,2024-04-12,1.42,0
APP105783,43,Male,Karnataka,Self-Employed,12000.0,750,Vehicle,330000.0,24,11.71,15490.0,0,2,2025-07-10,1.29,1
APP103771,29,Male,Telangana,Business Owner,16200.0,658,Home Renovation,182000.0,12,13.32,16283.0,0,1,2025-04-22,1.01,0
APP100822,46,Female,Maharashtra,Salaried,28600.0,484,Medical,281000.0,60,14.48,6609.0,0,1,2024-11-10,0.23,1
APP103123,59,Male,Tamil Nadu,Self-Employed,49700.0,641,Personal,233000.0,12,12.93,20803.0,0,0,2025-02-13,0.42,0
APP103528,47,Male,Tamil Nadu,Salaried,46700.0,800,Business Expansion,299000.0,36,11.58,9871.0,0,2,2025-12-07,0.21,1
APP101005,27,Male,Maharashtra,Salaried,40400.0,763,Business Expansion,354000.0,12,11.69,31401.0,1,1,2025-10-07,1.55,0
APP100196,26,Female,Gujarat,Business Owner,87500.0,587,Personal,71000.0,48,14.4,1954.0,0,1,2024-04-27,0.02,0
APP105285,35,Female,Maharashtra,Salaried,47400.0,573,Personal,219000.0,36,15.72,7669.0,2,3,2024-05-01,0.49,0
APP103641,55,Male,Tamil Nadu,Salaried,73600.0,896,Vehicle,124000.0,36,10.21,4013.0,1,2,2025-07-12,0.11,0
APP104672,36,Male,Tamil Nadu,Self-Employed,43600.0,722,Vehicle,384000.0,36,12.31,12811.0,0,2,2025-03-14,0.29,0
APP105563,50,Female,Delhi,Business Owner,,720,Personal,289000.0,48,12.69,7709.0,0,1,2025-04-14,0.08,0
APP103460,47,Male,Maharashtra,Salaried,39200.0,771,Vehicle,273000.0,36,13.01,9200.0,1,1,2025-04-07,0.47,1
APP103753,24,Male,Delhi,Business Owner,65200.0,706,Home Renovation,234000.0,84,14.54,4455.0,1,1,2024-11-11,0.14,0
APP103139,45,Female,Rajasthan,Self-Employed,43000.0,680,Personal,412000.0,48,13.1,11073.0,0,2,2025-12-15,0.26,0
APP103465,49,Female,Telangana,Self-Employed,27000.0,610,Education,215000.0,24,14.98,10423.0,3,0,2024-07-02,1.54,0
APP105622,53,Female,Rajasthan,Business Owner,12000.0,841,Vehicle,82000.0,84,10.83,1397.0,1,0,2024-11-20,0.23,0
APP105475,41,Male,Maharashtra,Business Owner,68600.0,845,Education,184000.0,24,9.81,8475.0,0,0,2024-08-30,0.12,0
APP102684,26,Female,Gujarat,Salaried,56800.0,686,Personal,198000.0,24,12.52,9369.0,2,1,2025-07-29,0.49,0
APP102967,42,Male,Uttar Pradesh,Self-Employed,30600.0,821,Education,204000.0,48,10.4,5213.0,2,0,2025-08-27,0.51,0
APP101364,26,Male,Punjab,Salaried,31900.0,664,Medical,282000.0,24,12.51,13342.0,0,3,2025-08-16,0.42,0
APP102456,36,Male,Rajasthan,Salaried,43800.0,682,Personal,474000.0,36,12.19,15787.0,1,1,2025-04-15,0.72,0
APP102306,23,Female,Delhi,Salaried,52900.0,590,Personal,375000.0,48,13.62,10176.0,1,1,2025-06-06,0.38,1
APP100023,42,Male,Rajasthan,Salaried,46800.0,798,Education,618000.0,36,12.17,20577.0,0,2,2025-07-01,0.44,0
APP100636,57,Male,West Bengal,Salaried,43800.0,630,Medical,183000.0,24,13.48,8741.0,0,2,2025-07-23,0.2,0
APP105842,46,Female,Uttar Pradesh,Salaried,49400.0,698,Home Renovation,232000.0,60,11.75,5131.0,0,0,2024-06-30,0.1,0
APP100430,30,Female,Gujarat,Business Owner,96700.0,644,Medical,95000.0,24,14.14,4568.0,0,2,2024-12-16,0.05,0
APP100720,38,Female,Uttar Pradesh,Self-Employed,19400.0,715,Business Expansion,80000.0,24,11.75,3757.0,0,2,2025-12-28,0.19,0
APP103314,36,Male,Uttar Pradesh,Salaried,33800.0,563,Education,213000.0,12,15.71,19296.0,0,3,2024-01-11,0.57,1
APP101678,57,Female,Karnataka,Salaried,21000.0,688,Education,40000.0,36,12.76,1343.0,0,3,2024-09-17,0.06,1
APP103309,45,Male,Rajasthan,Self-Employed,15900.0,831,Home Renovation,240000.0,84,10.84,4089.0,0,0,2025-08-02,0.26,0
APP102315,36,Male,Gujarat,Self-Employed,12000.0,812,Education,299000.0,48,10.46,7650.0,0,2,2025-12-21,0.64,0
APP105960,39,Female,Rajasthan,Salaried,,813,Home Renovation,20000.0,12,11.22,1770.0,1,1,2024-04-06,0.05,0
APP101305,59,Male,Delhi,Self-Employed,61100.0,694,Personal,223000.0,24,10.76,10369.0,1,1,2024-04-08,0.34,0
APP105173,46,Female,Telangana,Salaried,55700.0,695,Home Renovation,253000.0,36,11.42,8333.0,0,3,2025-08-03,0.15,0
APP101210,43,Male,Maharashtra,Salaried,63000.0,745,Business Expansion,20000.0,24,10.68,929.0,0,2,2024-10-06,0.01,1
APP102147,47,Female,Delhi,Salaried,78700.0,721,Home Renovation,225000.0,36,11.47,7416.0,1,2,2024-04-08,0.19,0
APP105734,57,Female,Gujarat,Business Owner,79400.0,900,Personal,106000.0,60,10.37,2272.0,0,0,2025-08-05,0.03,0
APP104975,54,Male,Karnataka,Self-Employed,48800.0,680,Medical,435000.0,12,12.84,38820.0,0,0,2024-02-18,0.8,1
APP102327,41,Male,Punjab,Salaried,44800.0,861,Education,596000.0,36,10.5,19371.0,0,1,2024-04-02,0.43,0
APP100619,42,Female,West Bengal,Salaried,22200.0,636,Education,125000.0,12,13.82,11213.0,1,2,2025-08-22,1.01,1
APP103773,39,Male,Rajasthan,Self-Employed,60000.0,853,Home Renovation,176000.0,60,9.68,3712.0,1,2,2024-01-16,0.12,0
APP103164,34,Male,Tamil Nadu,Salaried,45800.0,624,Home Renovation,426000.0,84,14.06,7997.0,1,1,2024-07-27,0.35,0
APP105605,27,Female,Maharashtra,Salaried,47500.0,722,Personal,517000.0,48,12.76,13808.0,0,0,2025-02-15,0.29,0
APP105281,39,Female,Delhi,Business Owner,69800.0,877,Business Expansion,181000.0,24,9.5,8311.0,0,2,2025-01-20,0.12,0
APP105386,55,Male,Punjab,Salaried,65700.0,687,Personal,20000.0,48,12.99,536.0,1,1,2024-09-11,0.02,0
APP103305,26,Male,Karnataka,Self-Employed,32400.0,544,Personal,20000.0,48,15.59,563.0,0,1,2024-01-07,0.02,1
APP105736,37,Male,Maharashtra,Salaried,58900.0,871,Personal,392000.0,24,9.18,17941.0,1,2,2025-09-11,0.61,0
APP105024,39,Female,Gujarat,Salaried,24200.0,648,Education,122000.0,60,13.14,2785.0,1,0,2024-12-27,0.23,1
APP101932,27,Male,Karnataka,Salaried,48700.0,670,Vehicle,158000.0,48,12.19,4176.0,0,2,2024-07-18,0.09,0
APP105585,49,Female,Punjab,Self-Employed,58400.0,639,Personal,140000.0,36,13.36,4741.0,1,0,2024-06-27,0.16,0
APP103668,32,Male,Tamil Nadu,Salaried,58900.0,580,Home Renovation,304000.0,12,14.29,27337.0,0,3,2025-08-08,0.46,0
APP103321,31,Female,West Bengal,Self-Employed,21900.0,822,Education,377000.0,60,12.05,8396.0,3,1,2025-07-30,1.53,0
APP102508,26,Male,Uttar Pradesh,Salaried,44900.0,735,Business Expansion,484000.0,24,13.63,23154.0,1,1,2024-03-18,1.03,1
APP105574,27,Female,Gujarat,Business Owner,30100.0,862,Vehicle,155000.0,36,10.25,5020.0,0,0,2025-12-04,0.17,1
APP105231,47,Male,West Bengal,Salaried,69600.0,631,Personal,181000.0,84,14.41,3433.0,1,0,2025-11-04,0.1,1
APP105214,46,Male,Delhi,Self-Employed,12000.0,625,Personal,151000.0,36,12.8,5073.0,1,0,2025-01-13,0.85,0
APP105533,45,Female,Uttar Pradesh,Salaried,55100.0,652,Home Renovation,287000.0,24,11.03,13380.0,1,3,2024-10-03,0.49,0
APP100717,39,Male,Maharashtra,Salaried,51300.0,695,Education,20000.0,36,11.42,659.0,2,1,2025-12-06,0.04,1
APP104486,57,Male,Tamil Nadu,Salaried,77000.0,705,Personal,20000.0,84,14.24,377.0,1,3,2024-10-22,0.01,0
APP102407,59,Male,Telangana,Self-Employed,40400.0,699,Personal,21000.0,36,11.39,691.0,0,1,2024-06-07,0.02,0
APP104417,38,Female,Karnataka,Self-Employed,15100.0,691,Business Expansion,123000.0,36,12.92,4140.0,2,0,2024-05-14,0.82,1
APP104870,39,Female,Telangana,Salaried,38300.0,603,Medical,471000.0,48,14.35,12954.0,0,3,2025-06-18,0.34,0
APP100527,37,Male,Maharashtra,Salaried,64500.0,856,Personal,94000.0,36,10.01,3034.0,0,1,2025-05-15,0.05,0
APP102053,35,Female,Punjab,Self-Employed,13000.0,436,Home Renovation,317000.0,36,14.86,10967.0,1,2,2025-09-23,1.69,1
APP101657,56,Female,Delhi,Salaried,66600.0,757,Business Expansion,70000.0,48,11.58,1829.0,2,2,2024-04-15,0.08,1
APP102318,25,Male,Tamil Nadu,Salaried,42800.0,691,Personal,185000.0,36,12.25,6167.0,1,2,2025-03-03,0.29,0
APP101947,57,Male,Delhi,Salaried,42600.0,695,Personal,260000.0,24,13.62,12437.0,2,2,2024-09-16,0.88,0
APP105310,27,Male,Uttar Pradesh,Salaried,41100.0,733,Business Expansion,288000.0,24,13.15,13712.0,1,2,2025-01-11,0.67,1
APP105091,48,Male,Delhi,Salaried,29400.0,511,Personal,508000.0,36,14.75,17548.0,2,0,2025-07-28,1.79,0
APP105265,48,Female,West Bengal,Salaried,54500.0,583,Personal,442000.0,24,14.63,21353.0,0,2,2024-09-13,0.39,0
APP105490,46,Male,Uttar Pradesh,Business Owner,37200.0,663,Home Renovation,361000.0,36,12.53,12082.0,1,1,2024-09-07,0.65,1
APP100524,28,Male,West Bengal,Salaried,52100.0,561,Medical,198000.0,24,14.42,9546.0,1,3,2025-03-26,0.37,1
APP103317,27,Male,Maharashtra,Business Owner,106600.0,829,Education,331000.0,36,11.09,10851.0,1,1,2024-07-21,0.2,1
APP100910,35,Male,Rajasthan,Salaried,31700.0,683,Personal,20000.0,60,12.74,452.0,0,2,2024-02-14,0.01,0
APP102541,47,Female,Gujarat,Salaried,35300.0,792,Personal,422000.0,24,13.04,20071.0,0,4,2024-11-14,0.57,0
APP103552,48,Male,Punjab,Self-Employed,30400.0,671,Personal,292000.0,48,12.62,7779.0,4,1,2024-07-21,1.28,0
APP100503,25,Male,Punjab,Salaried,64200.0,594,Personal,229000.0,12,14.97,20666.0,1,2,2025-10-02,0.64,1
APP100558,36,Male,Rajasthan,Business Owner,12000.0,749,Vehicle,196000.0,60,12.14,4374.0,0,0,2024-08-10,0.36,0
APP100124,50,Male,Delhi,Salaried,64900.0,668,Personal,412000.0,12,12.87,36774.0,0,0,2025-12-11,0.57,0
APP101470,31,Male,Karnataka,Self-Employed,21500.0,710,Personal,120000.0,24,12.26,5663.0,3,2,2025-12-26,1.05,1
APP104652,37,Male,Rajasthan,Salaried,48300.0,836,Education,149000.0,48,11.28,3871.0,0,1,2025-02-16,0.08,1
APP101284,40,Male,Gujarat,Salaried,39300.0,731,Medical,185000.0,12,12.08,16444.0,1,0,2024-07-26,0.84,0
APP103302,50,Male,Tamil Nadu,Self-Employed,46300.0,702,Personal,454000.0,36,12.33,15151.0,1,0,2024-02-02,0.65,0
APP101094,21,Male,Uttar Pradesh,Business Owner,76800.0,774,Vehicle,331000.0,60,12.44,7437.0,2,1,2025-04-27,0.29,0
APP104361,52,Female,Maharashtra,Salaried,27700.0,665,Medical,332000.0,84,14.99,6405.0,2,0,2025-10-02,0.69,0
APP101774,45,Female,Karnataka,Business Owner,12000.0,605,Business Expansion,191000.0,84,15.18,3705.0,1,1,2025-08-01,0.62,1
APP101212,36,Male,Telangana,Salaried,23000.0,682,Business Expansion,47000.0,12,12.58,4189.0,1,0,2024-02-13,0.36,0
APP101183,22,Male,Maharashtra,Salaried,36100.0,655,Personal,20000.0,12,13.64,1792.0,0,0,2025-04-28,0.05,0
APP100224,21,Female,Uttar Pradesh,Salaried,38200.0,661,Medical,315000.0,36,13.41,10676.0,0,0,2025-04-21,0.28,0
APP104814,57,Female,Tamil Nadu,Business Owner,84200.0,564,Business Expansion,20000.0,36,15.3,696.0,1,1,2024-02-01,0.02,0
APP101951,29,Female,Telangana,Salaried,16700.0,629,Vehicle,197000.0,12,14.34,17720.0,1,2,2025-02-25,2.12,0
APP101040,58,Male,Punjab,Salaried,47300.0,875,Business Expansion,177000.0,12,9.23,15498.0,2,2,2024-04-04,0.98,0
APP100428,21,Male,Uttar Pradesh,Self-Employed,32200.0,623,Personal,193000.0,12,12.07,17154.0,1,2,2025-11-22,1.07,0
APP105915,44,Male,Gujarat,Business Owner,30000.0,859,Home Renovation,188000.0,60,10.01,3995.0,0,2,2024-09-16,0.13,0
APP101371,52,Male,Uttar Pradesh,Self-Employed,22000.0,605,Home Renovation,124000.0,24,14.16,5963.0,0,1,2024-01-06,0.27,1
APP103762,42,Female,Maharashtra,Salaried,35400.0,734,Education,501000.0,24,12.94,23804.0,0,2,2025-10-18,0.67,0
APP100684,35,Male,Karnataka,Self-Employed,30900.0,680,Home Renovation,442000.0,24,13.16,21047.0,1,2,2024-12-08,1.36,0
APP100827,39,Male,Karnataka,Salaried,62300.0,676,Vehicle,246000.0,84,12.76,4443.0,1,3,2024-09-26,0.14,0
APP100632,25,Male,Rajasthan,Self-Employed,42400.0,702,Home Renovation,183000.0,36,14.49,6298.0,0,2,2025-06-09,0.15,0
APP101241,50,Male,Uttar Pradesh,Salaried,49400.0,720,Vehicle,20000.0,36,12.38,668.0,0,1,2025-07-11,0.01,0
APP102525,58,Female,West Bengal,Salaried,14700.0,707,Home Renovation,288000.0,36,12.84,9682.0,1,0,2024-01-28,1.32,0
APP101671,59,Female,Tamil Nadu,Business Owner,107400.0,567,Vehicle,86000.0,24,12.34,4062.0,0,4,2024-04-28,0.04,0
APP101460,54,Male,Uttar Pradesh,Salaried,42000.0,684,Personal,183000.0,24,14.4,8821.0,0,0,2025-03-14,0.21,0
APP101397,51,Male,Rajasthan,Business Owner,45600.0,673,Personal,353000.0,36,12.84,11867.0,0,1,2024-03-20,0.26,0
APP101277,49,Male,Maharashtra,Salaried,63400.0,657,Education,412000.0,24,12.99,19585.0,1,1,2024-11-06,0.62,0
APP105872,34,Male,Rajasthan,Business Owner,72000.0,688,Vehicle,227000.0,84,12.62,4083.0,1,1,2025-06-11,0.11,0
APP100745,34,Female,Karnataka,Salaried,57000.0,657,Personal,110000.0,48,13.7,2989.0,0,3,2024-04-22,0.05,1
APP101748,21,Male,West Bengal,Salaried,,592,Home Renovation,293000.0,36,14.45,10078.0,0,0,2024-05-19,0.32,0
APP100167,57,Male,Delhi,Self-Employed,22700.0,831,Vehicle,57000.0,36,10.69,1858.0,0,1,2024-11-22,0.08,0
APP104959,22,Female,Delhi,Salaried,65700.0,776,Vehicle,366000.0,48,11.6,9566.0,1,0,2025-09-10,0.29,0
APP100141,50,Female,Uttar Pradesh,Self-Employed,35000.0,632,Business Expansion,435000.0,36,12.31,14513.0,0,1,2024-06-16,0.41,1
APP100804,57,Female,Karnataka,Salaried,39200.0,704,Personal,396000.0,84,14.2,7465.0,2,1,2024-07-29,0.57,0
APP102008,38,Female,Maharashtra,Self-Employed,68800.0,632,Personal,407000.0,24,13.06,19361.0,0,2,2025-09-07,0.28,0
APP104281,59,Male,Maharashtra,Self-Employed,49200.0,629,Medical,250000.0,84,14.71,4784.0,1,1,2024-08-26,0.19,1
APP103639,26,Female,Gujarat,Self-Employed,44400.0,696,Personal,352000.0,84,12.73,6352.0,0,1,2024-02-21,0.14,1
APP104642,38,Male,West Bengal,Business Owner,60800.0,779,Business Expansion,388000.0,12,12.8,34619.0,0,2,2025-08-04,0.57,0
APP102248,22,Female,Uttar Pradesh,Salaried,71300.0,879,Education,284000.0,36,10.87,9280.0,0,2,2024-10-03,0.13,0
APP100454,30,Male,Gujarat,Business Owner,57000.0,620,Personal,99000.0,36,15.32,3447.0,1,0,2025-09-13,0.12,0
APP102520,36,Female,Tamil Nadu,Salaried,23400.0,661,Vehicle,447000.0,36,13.19,15102.0,2,1,2024-07-18,1.94,1
APP103906,57,Male,Uttar Pradesh,Salaried,37400.0,875,Home Renovation,220000.0,36,9.82,7080.0,1,1,2024-01-17,0.38,0
APP105756,32,Male,Rajasthan,Self-Employed,33900.0,702,Business Expansion,156000.0,60,11.92,3464.0,1,1,2025-01-01,0.2,0
APP103223,40,Male,Tamil Nadu,Self-Employed,25300.0,650,Education,195000.0,12,14.63,17566.0,0,2,2025-11-23,0.69,1
APP100440,28,Male,Tamil Nadu,Salaried,,871,Medical,291000.0,84,11.87,5117.0,0,3,2024-12-14,0.1,0
APP105080,33,Female,West Bengal,Salaried,38300.0,695,Medical,404000.0,36,11.97,13413.0,0,1,2024-07-01,0.35,0
APP104104,42,Male,Maharashtra,Salaried,55800.0,790,Personal,20000.0,36,11.3,658.0,1,2,2024-11-08,0.02,0
APP101827,46,Female,Rajasthan,Self-Employed,50300.0,790,Personal,102000.0,24,11.77,4791.0,1,0,2024-01-03,0.19,1
APP103686,40,Male,Rajasthan,Self-Employed,40600.0,658,Personal,493000.0,24,13.4,23531.0,1,1,2024-12-04,1.16,0
APP103631,39,Male,Maharashtra,Business Owner,42400.0,596,Personal,141000.0,36,14.5,4853.0,0,5,2024-01-18,0.11,0
APP105936,49,Male,Punjab,Self-Employed,29000.0,632,Home Renovation,436000.0,60,14.28,10208.0,1,1,2025-03-13,0.7,0
APP105641,26,Male,Delhi,Salaried,24200.0,574,Personal,337000.0,84,15.52,6602.0,0,0,2024-08-17,0.27,1
APP100984,21,Male,Uttar Pradesh,Salaried,57700.0,861,Vehicle,437000.0,24,11.07,20382.0,1,1,2025-11-09,0.71,0
APP103618,52,Female,Karnataka,Salaried,31300.0,636,Education,403000.0,24,15.31,19600.0,2,0,2025-08-30,1.88,1
APP101745,25,Female,Maharashtra,Salaried,42800.0,770,Home Renovation,184000.0,48,11.59,4808.0,1,2,2025-04-28,0.22,0
APP104935,36,Female,Karnataka,Self-Employed,40000.0,606,Education,365000.0,24,14.5,17611.0,0,0,2025-08-03,0.44,0
APP104408,28,Male,West Bengal,Self-Employed,39200.0,695,Home Renovation,272000.0,36,14.64,9381.0,2,1,2024-02-20,0.72,1
APP104510,32,Male,Karnataka,Salaried,40700.0,686,Education,261000.0,36,14.41,8972.0,0,1,2024-04-16,0.22,0
APP104762,54,Female,West Bengal,Business Owner,12000.0,759,Vehicle,471000.0,36,10.73,15360.0,1,0,2024-02-07,2.56,1
APP101842,45,Male,Uttar Pradesh,Business Owner,44100.0,656,Medical,216000.0,36,14.04,7387.0,1,1,2025-10-12,0.34,1
APP102941,24,Female,Rajasthan,Salaried,37200.0,792,Personal,233000.0,48,12.78,6225.0,3,0,2024-06-16,0.67,0
APP105224,57,Female,Uttar Pradesh,Salaried,39000.0,581,Personal,194000.0,24,13.46,9265.0,0,2,2025-07-02,0.24,0
APP104426,33,Male,Tamil Nadu,Salaried,31200.0,776,Medical,308000.0,12,11.59,27306.0,0,1,2025-07-24,0.88,0
APP100376,42,Male,Punjab,Self-Employed,35300.0,599,Vehicle,577000.0,84,13.63,10695.0,0,1,2024-04-24,0.3,1
APP100205,39,Male,Punjab,Salaried,14800.0,900,Business Expansion,425000.0,48,10.02,10783.0,2,2,2025-04-24,2.19,0
APP102211,37,Male,Maharashtra,Self-Employed,21000.0,681,Personal,421000.0,36,13.42,14270.0,1,3,2025-04-05,1.36,1
APP102194,37,Female,Maharashtra,Salaried,79100.0,770,Personal,105000.0,24,10.79,4884.0,0,0,2024-07-27,0.06,0
APP101376,33,Male,Rajasthan,Business Owner,105700.0,748,Vehicle,134000.0,24,11.43,6272.0,1,0,2024-02-01,0.12,0
APP103355,30,Male,Punjab,Salaried,77600.0,631,Vehicle,186000.0,24,14.54,8978.0,0,2,2025-07-25,0.12,0
APP103693,49,Male,Delhi,Salaried,36800.0,647,Business Expansion,265000.0,48,13.32,7151.0,2,0,2025-10-05,0.58,0
APP103815,39,Male,Tamil Nadu,Self-Employed,68900.0,757,Home Renovation,288000.0,48,12.97,7722.0,1,0,2024-12-31,0.22,1
APP102880,22,Male,Maharashtra,Salaried,73200.0,695,Medical,244000.0,48,12.45,6479.0,1,4,2024-04-27,0.18,0
APP102417,37,Male,Uttar Pradesh,Salaried,46800.0,828,Personal,514000.0,48,10.43,13143.0,0,2,2025-03-09,0.28,0
APP100418,47,Female,Rajasthan,Salaried,43400.0,678,Business Expansion,322000.0,36,12.6,10788.0,3,2,2025-12-15,0.99,1
APP100283,55,Female,Telangana,Salaried,47400.0,668,Home Renovation,204000.0,48,13.79,5553.0,3,1,2025-09-04,0.47,0
APP100871,21,Male,Maharashtra,Business Owner,17600.0,605,Personal,180000.0,48,13.08,4836.0,1,1,2025-07-06,0.55,1
APP102145,25,Male,Uttar Pradesh,Salaried,20300.0,569,Personal,299000.0,36,15.59,10452.0,1,2,2024-03-08,1.03,1
APP103573,30,Female,Karnataka,Business Owner,37500.0,662,Education,20000.0,36,13.77,681.0,0,3,2025-03-30,0.02,0
APP100354,36,Female,Maharashtra,Salaried,91700.0,707,Medical,199000.0,60,13.59,4588.0,0,0,2024-01-23,0.05,0
APP103782,37,Male,Karnataka,Self-Employed,58000.0,900,Personal,311000.0,12,9.33,27245.0,2,1,2024-06-03,1.41,0
APP104676,46,Female,Telangana,Business Owner,63400.0,589,Business Expansion,486000.0,36,12.99,16373.0,0,1,2025-03-26,0.26,0
APP105252,24,Female,Delhi,Self-Employed,34700.0,731,Personal,565000.0,12,12.44,50316.0,0,1,2024-12-21,1.45,0
APP104812,30,Male,Uttar Pradesh,Business Owner,74200.0,575,Education,437000.0,24,14.81,21149.0,2,3,2024-01-27,0.86,1
APP102757,43,Male,Punjab,Salaried,12000.0,749,Personal,270000.0,36,11.32,8880.0,1,6,2025-08-04,1.48,0
APP103966,23,Female,Punjab,Salaried,55200.0,803,Vehicle,617000.0,36,12.37,20602.0,1,2,2025-10-26,0.75,0
APP103377,52,Female,Maharashtra,Salaried,36800.0,688,Vehicle,74000.0,36,13.42,2508.0,1,1,2024-08-18,0.14,1
APP102739,31,Male,Punjab,Salaried,69000.0,590,Home Renovation,129000.0,24,14.94,6251.0,0,1,2024-02-04,0.09,1
APP101596,42,Male,West Bengal,Business Owner,58000.0,612,Personal,235000.0,36,12.77,7892.0,0,1,2024-08-24,0.14,0
APP100984,21,Male,Uttar Pradesh,Salaried,57700.0,861,Vehicle,437000.0,24,11.07,20382.0,1,1,2025-11-09,0.71,0
APP101469,49,Male,Karnataka,Salaried,38400.0,701,Vehicle,232000.0,12,11.52,20561.0,0,2,2025-09-13,0.54,0
APP105785,35,Male,Uttar Pradesh,Business Owner,90300.0,574,Home Renovation,216000.0,36,13.94,7376.0,1,2,2025-05-12,0.16,0
APP101601,38,Male,Punjab,Salaried,16100.0,558,Home Renovation,485000.0,12,14.22,43597.0,0,0,2024-08-12,2.71,1
APP105601,28,Female,Delhi,Salaried,57000.0,589,Medical,234000.0,12,13.61,20967.0,1,0,2024-12-01,0.74,0
APP102447,50,Male,Maharashtra,Salaried,46100.0,632,Home Renovation,382000.0,24,13.03,18166.0,1,2,2024-02-22,0.79,1
APP100458,55,Male,Uttar Pradesh,Salaried,33400.0,753,Education,132000.0,60,13.84,3060.0,1,1,2024-07-24,0.18,0
APP102023,22,Male,Maharashtra,Business Owner,73700.0,526,Home Renovation,179000.0,36,14.04,6121.0,1,0,2024-03-22,0.17,1
APP104957,51,Male,Maharashtra,Salaried,61100.0,794,Vehicle,206000.0,48,11.09,5333.0,2,1,2024-11-26,0.26,1
APP101638,52,Male,Telangana,Salaried,45000.0,591,Vehicle,220000.0,36,14.86,7611.0,1,2,2025-05-15,0.34,0
APP105587,37,Male,Uttar Pradesh,Salaried,54000.0,610,Vehicle,163000.0,24,14.99,7903.0,0,3,2025-11-13,0.15,0
APP105499,35,Female,West Bengal,Salaried,29000.0,778,Education,192000.0,84,11.66,3355.0,0,1,2025-11-05,0.12,0
APP105952,46,Male,Karnataka,Business Owner,42400.0,663,Home Renovation,266000.0,24,14.71,12861.0,0,0,2025-03-04,0.3,0
APP100375,25,Female,Delhi,Salaried,34000.0,792,Vehicle,463000.0,24,11.35,21655.0,1,2,2024-08-15,1.27,0
APP103395,37,Male,Maharashtra,Salaried,51500.0,625,Vehicle,460000.0,36,15.68,16100.0,0,0,2025-05-15,0.31,1
APP100883,39,Female,Telangana,Self-Employed,12000.0,779,Personal,271000.0,12,12.42,24131.0,3,1,2024-09-07,8.04,0
APP103977,42,Female,Maharashtra,Business Owner,36600.0,677,Personal,252000.0,36,12.52,8433.0,2,1,2024-04-30,0.69,1
APP100691,37,Male,Rajasthan,Salaried,27900.0,676,Personal,169000.0,24,13.84,8101.0,0,2,2025-10-29,0.29,1
APP103181,28,Male,Uttar Pradesh,Salaried,34200.0,748,Vehicle,250000.0,60,11.24,5466.0,1,0,2024-07-02,0.32,0
APP105196,59,Male,Rajasthan,Business Owner,100900.0,729,Medical,110000.0,36,10.69,3585.0,1,2,2024-12-10,0.07,0
APP103702,30,Male,Telangana,Salaried,33100.0,773,Personal,277000.0,36,12.34,9245.0,0,3,2025-05-07,0.28,1
APP103455,23,Male,Delhi,Business Owner,64100.0,656,Personal,79000.0,24,13.19,3763.0,1,0,2025-05-01,0.12,0
APP100317,49,Female,Punjab,Self-Employed,40700.0,593,Personal,398000.0,36,15.0,13797.0,0,2,2025-01-20,0.34,1
APP103619,52,Male,Uttar Pradesh,Business Owner,29700.0,725,Personal,252000.0,12,12.34,22430.0,1,1,2024-12-01,1.51,0
APP104276,31,Female,Karnataka,Business Owner,42300.0,800,Education,200000.0,12,12.45,17812.0,0,0,2025-03-20,0.42,0
APP101902,56,Male,Telangana,Salaried,67000.0,750,Vehicle,250000.0,36,12.29,8338.0,0,2,2024-06-02,0.12,0
APP104550,41,Male,Uttar Pradesh,Business Owner,12000.0,738,Vehicle,362000.0,36,13.29,12248.0,1,2,2025-01-16,2.04,1
APP100508,38,Female,West Bengal,Business Owner,124800.0,681,Vehicle,83000.0,12,14.88,7487.0,0,2,2024-10-15,0.06,0
APP105893,22,Male,Karnataka,Salaried,46500.0,785,Vehicle,209000.0,12,11.2,18491.0,2,2,2024-11-28,1.19,0
APP105176,27,Female,Maharashtra,Salaried,44400.0,651,Personal,211000.0,48,12.64,5623.0,1,3,2025-01-20,0.25,0
APP102594,36,Female,Gujarat,Salaried,50100.0,501,Medical,233000.0,24,14.5,11242.0,1,1,2025-06-13,0.45,1
APP105826,42,Male,Maharashtra,Business Owner,88700.0,758,Personal,214000.0,24,12.52,10126.0,1,0,2024-02-03,0.23,0
APP103227,57,Female,Maharashtra,Salaried,32000.0,727,Vehicle,169000.0,36,11.19,5548.0,0,2,2024-11-13,0.17,0
APP103063,36,Male,Telangana,Self-Employed,54200.0,604,Personal,190000.0,48,13.14,5110.0,2,0,2024-09-30,0.28,1
APP103707,48,Male,Karnataka,Salaried,12000.0,712,Vehicle,196000.0,12,12.78,17486.0,3,1,2025-10-16,5.83,1
APP105692,37,Male,Maharashtra,Salaried,43200.0,523,Education,387000.0,48,16.59,11085.0,0,0,2025-03-24,0.26,0
APP100754,27,Male,Gujarat,Self-Employed,15300.0,674,Education,546000.0,24,12.45,25817.0,1,1,2025-12-30,3.37,0
APP105247,53,Female,Maharashtra,Salaried,29600.0,712,Education,195000.0,36,11.86,6464.0,0,1,2024-06-25,0.22,0
APP101550,52,Male,Uttar Pradesh,Salaried,40100.0,823,Vehicle,521000.0,24,14.39,25111.0,1,1,2025-12-07,1.25,0
APP105494,35,Female,Uttar Pradesh,Salaried,27500.0,660,Personal,415000.0,36,12.21,13826.0,2,3,2024-10-27,1.51,1
APP100125,57,Male,Tamil Nadu,Business Owner,57900.0,676,Business Expansion,370000.0,48,13.35,9991.0,1,4,2025-09-19,0.35,0
APP102790,37,Male,Tamil Nadu,Salaried,43600.0,701,Home Renovation,408000.0,60,13.13,9310.0,1,1,2024-09-05,0.43,0
APP102174,49,Male,Maharashtra,Self-Employed,23700.0,655,Business Expansion,387000.0,24,14.06,18592.0,2,2,2024-04-12,2.35,1
APP103138,39,Male,Karnataka,Self-Employed,14900.0,900,Vehicle,137000.0,24,10.96,6383.0,1,1,2024-11-21,0.86,0
APP101599,34,Male,Uttar Pradesh,Self-Employed,57600.0,737,Education,287000.0,48,12.83,7675.0,1,0,2024-04-11,0.27,0
APP101502,28,Female,Uttar Pradesh,Self-Employed,36100.0,601,Medical,153000.0,60,14.63,3610.0,1,1,2025-11-29,0.2,0
APP104847,39,Male,West Bengal,Salaried,76100.0,723,Vehicle,20000.0,24,12.58,947.0,2,3,2024-07-09,0.04,0
APP103408,57,Male,Uttar Pradesh,Business Owner,75500.0,694,Education,268000.0,12,13.31,23976.0,0,1,2024-12-18,0.32,1
APP102014,32,Female,Telangana,Salaried,33900.0,868,Business Expansion,248000.0,24,11.57,11624.0,2,2,2024-12-26,1.03,0
APP102761,39,Male,Delhi,Salaried,68300.0,569,Medical,342000.0,12,17.17,31220.0,1,2,2025-06-24,0.91,1
APP103311,27,Male,Telangana,Salaried,62700.0,493,Home Renovation,251000.0,24,14.84,12151.0,0,1,2025-05-29,0.19,0
APP103576,29,Male,Delhi,Self-Employed,35600.0,850,Education,170000.0,48,11.09,4401.0,1,1,2025-07-17,0.25,0
APP103521,24,Female,Telangana,Business Owner,23700.0,610,Vehicle,375000.0,24,13.44,17906.0,0,0,2024-02-18,0.76,0
APP103698,30,Male,Gujarat,Salaried,35900.0,544,Vehicle,231000.0,12,13.54,20691.0,0,4,2025-11-25,0.58,1
APP101416,39,Female,Karnataka,Self-Employed,58000.0,722,Medical,183000.0,84,10.81,3115.0,2,1,2025-06-01,0.16,0
APP104183,52,Male,Punjab,Self-Employed,73800.0,612,Personal,527000.0,24,13.72,25233.0,0,3,2024-12-12,0.34,0
APP103484,21,Male,Punjab,Self-Employed,61900.0,673,Medical,451000.0,12,12.35,40145.0,0,1,2024-10-12,0.65,1
APP102555,25,Male,Gujarat,Self-Employed,27300.0,453,Personal,315000.0,24,14.49,15197.0,0,1,2024-01-03,0.56,1
APP103082,21,Male,Delhi,Self-Employed,12000.0,746,Personal,218000.0,24,12.63,10326.0,1,4,2025-09-13,1.72,1
APP102292,38,Male,Delhi,Business Owner,35700.0,697,Medical,256000.0,48,12.44,6797.0,0,5,2025-01-13,0.19,0
APP101168,59,Female,Uttar Pradesh,Business Owner,73700.0,900,Personal,228000.0,12,9.0,19939.0,2,1,2024-12-15,0.81,0
APP101415,26,Male,Tamil Nadu,Salaried,23300.0,600,Vehicle,237000.0,48,12.94,6351.0,0,1,2025-06-09,0.27,0
APP105270,52,Male,West Bengal,Salaried,53100.0,791,Personal,110000.0,36,9.69,3533.0,2,0,2024-01-24,0.2,0
APP105482,38,Female,Maharashtra,Salaried,39900.0,591,Home Renovation,371000.0,12,13.81,33278.0,2,1,2025-04-18,2.5,1
APP100300,23,Male,Karnataka,Salaried,62800.0,599,Personal,296000.0,24,14.3,14254.0,0,2,2025-04-08,0.23,1
APP103513,40,Female,Maharashtra,Business Owner,20700.0,687,Business Expansion,272000.0,12,12.63,24247.0,1,0,2024-07-26,2.34,0
APP102732,22,Female,West Bengal,Salaried,36400.0,757,Medical,500000.0,36,12.04,16617.0,0,2,2025-05-31,0.46,0
APP105717,44,Male,Delhi,Salaried,61100.0,780,Medical,282000.0,12,12.52,25124.0,0,1,2025-05-14,0.41,1
APP105695,25,Male,Karnataka,Self-Employed,29000.0,663,Education,309000.0,48,13.12,8308.0,2,1,2025-05-04,0.86,0
APP105197,46,Male,Tamil Nadu,Salaried,50500.0,776,Vehicle,216000.0,84,11.66,3774.0,1,1,2024-10-20,0.15,0
APP103723,30,Male,Rajasthan,Self-Employed,54500.0,703,Vehicle,243000.0,24,14.75,11753.0,1,2,2024-01-20,0.43,0
APP105750,24,Male,Tamil Nadu,Salaried,60600.0,682,Vehicle,270000.0,24,13.64,12918.0,0,1,2024-09-27,0.21,0
APP103834,41,Female,Maharashtra,Salaried,49800.0,695,Personal,555000.0,12,12.0,49311.0,1,0,2024-02-25,1.98,1
APP100862,51,Male,Rajasthan,Salaried,40500.0,677,Home Renovation,93000.0,36,13.51,3156.0,1,0,2024-03-09,0.16,1
APP104414,45,Male,Rajasthan,Self-Employed,43900.0,473,Home Renovation,207000.0,36,15.34,7210.0,0,0,2025-10-15,0.16,0
APP101140,57,Female,Karnataka,Salaried,37900.0,649,Education,20000.0,24,12.44,946.0,0,2,2024-01-05,0.02,0
APP104665,56,Male,Tamil Nadu,Salaried,35900.0,706,Education,334000.0,36,12.9,11238.0,0,0,2025-11-04,0.31,1
APP100935,35,Male,Uttar Pradesh,Salaried,46200.0,684,Personal,305000.0,36,12.83,10252.0,1,1,2024-12-16,0.44,0
APP102358,41,Female,Delhi,Salaried,53600.0,596,Vehicle,268000.0,48,15.9,7581.0,0,1,2024-03-17,0.14,0
APP105420,-40,Female,Maharashtra,Salaried,50900.0,728,Personal,261000.0,84,12.55,4684.0,1,1,2025-12-27,0.18,0
APP105929,38,Male,Telangana,Salaried,75400.0,595,Personal,323000.0,48,16.12,9174.0,0,2,2024-02-10,0.12,1
APP102745,23,Male,Karnataka,Salaried,62500.0,640,Business Expansion,367000.0,60,14.15,8568.0,1,0,2024-12-09,0.27,1
APP100041,22,Male,Gujarat,Business Owner,54600.0,780,Vehicle,376000.0,36,11.1,12328.0,0,1,2025-03-22,0.23,0
APP101933,41,Male,Maharashtra,Business Owner,49100.0,706,Vehicle,115000.0,36,13.94,3927.0,0,2,2024-09-02,0.08,0
APP103230,59,Male,Gujarat,Business Owner,30700.0,642,Business Expansion,183000.0,60,13.03,4167.0,0,3,2025-07-24,0.14,0
APP103224,39,Male,Rajasthan,Self-Employed,31200.0,500,Personal,312000.0,24,12.81,14805.0,0,3,2025-10-03,0.47,0
APP102378,38,Male,Karnataka,Self-Employed,78900.0,579,Personal,279000.0,24,13.31,13305.0,0,2,2025-06-03,0.17,0
APP103776,56,Male,Tamil Nadu,Business Owner,109100.0,764,Business Expansion,204000.0,24,10.71,9481.0,0,2,2025-01-28,0.09,0
APP105251,38,Female,Telangana,Salaried,55900.0,654,Home Renovation,450000.0,60,11.56,9910.0,0,1,2025-08-06,0.18,0
APP100928,30,Male,Telangana,Business Owner,70100.0,585,Home Renovation,61000.0,84,13.01,1110.0,0,1,2024-08-12,0.02,0
APP101913,54,Male,Gujarat,Self-Employed,52100.0,603,Personal,320000.0,36,13.62,10878.0,0,0,2025-02-14,0.21,0
APP100281,39,Male,Gujarat,Salaried,27000.0,579,Home Renovation,45000.0,24,14.98,2181.0,2,1,2025-08-10,0.24,0
APP103663,53,Male,Karnataka,Self-Employed,15800.0,671,Home Renovation,336000.0,24,12.2,15848.0,0,1,2025-07-14,1.0,1
APP101849,42,Female,Tamil Nadu,Salaried,58000.0,617,Vehicle,482000.0,48,14.95,13402.0,1,0,2025-08-17,0.46,1
APP103467,23,Male,West Bengal,Salaried,36100.0,726,Education,389000.0,36,15.78,13634.0,0,3,2024-02-29,0.38,1
APP101578,26,Male,Uttar Pradesh,Salaried,50100.0,715,Medical,208000.0,24,13.29,9917.0,0,1,2024-03-26,0.2,0
APP100339,45,Female,Uttar Pradesh,Salaried,46300.0,607,Vehicle,180000.0,36,13.87,6141.0,1,0,2025-06-19,0.27,0
APP102509,26,Female,Tamil Nadu,Salaried,62700.0,769,Personal,185000.0,60,11.34,4054.0,1,0,2025-02-24,0.13,0
APP100897,35,Female,Maharashtra,Salaried,45000.0,560,Education,55000.0,84,14.01,1031.0,0,0,2025-07-12,0.02,0
APP103809,36,Female,Tamil Nadu,Self-Employed,58000.0,683,Vehicle,277000.0,24,12.04,13045.0,1,0,2025-07-28,0.45,1
APP100178,22,Female,Delhi,Salaried,60700.0,704,Home Renovation,119000.0,48,13.54,3224.0,1,0,2024-08-07,0.11,0
APP104583,31,Female,Maharashtra,Self-Employed,30900.0,440,Vehicle,420000.0,12,15.83,38073.0,0,1,2025-12-27,1.23,1
APP102985,44,Female,Punjab,Salaried,55900.0,602,Personal,273000.0,24,14.25,13140.0,0,1,2025-07-19,0.24,0
APP101067,48,Female,Karnataka,Salaried,31300.0,583,Personal,317000.0,24,13.45,15138.0,0,0,2025-12-23,0.48,0
APP100802,23,Female,Maharashtra,Self-Employed,12000.0,746,Personal,69000.0,24,11.42,3229.0,0,1,2025-06-07,0.27,1
APP101918,57,Male,Delhi,Self-Employed,46500.0,724,Medical,250000.0,60,12.45,5618.0,0,1,2024-10-15,0.12,0
APP103598,21,Female,Telangana,Salaried,40300.0,661,Education,223000.0,24,13.68,10673.0,2,2,2025-10-21,0.79,0
APP103253,54,Male,Tamil Nadu,Self-Employed,44400.0,621,Education,149000.0,36,13.04,5023.0,1,1,2024-01-16,0.23,1
APP100206,40,Female,Gujarat,Self-Employed,16200.0,694,Medical,323000.0,36,11.18,10602.0,1,2,2025-08-09,1.31,1
APP100451,45,Male,Uttar Pradesh,Business Owner,61300.0,705,Business Expansion,133000.0,12,12.83,11869.0,1,5,2024-11-10,0.39,0
APP105065,53,Female,West Bengal,Business Owner,70000.0,758,Personal,248000.0,36,12.61,8310.0,3,1,2024-01-23,0.47,0
APP100069,44,Female,Telangana,Business Owner,70200.0,786,Home Renovation,442000.0,24,12.15,20837.0,0,4,2025-06-29,0.3,0
APP104673,48,Male,Telangana,Salaried,59400.0,638,Personal,503000.0,60,13.71,11628.0,0,0,2025-05-22,0.2,0
APP105042,21,Female,Delhi,Self-Employed,38000.0,682,Business Expansion,177000.0,36,12.59,5929.0,1,0,2024-08-27,0.31,0
APP103426,28,Female,Gujarat,Salaried,34400.0,811,Medical,322000.0,48,11.0,8322.0,0,0,2025-12-03,0.24,0
APP103492,21,Female,West Bengal,Salaried,30800.0,617,Personal,181000.0,24,13.73,8667.0,2,0,2025-11-20,0.84,0
APP105397,41,Female,Uttar Pradesh,Self-Employed,52900.0,741,Home Renovation,121000.0,24,14.42,5834.0,1,1,2024-05-27,0.22,0
APP104758,50,Male,West Bengal,Business Owner,27400.0,666,Personal,20000.0,36,14.46,688.0,1,0,2025-12-08,0.05,0
APP104657,55,Male,Uttar Pradesh,Self-Employed,56100.0,484,Home Renovation,385000.0,36,15.69,13477.0,1,3,2024-02-21,0.48,1
APP102166,55,Female,Punjab,Self-Employed,12000.0,632,Medical,266000.0,12,13.11,23772.0,1,0,2024-08-09,3.96,1
APP101483,36,Male,Maharashtra,Self-Employed,66900.0,680,Vehicle,233000.0,60,13.85,5403.0,0,3,2024-08-20,0.08,1
APP100858,44,Male,Telangana,Salaried,54200.0,660,Vehicle,315000.0,60,14.37,7390.0,1,1,2024-01-08,0.27,0
APP104705,26,Male,Telangana,Salaried,,678,Personal,388000.0,36,14.29,13316.0,1,1,2025-08-24,0.79,1
APP104632,42,Female,Punjab,Business Owner,38300.0,729,Personal,325000.0,24,13.01,15453.0,0,3,2025-10-22,0.4,0
APP104309,21,Male,Delhi,Salaried,34100.0,737,Vehicle,496000.0,48,9.88,12551.0,1,2,2024-12-10,0.74,0
APP100296,41,Male,Telangana,Salaried,33600.0,692,Home Renovation,285000.0,48,12.97,7642.0,0,0,2025-12-09,0.23,0
APP105869,38,Female,Maharashtra,Self-Employed,27100.0,565,Personal,20000.0,84,12.93,363.0,0,1,2025-04-26,0.01,0
APP104600,21,Female,Tamil Nadu,Business Owner,60400.0,632,Home Renovation,340000.0,24,14.88,16466.0,0,1,2024-02-29,0.27,0
APP101358,35,Male,Maharashtra,Salaried,40200.0,473,Personal,293000.0,60,14.67,6920.0,0,3,2024-07-01,0.17,0
APP104016,22,Female,Tamil Nadu,Salaried,63400.0,724,Medical,367000.0,36,11.3,12067.0,0,3,2025-12-03,0.19,0
APP102168,41,Female,Maharashtra,Salaried,36600.0,623,Vehicle,535000.0,24,16.36,26287.0,1,3,2025-03-07,1.44,0
APP101000,54,Female,West Bengal,Salaried,77100.0,634,Home Renovation,337000.0,24,12.75,15982.0,1,0,2024-07-18,0.41,1
APP102806,40,Male,Telangana,Salaried,25100.0,731,Vehicle,129000.0,48,14.07,3530.0,0,2,2024-09-09,0.14,1
APP103511,24,Male,Maharashtra,Self-Employed,58000.0,724,Personal,136000.0,36,11.46,4482.0,0,1,2024-01-02,0.08,0
APP103448,22,Male,Uttar Pradesh,Business Owner,79700.0,640,Home Renovation,433000.0,24,13.79,20747.0,1,1,2025-09-01,0.52,1
APP105819,39,Female,Telangana,Self-Employed,44600.0,514,Business Expansion,143000.0,84,15.41,2792.0,1,1,2024-09-06,0.13,0
APP105185,52,Female,Uttar Pradesh,Business Owner,85500.0,545,Vehicle,243000.0,36,13.31,8224.0,1,0,2024-01-24,0.19,0
APP104121,53,Male,Karnataka,Self-Employed,24900.0,693,Vehicle,38000.0,60,12.54,856.0,0,1,2024-06-26,0.03,0
APP102543,46,Male,West Bengal,Business Owner,58400.0,677,Personal,47000.0,84,11.54,818.0,2,0,2024-02-21,0.04,0
APP102816,41,Male,Karnataka,Self-Employed,31700.0,693,Home Renovation,124000.0,60,13.29,2840.0,1,1,2024-05-10,0.18,1
APP102090,48,Female,Karnataka,Business Owner,38700.0,777,Education,332000.0,24,10.89,15457.0,0,1,2024-02-27,0.4,0
APP101604,32,Female,Maharashtra,Self-Employed,46100.0,582,Vehicle,112000.0,12,13.57,10034.0,0,1,2025-04-07,0.22,1
APP105867,52,Male,Uttar Pradesh,Salaried,58500.0,775,Education,90000.0,84,12.45,1610.0,0,1,2025-05-05,0.03,0
APP101255,43,Male,West Bengal,Salaried,22500.0,822,Personal,277000.0,36,11.65,9154.0,1,2,2024-02-06,0.81,0
APP102154,59,Female,Gujarat,Business Owner,71400.0,589,Personal,145000.0,84,14.66,2770.0,0,1,2025-02-14,0.04,0
APP103939,53,Male,Maharashtra,Salaried,24200.0,700,Vehicle,76000.0,24,13.16,3619.0,2,1,2024-01-12,0.45,1
APP103801,52,Male,Rajasthan,Salaried,46000.0,652,Personal,60000.0,12,11.67,5322.0,0,0,2024-08-23,0.12,1
APP102320,21,Female,Karnataka,Self-Employed,12000.0,672,Education,348000.0,24,13.24,16584.0,0,1,2025-07-18,1.38,1
APP105345,54,Female,Karnataka,Business Owner,59300.0,682,Education,267000.0,24,13.88,12804.0,0,2,2024-01-25,0.22,0
APP104683,44,Male,West Bengal,Self-Employed,12000.0,769,Medical,197000.0,36,12.27,6569.0,2,3,2025-12-15,1.64,1
APP103462,21,Male,Telangana,Salaried,57700.0,506,Vehicle,117000.0,24,15.47,5699.0,0,2,2025-01-25,0.1,1
APP104221,22,Female,Punjab,Salaried,28300.0,889,Medical,352000.0,36,10.42,11428.0,0,0,2025-11-25,0.4,0
APP104094,44,Male,Karnataka,Salaried,46400.0,682,Personal,72000.0,24,10.99,3355.0,0,1,2025-12-03,0.07,0
APP102665,43,Female,Uttar Pradesh,Salaried,51800.0,572,Medical,223000.0,12,15.63,20194.0,1,2,2024-04-06,0.78,0
APP101812,31,Male,Telangana,Salaried,30700.0,744,Vehicle,199000.0,12,12.83,17758.0,0,2,2024-09-28,0.58,0
APP104339,27,Male,Rajasthan,Business Owner,43700.0,819,Personal,20000.0,36,10.13,647.0,0,1,2025-03-19,0.01,0
APP105573,33,Female,West Bengal,Salaried,34700.0,724,Business Expansion,264000.0,24,12.18,12450.0,1,5,2025-02-28,0.72,0
APP105540,59,Male,Maharashtra,Salaried,35300.0,726,Personal,432000.0,24,13.69,20678.0,3,1,2025-06-06,2.34,0
APP103036,47,Male,Telangana,Self-Employed,35000.0,792,Personal,223000.0,24,12.34,10533.0,1,0,2024-03-28,0.6,0
APP103234,34,Male,Rajasthan,Salaried,42500.0,794,Personal,400000.0,60,10.54,8605.0,1,0,2024-09-21,0.4,0
APP104007,39,Male,Gujarat,Salaried,26000.0,635,Business Expansion,482000.0,12,13.73,43216.0,1,2,2025-04-30,3.32,0
APP105578,56,Female,Maharashtra,Salaried,60900.0,600,Home Renovation,322000.0,24,14.53,15541.0,1,1,2025-04-12,0.51,1
APP102989,31,Male,Uttar Pradesh,Salaried,51200.0,823,Personal,126000.0,12,10.31,11096.0,2,3,2024-06-16,0.65,0
APP100836,57,Male,Maharashtra,Salaried,66300.0,746,Education,20000.0,12,11.31,1771.0,0,2,2024-01-27,0.03,0
APP101770,22,Female,West Bengal,Salaried,53800.0,782,Personal,205000.0,24,10.82,9537.0,0,0,2024-01-03,0.18,0
APP101379,44,Male,Maharashtra,Business Owner,33400.0,650,Business Expansion,187000.0,84,13.72,3476.0,1,0,2025-07-06,0.21,1
APP100545,48,Male,West Bengal,Self-Employed,51000.0,639,Business Expansion,144000.0,12,13.87,12921.0,1,0,2024-01-27,0.51,0
APP100515,33,Female,Karnataka,Business Owner,118700.0,617,Personal,259000.0,48,12.34,6864.0,0,5,2024-03-13,0.06,0
APP102409,46,Male,Uttar Pradesh,Salaried,66000.0,717,Personal,500000.0,48,13.8,13613.0,0,2,2024-03-28,0.21,0
APP103498,25,Male,Telangana,Business Owner,72300.0,675,Medical,214000.0,24,11.99,10073.0,0,3,2025-08-17,0.14,0
APP104293,58,Female,Gujarat,Business Owner,22700.0,701,Education,281000.0,48,13.29,7579.0,0,1,2025-05-10,0.33,0
APP105583,43,Male,Maharashtra,Self-Employed,69800.0,556,Business Expansion,139000.0,24,14.48,6705.0,1,2,2024-11-27,0.19,0
APP103337,43,Male,Maharashtra,Salaried,,832,Medical,121000.0,36,9.75,3890.0,1,1,2025-12-14,0.17,1
APP101285,25,Male,Rajasthan,Self-Employed,79600.0,573,Education,125000.0,36,12.75,4197.0,1,2,2024-05-20,0.11,0
APP105486,35,Male,Punjab,Self-Employed,84100.0,797,Personal,362000.0,60,12.94,8225.0,0,3,2025-10-27,0.1,0
APP101979,28,Female,Telangana,Self-Employed,34500.0,692,Home Renovation,170000.0,24,14.11,8171.0,2,2,2024-11-05,0.71,1
APP104546,41,Male,Maharashtra,Salaried,44000.0,764,Medical,218000.0,48,12.48,5792.0,0,0,2025-07-17,0.13,0
APP104177,24,Male,West Bengal,Salaried,24200.0,674,Business Expansion,138000.0,48,12.82,3690.0,0,4,2025-10-16,0.15,0
APP100268,50,Female,Telangana,Salaried,51900.0,718,Home Renovation,320000.0,48,12.6,8521.0,2,1,2025-01-23,0.49,0
APP103263,41,Female,Karnataka,Self-Employed,48900.0,775,Business Expansion,285000.0,24,10.48,13215.0,1,3,2025-01-17,0.54,0
APP100017,50,Female,Maharashtra,Salaried,53400.0,832,Personal,65000.0,12,9.46,5698.0,0,4,2024-05-01,0.11,1
APP102621,39,Male,Karnataka,Self-Employed,24500.0,770,Medical,496000.0,48,13.02,13311.0,0,0,2025-10-01,0.54,0
APP101151,54,Male,Delhi,Business Owner,85200.0,665,Vehicle,99000.0,48,12.78,2645.0,0,1,2025-06-03,0.03,0
APP100778,38,Female,Maharashtra,Salaried,39300.0,648,Personal,245000.0,12,14.43,22047.0,0,4,2024-01-05,0.56,0
APP104648,27,Female,Uttar Pradesh,Salaried,12000.0,745,Education,349000.0,24,13.23,16630.0,0,0,2025-09-30,1.39,0
APP104459,37,Male,Telangana,Self-Employed,68500.0,707,Medical,163000.0,12,12.46,14517.0,0,0,2025-04-08,0.21,0
APP100252,36,Male,Tamil Nadu,Salaried,39500.0,584,Medical,338000.0,12,15.26,30549.0,0,2,2024-06-14,0.77,1
APP100643,34,Female,Karnataka,Self-Employed,21200.0,653,Medical,38000.0,24,13.57,1817.0,1,1,2024-01-04,0.17,0
APP101504,37,Female,Delhi,Salaried,46500.0,600,Personal,390000.0,60,13.27,8928.0,0,2,2024-07-26,0.19,0
APP103891,26,Male,Delhi,Salaried,75700.0,797,Personal,529000.0,48,11.83,13886.0,0,0,2024-02-28,0.18,0
APP105823,57,Female,Punjab,Salaried,51200.0,754,Home Renovation,176000.0,24,13.05,8371.0,0,2,2024-02-07,0.16,0
APP104189,31,Female,Karnataka,Business Owner,58900.0,524,Personal,310000.0,60,15.72,7493.0,0,5,2025-05-06,0.13,0
APP102270,41,Male,Punjab,Business Owner,91700.0,704,Home Renovation,306000.0,36,13.24,10346.0,2,2,2025-08-30,0.34,0
APP101202,32,Female,Telangana,Business Owner,66500.0,812,Medical,51000.0,36,10.71,1663.0,0,0,2025-07-18,0.03,0
APP102160,41,Female,Karnataka,Salaried,31900.0,744,Home Renovation,414000.0,24,12.93,19669.0,2,1,2025-10-09,1.85,1
APP105906,57,Male,Uttar Pradesh,Self-Employed,34800.0,795,Medical,184000.0,12,11.92,16341.0,1,1,2024-07-02,0.94,0
APP105191,55,Male,Gujarat,Salaried,38600.0,586,Personal,393000.0,36,13.08,13257.0,3,1,2025-08-13,1.37,1
APP101511,49,Male,Rajasthan,Salaried,45100.0,772,Business Expansion,193000.0,84,11.39,3344.0,0,1,2024-01-28,0.07,0
APP103170,35,Male,Gujarat,Salaried,42200.0,549,Personal,389000.0,48,15.11,10848.0,1,4,2024-03-31,0.51,0
APP102341,54,Female,Delhi,Self-Employed,57500.0,772,Home Renovation,386000.0,36,11.28,12688.0,0,0,2024-03-07,0.22,0
APP104315,33,Female,Gujarat,Salaried,14600.0,597,Vehicle,106000.0,60,13.79,2455.0,0,2,2024-10-11,0.17,0
APP104413,48,Male,Maharashtra,Salaried,30700.0,707,Medical,545000.0,60,12.45,12248.0,1,1,2024-10-16,0.8,1
APP103236,27,Male,Uttar Pradesh,Salaried,34200.0,601,Business Expansion,468000.0,36,11.85,15511.0,1,1,2025-02-24,0.91,1
APP105744,27,Female,Telangana,Business Owner,111300.0,649,Vehicle,330000.0,60,11.83,7312.0,0,2,2025-06-24,0.07,0
APP100902,22,Male,Tamil Nadu,Business Owner,36500.0,611,Business Expansion,214000.0,84,11.96,3773.0,1,2,2024-07-23,0.21,0
APP102740,41,Female,Rajasthan,Self-Employed,69800.0,778,Personal,294000.0,24,11.59,13783.0,3,2,2024-02-11,0.79,1
APP104916,23,Female,Karnataka,Salaried,36500.0,692,Education,262000.0,36,13.1,8840.0,1,1,2025-08-24,0.48,0
APP105487,24,Male,Uttar Pradesh,Salaried,64100.0,509,Education,300000.0,36,14.6,10341.0,3,3,2025-07-19,0.65,1
APP104113,49,Male,Delhi,Salaried,13300.0,796,Home Renovation,396000.0,60,12.93,8996.0,0,2,2025-05-16,0.68,1
APP101389,27,Female,Maharashtra,Salaried,16600.0,692,Education,434000.0,36,13.07,14638.0,4,0,2024-06-15,4.41,0
APP101079,34,Female,Rajasthan,Salaried,40800.0,725,Home Renovation,303000.0,36,9.09,9648.0,1,1,2024-04-12,0.47,0
APP100847,22,Male,Gujarat,Salaried,48200.0,550,Medical,87000.0,48,16.2,2475.0,2,1,2024-10-02,0.15,0
APP105337,47,Female,Delhi,Self-Employed,52300.0,600,Personal,277000.0,12,13.55,24812.0,0,2,2024-07-29,0.47,1
APP103209,43,Male,Maharashtra,Salaried,58200.0,881,Home Renovation,333000.0,60,9.98,7072.0,2,2,2025-05-01,0.36,0
APP103098,50,Male,Delhi,Self-Employed,63800.0,635,Vehicle,560000.0,24,12.58,26513.0,0,1,2024-03-10,0.42,1
APP105268,29,Male,Telangana,Business Owner,81700.0,667,Vehicle,134000.0,48,12.03,3531.0,0,0,2024-07-17,0.04,0
APP101605,33,Male,Uttar Pradesh,Salaried,49800.0,703,Education,348000.0,24,13.4,16610.0,3,1,2025-02-06,1.33,1
APP103353,46,Male,Uttar Pradesh,Salaried,61500.0,758,Personal,422000.0,36,11.32,13880.0,1,0,2024-02-12,0.45,0
APP104128,52,Male,Gujarat,Salaried,31200.0,644,Vehicle,336000.0,48,14.37,9244.0,1,0,2025-11-10,0.59,0
APP104415,36,Male,Punjab,Self-Employed,12000.0,718,Medical,20000.0,48,12.28,529.0,3,2,2025-04-23,0.18,0
APP100442,46,Male,Tamil Nadu,Salaried,38400.0,727,Home Renovation,361000.0,36,11.06,11829.0,2,0,2024-08-13,0.92,0
APP105098,51,Female,Karnataka,Business Owner,55000.0,682,Medical,204000.0,48,11.87,5359.0,0,2,2025-02-27,0.1,0
APP102671,41,Male,Gujarat,Salaried,71500.0,590,Vehicle,344000.0,84,16.82,6994.0,1,2,2024-09-11,0.2,0
APP105008,34,Female,Rajasthan,Salaried,46300.0,581,Medical,221000.0,60,13.63,5100.0,1,3,2025-01-24,0.22,0
APP104429,41,Male,Gujarat,Self-Employed,47000.0,743,Education,431000.0,60,13.11,9831.0,0,0,2024-08-21,0.21,0
APP105767,42,Female,Gujarat,Self-Employed,75700.0,675,Business Expansion,133000.0,36,13.52,4515.0,0,1,2024-03-12,0.06,1
APP100907,23,Female,Rajasthan,Salaried,44100.0,679,Personal,98000.0,24,11.99,4613.0,1,0,2025-11-05,0.21,0
APP105210,27,Female,Maharashtra,Salaried,53400.0,789,Home Renovation,339000.0,36,11.82,11231.0,0,2,2025-10-19,0.21,0
APP100234,40,Female,West Bengal,Salaried,58400.0,628,Personal,485000.0,12,13.24,43374.0,1,0,2024-09-01,1.49,1
APP105222,38,Male,Maharashtra,Salaried,43500.0,594,Business Expansion,377000.0,48,14.52,10401.0,0,3,2024-05-02,0.24,1
APP102228,58,Female,Gujarat,Salaried,52400.0,751,Vehicle,361000.0,24,13.86,17309.0,2,0,2025-04-21,0.99,0
APP104017,29,Male,Rajasthan,Self-Employed,48100.0,652,Education,162000.0,36,14.31,5561.0,1,1,2025-08-09,0.23,0
APP102326,30,Female,Karnataka,Salaried,,586,Home Renovation,380000.0,48,12.79,10155.0,1,3,2025-03-10,0.4,0
APP103329,23,Male,Gujarat,Business Owner,47800.0,704,Vehicle,20000.0,12,10.77,1765.0,2,2,2024-06-19,0.11,0
APP102473,52,Male,Telangana,Salaried,45300.0,742,Personal,294000.0,36,11.8,9737.0,1,1,2025-06-05,0.43,0
APP105254,49,Male,Gujarat,Self-Employed,12000.0,697,Business Expansion,326000.0,24,12.55,15430.0,0,1,2025-02-26,1.29,1
APP105602,40,Female,Karnataka,Business Owner,35900.0,768,Vehicle,147000.0,84,11.93,2589.0,0,1,2025-10-14,0.07,0
APP105424,29,Male,Karnataka,Salaried,75600.0,577,Vehicle,486000.0,60,14.1,11334.0,0,0,2024-02-23,0.15,0
APP103888,53,Male,Uttar Pradesh,Salaried,52300.0,734,Business Expansion,314000.0,36,13.25,10618.0,2,1,2024-10-28,0.61,0
APP103807,53,Female,Karnataka,Salaried,29800.0,762,Personal,446000.0,36,11.92,14797.0,1,1,2025-05-17,0.99,0
APP105031,29,Male,Maharashtra,Self-Employed,13200.0,598,Vehicle,203000.0,48,12.29,5375.0,1,1,2025-06-16,0.81,1
APP104060,31,Male,Delhi,Self-Employed,45200.0,672,Medical,115000.0,48,13.12,3092.0,2,1,2024-04-21,0.21,1
APP102061,34,Female,Delhi,Business Owner,27400.0,661,Vehicle,441000.0,24,13.08,20983.0,2,2,2025-09-18,2.3,1
APP104455,21,Female,Telangana,Salaried,51900.0,725,Home Renovation,348000.0,48,12.53,9255.0,0,1,2025-04-12,0.18,0
APP100057,54,Male,Maharashtra,Business Owner,87200.0,782,Business Expansion,361000.0,24,11.58,16923.0,2,0,2024-04-05,0.58,0
APP102192,28,Male,Uttar Pradesh,Salaried,12000.0,484,Business Expansion,437000.0,12,14.63,39367.0,1,3,2025-05-03,6.56,1
APP101472,22,Male,Uttar Pradesh,Salaried,70400.0,644,Vehicle,92000.0,60,11.99,2046.0,1,0,2024-03-08,0.06,0
APP104669,57,Male,Rajasthan,Business Owner,80200.0,801,Home Renovation,308000.0,12,11.68,27319.0,1,4,2024-01-04,0.68,1
APP103341,29,Male,Karnataka,Salaried,58800.0,775,Business Expansion,462000.0,12,14.23,41532.0,0,3,2025-11-08,0.71,0
APP104384,49,Male,Telangana,Salaried,39400.0,526,Business Expansion,209000.0,24,13.43,9979.0,2,0,2025-06-16,0.76,0
APP105126,45,Male,Punjab,Self-Employed,39700.0,705,Vehicle,289000.0,36,10.96,9456.0,1,3,2025-04-04,0.48,0
APP102786,26,Female,Gujarat,Salaried,41000.0,668,Vehicle,248000.0,12,10.67,21880.0,2,0,2024-01-30,1.6,0
APP101474,40,Male,Karnataka,Salaried,35400.0,596,Personal,262000.0,12,14.19,23548.0,1,0,2025-08-18,1.33,0
APP101568,42,Female,West Bengal,Business Owner,52400.0,790,Medical,72000.0,48,10.42,1841.0,0,1,2025-12-12,0.04,0
APP100465,43,Male,Rajasthan,Salaried,19400.0,518,Business Expansion,150000.0,48,13.76,4081.0,0,1,2024-04-16,0.21,1
APP101589,40,Female,Telangana,Self-Employed,18300.0,767,Personal,393000.0,24,10.78,18277.0,1,1,2024-07-14,2.0,1
APP101008,53,Male,Telangana,Salaried,48500.0,665,Business Expansion,408000.0,48,12.53,10851.0,0,0,2025-11-19,0.22,0
APP103783,30,Male,Gujarat,Salaried,40200.0,659,Home Renovation,232000.0,60,12.59,5230.0,1,2,2025-11-01,0.26,1
APP101579,29,Male,Uttar Pradesh,Business Owner,51800.0,803,Personal,20000.0,12,10.56,1764.0,1,1,2024-10-06,0.07,0
APP101304,26,Male,Uttar Pradesh,Self-Employed,49100.0,592,Personal,325000.0,48,13.91,8866.0,2,4,2025-10-23,0.54,0
APP105327,43,Female,Karnataka,Self-Employed,33400.0,620,Home Renovation,410000.0,36,12.94,13803.0,0,0,2024-08-30,0.41,1
APP105325,34,Male,Karnataka,Salaried,59900.0,755,Business Expansion,20000.0,24,12.49,946.0,2,2,2024-06-02,0.05,0
APP100346,28,Male,West Bengal,Self-Employed,42600.0,711,Medical,71000.0,60,12.22,1587.0,1,0,2025-09-09,0.07,0
APP100502,51,Male,Karnataka,Salaried,29500.0,619,Personal,58000.0,24,13.33,2766.0,0,2,2025-01-07,0.09,0
APP101232,34,Male,Rajasthan,Self-Employed,70700.0,638,Personal,221000.0,24,12.92,10498.0,0,2,2024-08-19,0.15,1
APP101643,35,Male,Karnataka,Self-Employed,48000.0,561,Personal,131000.0,36,13.17,4425.0,0,2,2024-01-13,0.09,0
APP100833,46,Male,Delhi,Salaried,57400.0,714,Home Renovation,20000.0,48,10.73,514.0,0,0,2024-04-07,0.01,0
APP103692,39,Male,West Bengal,Salaried,36100.0,849,Personal,166000.0,84,9.97,2753.0,0,3,2025-08-11,0.08,0
APP102140,42,Male,Karnataka,Self-Employed,20700.0,818,Home Renovation,156000.0,60,10.36,3342.0,1,1,2024-05-30,0.32,0
APP103667,47,Female,Karnataka,Business Owner,12000.0,717,Vehicle,84000.0,12,12.12,7468.0,3,1,2024-11-30,2.49,1
APP101362,46,Female,Punjab,Salaried,61600.0,702,Personal,330000.0,12,13.09,29489.0,0,1,2024-09-01,0.48,0
APP101164,41,Male,Maharashtra,Salaried,44000.0,620,Education,238000.0,60,13.78,5511.0,0,2,2025-03-31,0.13,0
APP101764,51,Male,Karnataka,Business Owner,14500.0,709,Education,322000.0,36,11.24,10579.0,0,2,2025-03-05,0.73,0
APP105112,28,Male,Karnataka,Self-Employed,46300.0,654,Education,54000.0,48,13.87,1472.0,0,2,2024-06-28,0.03,0
APP101425,57,Female,Rajasthan,Salaried,42700.0,716,Personal,494000.0,24,12.74,23425.0,0,1,2024-03-21,0.55,0
APP100542,33,Female,Uttar Pradesh,Salaried,21100.0,637,Personal,212000.0,36,11.09,6950.0,0,0,2024-09-07,0.33,0
APP101491,58,Male,Karnataka,Salaried,,606,Education,260000.0,60,17.21,6491.0,0,2,2025-11-29,0.1,0
APP105026,52,Female,Maharashtra,Salaried,31000.0,648,Vehicle,298000.0,84,13.07,5433.0,2,1,2025-12-01,0.53,1
APP101666,34,Male,Karnataka,Self-Employed,12000.0,810,Personal,314000.0,36,11.78,10396.0,0,1,2024-03-23,0.87,1
APP101945,59,Male,Rajasthan,Self-Employed,12000.0,579,Personal,181000.0,48,12.42,4804.0,3,1,2025-08-05,1.6,1
APP103474,47,Male,Rajasthan,Self-Employed,50900.0,620,Personal,215000.0,24,13.29,10251.0,0,2,2024-11-05,0.2,1
APP104574,25,Male,West Bengal,Salaried,,639,Home Renovation,324000.0,12,12.44,28854.0,1,0,2024-05-26,1.03,0
APP100565,40,Male,Tamil Nadu,Business Owner,61200.0,760,Personal,239000.0,36,11.97,7935.0,2,3,2024-09-03,0.39,0
APP100263,37,Female,Maharashtra,Self-Employed,24500.0,453,Home Renovation,476000.0,24,15.24,23134.0,1,3,2025-11-01,1.89,1
APP103722,44,Female,Karnataka,Business Owner,108000.0,632,Personal,427000.0,36,14.8,14760.0,0,1,2024-11-10,0.14,0
APP101324,29,Male,Tamil Nadu,Salaried,,695,Personal,278000.0,60,10.28,5945.0,0,3,2025-11-14,0.13,0
APP100381,36,Female,Tamil Nadu,Self-Employed,61100.0,646,Personal,435000.0,24,11.76,20428.0,1,1,2024-05-27,0.67,0
APP104716,30,Male,West Bengal,Salaried,37200.0,543,Medical,274000.0,36,16.25,9667.0,1,2,2024-01-17,0.52,0
APP100613,38,Female,Telangana,Salaried,64400.0,730,Home Renovation,250000.0,36,13.09,8434.0,1,3,2024-12-27,0.26,0
APP105061,40,Male,Tamil Nadu,Salaried,25000.0,834,Business Expansion,23000.0,24,11.14,1073.0,0,2,2024-08-13,0.04,0
APP100215,45,Female,Uttar Pradesh,Salaried,34500.0,653,Home Renovation,378000.0,36,14.39,12991.0,1,1,2025-05-18,0.75,0
APP101977,43,Male,Gujarat,Salaried,56300.0,712,Personal,386000.0,24,13.3,18406.0,3,0,2024-07-20,1.31,0
APP101102,40,Male,Tamil Nadu,Business Owner,99200.0,594,Vehicle,360000.0,60,12.06,8019.0,2,0,2024-02-10,0.24,0
APP101978,50,Male,Karnataka,Self-Employed,59800.0,608,Personal,233000.0,24,12.34,11005.0,2,1,2025-06-03,0.55,0
APP104224,22,Female,Karnataka,Self-Employed,36100.0,723,Personal,281000.0,36,12.8,9441.0,2,0,2025-04-25,0.78,0
APP102865,34,Male,Tamil Nadu,Salaried,12000.0,618,Personal,550000.0,12,13.77,49323.0,2,2,2024-01-23,12.33,1
APP101112,37,Female,Uttar Pradesh,Salaried,,726,Vehicle,275000.0,48,13.09,7390.0,0,0,2025-05-19,0.27,0
APP104978,26,Male,Uttar Pradesh,Self-Employed,47800.0,797,Vehicle,576000.0,60,12.11,12845.0,2,0,2025-09-20,0.81,0
APP104724,24,Female,Maharashtra,Salaried,37000.0,574,Vehicle,240000.0,48,14.24,6587.0,1,1,2024-05-16,0.36,1
APP104831,52,Female,Gujarat,Self-Employed,21500.0,494,Business Expansion,209000.0,84,14.98,4031.0,1,2,2024-02-08,0.37,1
APP104710,52,Male,Delhi,Salaried,,741,Home Renovation,230000.0,24,12.43,10873.0,2,1,2025-02-12,1.35,0
APP101693,32,Male,Uttar Pradesh,Salaried,66400.0,709,Education,34000.0,48,12.66,906.0,0,1,2024-10-31,0.01,0
APP101617,57,Male,Karnataka,Self-Employed,22400.0,774,Education,290000.0,48,10.36,7405.0,1,1,2024-02-25,0.66,0
APP105623,56,Male,Uttar Pradesh,Salaried,52100.0,584,Business Expansion,271000.0,12,12.55,24148.0,0,0,2025-06-05,0.46,0
APP103877,43,Female,Delhi,Self-Employed,26700.0,753,Business Expansion,311000.0,60,11.83,6891.0,0,0,2025-08-21,0.26,0
APP100032,41,Male,Maharashtra,Self-Employed,12000.0,856,Vehicle,133000.0,24,9.0,6076.0,0,1,2025-12-16,0.51,0
APP103173,46,Female,Gujarat,Salaried,39100.0,616,Vehicle,20000.0,60,13.55,461.0,0,1,2024-10-12,0.01,0
APP100114,47,Male,Uttar Pradesh,Business Owner,71800.0,602,Business Expansion,271000.0,24,14.31,13051.0,0,0,2024-04-03,0.18,0
APP104198,27,Male,Karnataka,Salaried,54100.0,619,Home Renovation,158000.0,24,12.92,7506.0,2,1,2024-06-08,0.42,0
APP104194,30,Male,Gujarat,Salaried,59200.0,789,Personal,20000.0,24,12.5,946.0,1,2,2024-02-02,0.03,0
APP102288,42,Male,Delhi,Salaried,22600.0,639,Home Renovation,344000.0,24,12.22,16229.0,2,1,2025-02-17,2.15,0
APP100820,31,Male,Uttar Pradesh,Salaried,64100.0,715,Personal,25000.0,36,12.09,831.0,1,1,2025-09-09,0.03,1
APP102249,33,Female,Rajasthan,Self-Employed,52600.0,688,Personal,39000.0,48,12.8,1042.0,1,1,2024-03-22,0.04,0
APP104626,47,Male,Delhi,Business Owner,25400.0,598,Business Expansion,291000.0,48,14.2,7981.0,1,2,2025-06-13,0.63,0
APP100586,56,Female,Gujarat,Salaried,48100.0,628,Education,296000.0,48,15.3,8283.0,2,3,2025-11-01,0.52,0
APP101347,23,Female,Tamil Nadu,Salaried,44900.0,661,Vehicle,277000.0,60,13.62,6391.0,0,2,2024-12-31,0.14,1
APP101098,22,Male,Punjab,Self-Employed,43900.0,613,Vehicle,262000.0,12,14.89,23634.0,1,0,2024-08-04,1.08,1
APP101363,38,Male,Telangana,Salaried,75300.0,631,Home Renovation,455000.0,36,11.94,15099.0,1,2,2025-12-12,0.4,1
APP100393,46,Male,West Bengal,Business Owner,39200.0,690,Vehicle,195000.0,24,12.63,9237.0,1,2,2024-05-13,0.47,0
APP101515,35,Male,West Bengal,Salaried,60100.0,663,Vehicle,239000.0,48,13.03,6415.0,0,1,2024-05-15,0.11,0
APP104175,41,Female,Uttar Pradesh,Self-Employed,15300.0,860,Personal,132000.0,24,9.0,6030.0,0,0,2024-04-22,0.39,0
APP105390,43,Female,Rajasthan,Salaried,62300.0,671,Vehicle,369000.0,60,12.3,8264.0,0,1,2024-06-11,0.13,0
APP103018,32,Male,Delhi,Self-Employed,15900.0,629,Personal,35000.0,48,15.73,987.0,1,3,2024-10-19,0.12,1
APP102445,50,Male,Telangana,Salaried,29300.0,828,Personal,70000.0,48,12.21,1851.0,1,2,2024-06-06,0.13,1
APP101851,54,Male,Maharashtra,Business Owner,84200.0,674,Medical,285000.0,36,13.32,9647.0,2,1,2024-05-14,0.34,0
APP101522,56,Male,Karnataka,Salaried,52900.0,704,Personal,329000.0,60,11.75,7277.0,0,3,2024-03-24,0.14,0
APP102328,59,Male,West Bengal,Self-Employed,25700.0,706,Business Expansion,193000.0,36,13.21,6522.0,1,1,2024-04-18,0.51,1
APP100217,51,Female,Maharashtra,Salaried,55500.0,579,Home Renovation,144000.0,24,15.41,7010.0,0,2,2025-01-20,0.13,0
APP104383,51,Female,Uttar Pradesh,Business Owner,78200.0,769,Vehicle,244000.0,36,12.49,8162.0,1,0,2025-05-03,0.21,1
APP101709,26,Male,West Bengal,Self-Employed,16700.0,544,Vehicle,307000.0,48,15.25,8583.0,1,0,2024-08-07,1.03,1
APP100983,43,Female,Maharashtra,Salaried,34300.0,591,Home Renovation,266000.0,36,13.93,9082.0,0,1,2025-04-09,0.26,0
APP100189,54,Male,Uttar Pradesh,Self-Employed,35500.0,792,Personal,377000.0,60,11.06,8208.0,1,3,2024-10-13,0.46,0
APP104745,29,Male,Maharashtra,Self-Employed,33800.0,506,Medical,378000.0,36,16.47,13377.0,1,1,2025-08-25,0.79,1
APP105047,59,Male,Punjab,Self-Employed,12000.0,577,Personal,146000.0,48,14.24,4007.0,0,1,2025-12-02,0.33,0
APP101621,30,Male,Telangana,Salaried,40200.0,581,Home Renovation,201000.0,48,14.26,5519.0,0,1,2025-06-14,0.14,1
APP100553,53,Female,Karnataka,Salaried,29500.0,600,Personal,419000.0,24,13.56,20030.0,1,1,2025-08-27,1.36,0
APP105170,24,Male,Maharashtra,Business Owner,25300.0,774,Home Renovation,80000.0,48,13.79,2178.0,0,1,2024-06-20,0.09,0
APP105966,55,Male,Tamil Nadu,Business Owner,50400.0,701,Vehicle,77000.0,24,13.36,3674.0,2,0,2025-10-01,0.22,0
APP104603,21,Male,Telangana,Self-Employed,25500.0,677,Personal,361000.0,84,13.72,6709.0,0,1,2024-09-13,0.26,0
APP101380,39,Female,Karnataka,Salaried,36400.0,550,Personal,460000.0,60,15.02,10948.0,0,0,2025-04-27,0.3,0
APP105658,34,Male,West Bengal,Salaried,22700.0,790,Business Expansion,386000.0,36,12.53,12919.0,1,2,2024-07-05,1.14,0
APP101253,57,Male,Karnataka,Self-Employed,27800.0,730,Education,20000.0,24,12.9,950.0,0,0,2024-06-20,0.03,1
APP103739,54,Male,Karnataka,Salaried,29700.0,731,Medical,20000.0,60,12.92,454.0,0,4,2024-11-02,0.02,0
APP105763,21,Female,Karnataka,Salaried,34100.0,598,Medical,294000.0,48,13.83,8009.0,0,0,2025-10-01,0.23,0
APP104112,45,Male,Tamil Nadu,Self-Employed,47000.0,900,Personal,207000.0,48,9.12,5163.0,3,2,2024-06-02,0.44,0
APP105918,37,Male,Gujarat,Salaried,45300.0,633,Vehicle,130000.0,12,12.7,11593.0,1,3,2025-03-23,0.51,1
APP102787,42,Male,Delhi,Salaried,35300.0,750,Business Expansion,137000.0,36,13.52,4650.0,1,3,2024-07-09,0.26,1
APP103277,42,Male,Maharashtra,Salaried,46300.0,715,Education,329000.0,48,9.71,8299.0,2,5,2024-09-04,0.54,0
APP104207,34,Male,Delhi,Salaried,18700.0,686,Personal,368000.0,48,12.95,9863.0,0,2,2025-01-30,0.53,1
APP100404,54,Female,Tamil Nadu,Self-Employed,19700.0,813,Medical,360000.0,60,10.85,7800.0,1,0,2024-10-28,0.79,1
APP101783,24,Male,Karnataka,Salaried,40600.0,704,Business Expansion,519000.0,36,11.64,17149.0,0,1,2025-11-02,0.42,0
APP100666,57,Male,Delhi,Salaried,32100.0,639,Home Renovation,258000.0,84,14.66,4929.0,1,2,2025-11-19,0.31,0
APP103438,42,Male,Uttar Pradesh,Self-Employed,27100.0,668,Home Renovation,652000.0,12,13.95,58526.0,1,0,2024-10-09,4.32,1
APP102679,55,Male,Gujarat,Self-Employed,,747,Education,228000.0,36,9.72,7327.0,2,0,2025-12-01,0.86,0
APP101413,44,Male,Gujarat,Business Owner,35000.0,676,Vehicle,513000.0,48,12.48,13630.0,1,1,2024-12-27,0.78,1
APP103600,59,Male,Tamil Nadu,Salaried,36000.0,796,Vehicle,112000.0,36,12.78,3762.0,1,1,2025-12-19,0.21,0
APP100528,27,Female,Tamil Nadu,Self-Employed,54500.0,659,Personal,346000.0,84,12.05,6117.0,2,1,2025-08-29,0.34,0
APP101386,56,Female,Karnataka,Self-Employed,66100.0,541,Personal,336000.0,24,14.79,16258.0,2,0,2025-01-22,0.74,0
APP105204,22,Male,Punjab,Salaried,39600.0,797,Education,532000.0,36,11.64,17579.0,0,1,2024-02-18,0.44,0
APP104055,22,Male,Maharashtra,Self-Employed,53900.0,717,Medical,335000.0,60,11.66,7394.0,0,1,2025-09-04,0.14,0
APP102060,38,Male,Karnataka,Salaried,62200.0,724,Medical,215000.0,24,11.91,10112.0,1,3,2025-01-17,0.33,1
APP100485,27,Female,Punjab,Salaried,31400.0,560,Personal,76000.0,36,14.17,2604.0,2,0,2024-06-09,0.25,1
APP105843,53,Male,Telangana,Salaried,35100.0,589,Medical,398000.0,24,14.11,19130.0,0,0,2025-08-15,0.55,0
APP103339,24,Male,Karnataka,Salaried,49800.0,721,Medical,86000.0,24,11.1,4012.0,1,2,2024-01-31,0.16,0
APP104548,40,Female,Delhi,Salaried,58400.0,758,Personal,255000.0,24,10.33,11806.0,1,3,2024-11-05,0.4,0
APP105421,47,Female,Karnataka,Salaried,32600.0,732,Personal,151000.0,12,12.93,13482.0,1,2,2025-12-11,0.83,1
APP103363,31,Female,Maharashtra,Self-Employed,68300.0,800,Business Expansion,183000.0,24,11.22,8548.0,0,1,2024-08-23,0.13,0
APP104264,40,Male,Tamil Nadu,Self-Employed,83000.0,674,Personal,440000.0,24,14.31,21190.0,0,2,2024-03-31,0.26,0
APP102781,47,Male,Maharashtra,Business Owner,101900.0,737,Business Expansion,50000.0,24,10.84,2327.0,1,0,2024-03-13,0.05,0
APP103090,56,Male,Punjab,Self-Employed,54600.0,766,Medical,97000.0,24,11.99,4566.0,0,2,2024-09-17,0.08,0
APP102917,57,Male,Uttar Pradesh,Business Owner,114300.0,777,Home Renovation,45000.0,60,11.67,994.0,2,3,2024-05-03,0.03,0
APP105069,47,Male,Uttar Pradesh,Salaried,21900.0,564,Education,259000.0,84,15.02,5001.0,0,0,2024-01-22,0.23,1
APP102687,47,Female,Delhi,Salaried,26900.0,748,Personal,229000.0,48,10.86,5903.0,0,1,2024-06-20,0.22,0
APP105332,33,Female,Uttar Pradesh,Self-Employed,53200.0,598,Personal,155000.0,24,12.91,7362.0,0,0,2025-05-26,0.14,1
APP105236,49,Male,Maharashtra,Salaried,58700.0,866,Vehicle,252000.0,48,12.44,6691.0,0,1,2024-07-30,0.11,1
APP101597,46,Female,West Bengal,Self-Employed,34700.0,705,Home Renovation,296000.0,24,13.1,14086.0,0,2,2025-02-04,0.41,1
APP100598,33,Female,Gujarat,Business Owner,,669,Medical,256000.0,48,13.95,6989.0,0,2,2025-12-19,0.15,1
APP100158,44,Male,Tamil Nadu,Salaried,60100.0,771,Personal,306000.0,60,11.79,6774.0,4,0,2024-03-10,0.56,0
APP104268,52,Male,Gujarat,Salaried,40600.0,693,Home Renovation,152000.0,60,14.1,3545.0,2,2,2024-07-05,0.26,1
APP101467,35,Male,Tamil Nadu,Salaried,58700.0,601,Medical,445000.0,24,13.94,21353.0,0,2,2024-01-11,0.36,0
APP105697,40,Male,Uttar Pradesh,Self-Employed,58300.0,599,Business Expansion,659000.0,60,13.98,15327.0,0,2,2024-08-08,0.26,1
APP103664,32,Male,Uttar Pradesh,Self-Employed,21900.0,684,Personal,202000.0,48,11.86,5306.0,1,1,2025-06-21,0.48,0
APP103324,43,Male,Maharashtra,Business Owner,59200.0,555,Vehicle,311000.0,36,15.44,10848.0,1,1,2024-05-27,0.37,1
APP103507,46,Male,Telangana,Self-Employed,35600.0,659,Medical,339000.0,24,12.22,15993.0,0,0,2024-02-03,0.45,1
APP104166,40,Male,Maharashtra,Salaried,34800.0,741,Home Renovation,608000.0,84,11.34,10519.0,1,2,2025-07-29,0.6,0
APP104621,26,Male,Uttar Pradesh,Self-Employed,33000.0,642,Education,139000.0,36,13.81,4738.0,0,0,2024-02-04,0.14,0
APP104283,56,Male,Karnataka,Salaried,73200.0,709,Education,435000.0,12,12.6,38771.0,4,2,2024-01-27,2.65,1
APP101123,59,Male,Maharashtra,Salaried,44100.0,784,Business Expansion,629000.0,12,12.74,56104.0,0,2,2024-11-24,1.27,0
APP105413,41,Male,Gujarat,Salaried,29200.0,730,Home Renovation,124000.0,48,12.46,3293.0,1,1,2025-12-21,0.23,1
APP100226,25,Female,Karnataka,Salaried,37400.0,744,Personal,20000.0,36,13.71,681.0,0,1,2025-09-03,0.02,0
APP104338,39,Female,Telangana,Salaried,28600.0,714,Home Renovation,228000.0,12,13.86,20456.0,0,0,2024-03-13,0.72,0
APP101028,50,Female,Delhi,Self-Employed,26600.0,672,Home Renovation,384000.0,36,13.13,12963.0,0,1,2025-08-27,0.49,0
APP105417,38,Male,Maharashtra,Self-Employed,42200.0,734,Medical,354000.0,24,13.51,16915.0,2,0,2024-07-20,1.2,0
APP100555,26,Male,Gujarat,Salaried,40300.0,723,Medical,144000.0,36,11.79,4768.0,0,2,2025-07-16,0.12,0
APP103756,46,Female,Rajasthan,Business Owner,49900.0,793,Education,317000.0,60,10.19,6765.0,1,1,2025-01-23,0.27,0
APP103506,27,Female,Gujarat,Self-Employed,84300.0,671,Medical,512000.0,36,12.37,17096.0,1,0,2025-06-27,0.41,0
APP104325,37,Female,Delhi,Self-Employed,45500.0,616,Vehicle,341000.0,48,12.84,9121.0,1,3,2025-04-27,0.4,0
APP103602,54,Male,Punjab,Salaried,39900.0,451,Education,240000.0,60,14.65,5666.0,2,0,2024-07-01,0.43,1
APP102920,57,Male,Uttar Pradesh,Business Owner,29400.0,596,Medical,20000.0,48,14.08,547.0,0,1,2025-06-18,0.02,0
APP103659,39,Male,Uttar Pradesh,Business Owner,74400.0,583,Personal,407000.0,24,14.46,19630.0,0,1,2024-05-14,0.26,0
APP105106,39,Male,Karnataka,Salaried,47600.0,900,Medical,20000.0,24,9.93,922.0,0,2,2025-04-27,0.02,0
APP102345,51,Male,Gujarat,Salaried,44400.0,671,Home Renovation,407000.0,24,13.16,19380.0,1,2,2024-09-19,0.87,0
APP103349,42,Female,Telangana,Salaried,60900.0,713,Home Renovation,161000.0,36,10.27,5215.0,1,1,2025-11-26,0.17,0
APP104036,29,Male,Karnataka,Self-Employed,21400.0,690,Vehicle,638000.0,12,12.23,56754.0,0,2,2024-02-07,2.65,1
APP103812,30,Female,Punjab,Salaried,47500.0,576,Personal,245000.0,48,14.65,6775.0,0,0,2024-01-20,0.14,1
APP100707,28,Male,Delhi,Self-Employed,18200.0,721,Vehicle,101000.0,60,10.06,2149.0,2,1,2024-11-05,0.35,0
APP105082,48,Male,Gujarat,Salaried,25300.0,836,Personal,390000.0,24,12.06,18370.0,0,5,2025-07-04,0.73,0
APP105643,35,Male,Karnataka,Self-Employed,12000.0,596,Medical,44000.0,36,13.93,1502.0,1,3,2024-08-22,0.25,0
APP104684,35,Male,Karnataka,Salaried,55500.0,871,Home Renovation,140000.0,24,10.61,6500.0,1,0,2025-03-29,0.23,0
APP105177,50,Female,West Bengal,Salaried,41000.0,718,Business Expansion,41000.0,60,13.29,939.0,1,2,2025-01-28,0.05,0
APP103328,24,Female,Maharashtra,Salaried,39200.0,606,Business Expansion,20000.0,36,13.12,675.0,1,3,2025-12-02,0.03,0
APP101171,44,Male,Uttar Pradesh,Salaried,47500.0,818,Education,126000.0,84,12.38,2250.0,0,2,2025-12-14,0.05,0
APP101455,52,Male,Uttar Pradesh,Salaried,48400.0,591,Personal,255000.0,84,16.02,5068.0,1,0,2025-07-25,0.21,0
APP102776,23,Male,Delhi,Self-Employed,48600.0,574,Vehicle,191000.0,36,17.03,6813.0,2,0,2025-09-09,0.42,0
APP104395,33,Male,Rajasthan,Salaried,69200.0,720,Personal,96000.0,24,12.0,4519.0,1,0,2024-06-08,0.13,0
APP105740,50,Male,Tamil Nadu,Salaried,52900.0,674,Medical,430000.0,84,12.21,7639.0,2,4,2025-05-14,0.43,0
APP102676,37,Female,Uttar Pradesh,Business Owner,102100.0,656,Business Expansion,223000.0,36,12.39,7448.0,3,2,2025-11-12,0.29,0
APP105868,51,Female,Uttar Pradesh,Salaried,64500.0,762,Medical,389000.0,12,12.42,34639.0,0,1,2025-12-06,0.54,1
APP100326,21,Male,Maharashtra,Self-Employed,43400.0,561,Education,200000.0,24,14.06,9608.0,1,1,2025-05-03,0.44,1
APP103441,30,Male,Gujarat,Salaried,59500.0,545,Education,193000.0,36,17.3,6910.0,0,1,2025-12-19,0.12,0
APP100476,45,Male,Rajasthan,Salaried,40000.0,758,Medical,235000.0,36,10.82,7674.0,2,2,2024-12-22,0.58,0
APP104733,21,Female,Tamil Nadu,Business Owner,88100.0,748,Personal,307000.0,36,13.14,10365.0,0,2,2025-05-02,0.12,0
APP104886,36,Male,Delhi,Business Owner,94200.0,667,Home Renovation,403000.0,48,12.8,10772.0,0,2,2025-06-22,0.11,0
APP103744,47,Male,Delhi,Salaried,17900.0,654,Medical,172000.0,60,13.63,3969.0,1,1,2024-10-17,0.44,1
APP102512,30,Male,Maharashtra,Salaried,56000.0,762,Medical,151000.0,60,10.36,3235.0,2,0,2025-10-26,0.17,0
APP103759,35,Male,Telangana,Business Owner,99500.0,695,Personal,328000.0,24,12.39,15500.0,1,1,2024-06-10,0.31,0
APP100103,55,Male,Delhi,Self-Employed,20400.0,717,Personal,214000.0,48,13.15,5757.0,0,1,2024-03-14,0.28,0
APP105514,33,Male,Tamil Nadu,Salaried,40400.0,606,Home Renovation,297000.0,12,13.84,26644.0,0,1,2025-02-06,0.66,0
APP101419,30,Male,Punjab,Self-Employed,,715,Personal,79000.0,24,12.84,3750.0,1,1,2024-04-15,0.13,0
APP104643,24,Female,Karnataka,Salaried,39900.0,663,Medical,187000.0,24,14.06,8984.0,0,1,2025-02-10,0.23,1
APP103828,59,Male,Karnataka,Salaried,68400.0,618,Personal,177000.0,48,14.61,4891.0,3,0,2025-03-29,0.29,0
APP104736,31,Male,Tamil Nadu,Self-Employed,12000.0,764,Education,206000.0,24,11.82,9680.0,0,2,2024-10-03,0.81,1
APP100523,39,Male,Tamil Nadu,Business Owner,117500.0,807,Home Renovation,142000.0,24,12.65,6728.0,1,2,2024-01-27,0.11,1
APP100992,45,Female,Rajasthan,Salaried,34900.0,625,Business Expansion,92000.0,24,13.34,4389.0,1,1,2024-12-05,0.25,1
APP105361,30,Female,Karnataka,Self-Employed,47000.0,651,Personal,520000.0,48,13.31,14030.0,1,2,2024-11-27,0.6,1
APP101830,25,Male,Tamil Nadu,Business Owner,12000.0,770,Education,339000.0,48,11.34,8818.0,0,1,2025-08-18,0.73,1
APP105117,45,Female,Gujarat,Salaried,24400.0,659,Medical,182000.0,12,11.57,16134.0,0,0,2025-05-24,0.66,0
APP102606,45,Male,West Bengal,Salaried,38400.0,753,Education,366000.0,36,11.63,12092.0,1,0,2024-09-07,0.63,0
APP100730,34,Male,Maharashtra,Business Owner,55500.0,754,Business Expansion,149000.0,36,11.61,4921.0,1,1,2025-07-13,0.18,0
APP100066,41,Male,Punjab,Self-Employed,12000.0,765,Home Renovation,175000.0,48,11.49,4565.0,2,0,2024-09-27,1.14,1
APP103276,22,Female,Maharashtra,Salaried,51300.0,549,Vehicle,264000.0,12,14.65,23785.0,2,3,2025-04-22,1.39,0
APP104052,31,Female,Rajasthan,Self-Employed,38300.0,674,Personal,49000.0,12,14.35,4408.0,1,1,2025-11-25,0.23,1
APP103378,41,Male,Tamil Nadu,Salaried,42300.0,610,Vehicle,321000.0,84,12.48,5749.0,2,2,2025-11-10,0.41,0
APP104230,40,Male,Gujarat,Salaried,35700.0,736,Personal,121000.0,24,12.87,5745.0,0,1,2025-01-22,0.16,1
APP105922,41,Male,Gujarat,Salaried,83900.0,564,Vehicle,352000.0,60,14.22,8231.0,0,2,2025-09-19,0.1,0
APP101939,44,Female,West Bengal,Salaried,56300.0,673,Personal,260000.0,48,14.02,7107.0,0,1,2025-10-07,0.13,0
APP102666,23,Male,Rajasthan,Self-Employed,12000.0,830,Vehicle,420000.0,24,9.96,19373.0,1,1,2024-10-20,3.23,1
APP101396,59,Male,Maharashtra,Salaried,49900.0,876,Personal,295000.0,12,11.04,26078.0,1,3,2024-09-23,1.05,0
APP102868,-59,Female,Rajasthan,Salaried,54200.0,750,Personal,233000.0,12,12.4,20745.0,1,0,2025-06-22,0.77,0
APP100751,22,Male,Maharashtra,Business Owner,74900.0,676,Vehicle,508000.0,36,14.75,17548.0,1,2,2025-05-25,0.47,0
APP100885,46,Male,Gujarat,Salaried,39100.0,713,Vehicle,390000.0,84,13.27,7152.0,0,0,2025-01-25,0.18,0
APP100488,51,Male,Delhi,Salaried,55700.0,837,Personal,34000.0,36,12.18,1132.0,0,1,2024-04-20,0.02,0
APP103165,54,Female,Uttar Pradesh,Salaried,39200.0,693,Home Renovation,78000.0,60,12.61,1759.0,0,1,2024-02-20,0.04,1
APP101016,40,Male,Uttar Pradesh,Salaried,27800.0,836,Home Renovation,38000.0,36,10.24,1230.0,0,3,2025-11-02,0.04,0
APP102106,54,Male,Uttar Pradesh,Self-Employed,12000.0,572,Home Renovation,157000.0,48,14.35,4318.0,4,1,2024-10-15,1.8,1
APP104348,37,Male,Karnataka,Salaried,77300.0,728,Personal,273000.0,84,11.61,4762.0,1,0,2025-09-07,0.12,0
APP102724,31,Male,Karnataka,Salaried,69400.0,596,Personal,143000.0,48,13.74,3889.0,0,2,2024-01-17,0.06,0
APP105691,26,Male,West Bengal,Business Owner,94800.0,593,Home Renovation,362000.0,48,15.66,10196.0,0,2,2025-05-21,0.11,0
APP103632,26,Female,Karnataka,Salaried,71700.0,576,Medical,177000.0,60,15.85,4290.0,2,2,2025-07-11,0.18,0
APP102319,23,Female,Delhi,Business Owner,39600.0,662,Home Renovation,66000.0,60,14.19,1542.0,1,3,2025-02-05,0.08,1
APP102003,50,Male,Rajasthan,Self-Employed,21000.0,749,Medical,372000.0,24,11.18,17369.0,0,1,2025-03-02,0.83,1
APP105269,42,Female,Tamil Nadu,Self-Employed,35900.0,600,Business Expansion,277000.0,36,13.63,9418.0,0,2,2025-08-24,0.26,0
APP103333,54,Female,Maharashtra,Self-Employed,16200.0,794,Medical,220000.0,48,12.97,5899.0,1,1,2024-06-30,0.73,0
APP100702,43,Male,Maharashtra,Self-Employed,56100.0,783,Vehicle,134000.0,60,11.43,2942.0,0,1,2025-11-24,0.05,0
APP100617,46,Male,Tamil Nadu,Self-Employed,31600.0,655,Education,499000.0,36,13.57,16951.0,0,1,2025-03-19,0.54,0
APP101724,34,Female,Rajasthan,Salaried,46300.0,717,Vehicle,59000.0,36,11.74,1952.0,2,1,2024-09-05,0.13,0
APP100010,44,Male,Gujarat,Self-Employed,33200.0,819,Vehicle,348000.0,24,9.94,16049.0,0,2,2025-05-03,0.48,0
APP103406,32,Male,Rajasthan,Self-Employed,12000.0,739,Business Expansion,241000.0,48,10.9,6217.0,1,3,2024-03-15,1.04,0
APP102200,21,Male,Uttar Pradesh,Self-Employed,51300.0,617,Personal,247000.0,36,13.7,8406.0,1,0,2024-11-08,0.33,1
APP102097,26,Male,Uttar Pradesh,Salaried,35200.0,753,Personal,355000.0,36,10.06,11465.0,1,1,2025-08-14,0.65,0
APP100978,21,Male,Karnataka,Self-Employed,12000.0,763,Medical,248000.0,12,12.19,22057.0,2,1,2025-08-05,5.51,1
APP102272,52,Female,Maharashtra,Salaried,49300.0,621,Education,270000.0,36,12.26,9001.0,0,1,2025-01-27,0.18,0
APP105272,43,Male,Uttar Pradesh,Salaried,57500.0,663,Medical,204000.0,24,11.24,9531.0,0,1,2024-11-22,0.17,1
APP100774,45,Female,Punjab,Self-Employed,62900.0,644,Personal,196000.0,12,15.19,17708.0,1,2,2024-06-27,0.56,0
APP100759,55,Male,Maharashtra,Salaried,,788,Business Expansion,233000.0,24,11.76,10942.0,2,0,2025-11-08,0.84,0
APP103079,56,Female,Telangana,Salaried,59600.0,585,Education,128000.0,84,13.4,2356.0,0,2,2024-11-30,0.04,1
APP101611,52,Female,Rajasthan,Salaried,58500.0,605,Vehicle,198000.0,48,14.74,5484.0,1,1,2024-06-27,0.19,0
APP100936,49,Female,West Bengal,Business Owner,75700.0,827,Personal,216000.0,24,10.2,9987.0,1,4,2025-04-13,0.26,1
APP102220,27,Male,Punjab,Self-Employed,75600.0,653,Personal,407000.0,36,13.95,13900.0,1,2,2025-09-03,0.37,0
APP104468,58,Male,Maharashtra,Self-Employed,,745,Vehicle,543000.0,36,10.6,17674.0,2,2,2025-03-23,1.93,1
APP102075,55,Female,Tamil Nadu,Salaried,50200.0,659,Personal,199000.0,12,13.98,17866.0,1,2,2025-04-14,0.71,0
APP105531,25,Male,Delhi,Salaried,38300.0,762,Personal,626000.0,24,12.08,29491.0,1,1,2025-11-20,1.54,0
APP100110,25,Male,Rajasthan,Business Owner,,529,Home Renovation,293000.0,36,14.94,10148.0,0,1,2024-06-23,0.11,0
APP104939,45,Male,Karnataka,Salaried,56900.0,750,Personal,329000.0,24,11.33,15384.0,1,2,2025-04-13,0.54,0
APP105144,55,Male,Punjab,Self-Employed,36200.0,753,Personal,142000.0,24,10.05,6556.0,1,1,2025-10-04,0.36,0
APP104540,43,Male,Karnataka,Salaried,77500.0,710,Education,301000.0,36,10.21,9742.0,1,2,2024-12-25,0.25,0
APP102992,55,Male,Gujarat,Salaried,54400.0,670,Medical,234000.0,36,10.59,7616.0,0,2,2024-03-13,0.14,0
APP100490,36,Female,Telangana,Salaried,42100.0,639,Vehicle,295000.0,36,12.85,9918.0,1,2,2025-08-29,0.47,1
APP101190,59,Female,Maharashtra,Self-Employed,39700.0,652,Personal,20000.0,36,12.37,668.0,0,0,2024-03-31,0.02,0
APP101089,39,Female,Maharashtra,Salaried,31500.0,702,Personal,299000.0,12,13.65,26797.0,0,2,2025-05-01,0.85,1
APP104401,33,Female,Karnataka,Salaried,27300.0,666,Vehicle,505000.0,36,14.03,17267.0,3,1,2024-11-15,2.53,1
APP101479,37,Male,Uttar Pradesh,Salaried,64000.0,621,Home Renovation,67000.0,48,13.83,1825.0,0,2,2024-08-31,0.03,0
APP105246,57,Female,Uttar Pradesh,Business Owner,12000.0,772,Medical,67000.0,24,11.9,3151.0,1,1,2025-06-14,0.53,0
APP104473,44,Male,Gujarat,Self-Employed,29100.0,503,Home Renovation,310000.0,48,14.62,8568.0,1,2,2025-08-17,0.59,0
APP101906,38,Male,Tamil Nadu,Business Owner,81500.0,872,Business Expansion,257000.0,12,10.27,22627.0,0,0,2025-06-26,0.28,0
APP105312,54,Male,Rajasthan,Salaried,68700.0,600,Education,296000.0,60,13.45,6803.0,1,1,2024-05-09,0.2,1
APP103047,52,Male,Punjab,Self-Employed,49700.0,628,Home Renovation,272000.0,12,12.36,24213.0,1,1,2025-12-05,0.97,1
APP101298,35,Male,Delhi,Salaried,42800.0,586,Personal,311000.0,24,15.17,15104.0,2,0,2025-06-11,1.06,1
APP102072,21,Male,Uttar Pradesh,Salaried,46800.0,540,Personal,275000.0,84,16.53,5545.0,1,1,2024-04-27,0.24,0
APP102743,40,Male,West Bengal,Salaried,19900.0,753,Business Expansion,148000.0,36,11.33,4868.0,2,0,2024-04-09,0.73,1
APP104572,28,Male,Delhi,Salaried,39300.0,696,Vehicle,73000.0,60,12.8,1654.0,0,2,2024-11-21,0.04,0
APP100071,45,Female,Gujarat,Salaried,50100.0,572,Education,197000.0,48,14.22,5405.0,1,4,2025-09-22,0.22,0
APP102608,53,Female,Tamil Nadu,Salaried,60000.0,704,Business Expansion,131000.0,48,14.17,3591.0,1,2,2024-01-10,0.12,0
APP105446,53,Female,Tamil Nadu,Salaried,60000.0,680,Education,256000.0,60,10.69,5527.0,1,2,2025-07-31,0.18,0
APP105070,32,Male,Tamil Nadu,Self-Employed,47900.0,528,Business Expansion,253000.0,36,15.8,8870.0,0,4,2024-12-14,0.19,0
APP101852,34,Male,Gujarat,Salaried,40000.0,722,Education,203000.0,24,13.33,9682.0,0,1,2024-06-26,0.24,0
APP102727,50,Male,Punjab,Self-Employed,78100.0,701,Personal,342000.0,48,14.57,9444.0,0,2,2025-12-12,0.12,0
APP101942,46,Female,Punjab,Self-Employed,12000.0,667,Home Renovation,186000.0,36,11.05,6094.0,1,1,2025-04-28,1.02,0
APP101254,46,Male,Tamil Nadu,Business Owner,12000.0,624,Education,124000.0,24,13.21,5907.0,3,1,2024-11-28,1.97,1
APP103691,43,Male,Rajasthan,Self-Employed,20000.0,680,Business Expansion,276000.0,48,14.65,7632.0,1,1,2024-06-11,0.76,1
APP103087,25,Male,Gujarat,Salaried,39600.0,596,Business Expansion,304000.0,12,14.87,27420.0,0,0,2024-03-14,0.69,0
APP100184,31,Female,Tamil Nadu,Self-Employed,40700.0,718,Vehicle,215000.0,84,11.22,3706.0,2,0,2024-06-26,0.27,1
APP104851,40,Female,Maharashtra,Salaried,25400.0,708,Personal,43000.0,48,12.25,1138.0,2,0,2024-07-28,0.13,0
APP100824,26,Female,Karnataka,Self-Employed,12000.0,712,Education,138000.0,36,11.04,4521.0,1,1,2024-05-30,0.75,0
APP100386,48,Male,Maharashtra,Salaried,32600.0,689,Personal,82000.0,12,11.86,7280.0,1,1,2025-05-20,0.45,1
APP101719,55,Male,Uttar Pradesh,Salaried,61100.0,742,Education,201000.0,24,12.5,9509.0,1,0,2025-07-02,0.31,1
APP100347,25,Male,Uttar Pradesh,Salaried,53100.0,696,Business Expansion,103000.0,60,9.56,2166.0,0,1,2024-12-15,0.04,0
APP104682,28,Male,Karnataka,Self-Employed,39300.0,568,Education,21000.0,36,12.87,706.0,0,1,2024-01-12,0.02,1
APP103425,33,Female,Gujarat,Salaried,27200.0,627,Vehicle,293000.0,48,13.95,7999.0,1,2,2025-06-03,0.59,0
APP102769,24,Female,Karnataka,Self-Employed,35300.0,723,Vehicle,20000.0,24,11.17,934.0,0,2,2025-09-23,0.03,0
APP103538,43,Male,Delhi,Salaried,,734,Personal,20000.0,60,12.63,451.0,0,0,2025-07-18,0.01,0
APP100468,32,Female,Telangana,Self-Employed,41600.0,716,Education,331000.0,48,10.04,8401.0,1,0,2025-04-28,0.4,0
APP101418,27,Female,Tamil Nadu,Salaried,47800.0,758,Personal,281000.0,60,10.57,6050.0,0,1,2024-06-08,0.13,0
APP104197,21,Female,Maharashtra,Salaried,35100.0,620,Personal,190000.0,36,13.51,6449.0,1,3,2024-05-24,0.37,0
APP100536,47,Male,Rajasthan,Self-Employed,19600.0,552,Education,465000.0,48,16.28,13245.0,1,2,2025-12-14,1.35,0
APP103214,53,Female,Delhi,Business Owner,47300.0,538,Vehicle,83000.0,24,16.67,4091.0,3,1,2025-09-19,0.35,1
APP100341,42,Male,Maharashtra,Self-Employed,31900.0,745,Medical,293000.0,36,12.44,9793.0,0,1,2024-12-03,0.31,1
APP103893,59,Female,Maharashtra,Salaried,12000.0,737,Education,62000.0,12,11.11,5483.0,0,4,2025-04-07,0.46,1
APP101299,44,Male,Uttar Pradesh,Salaried,35900.0,844,Vehicle,195000.0,24,10.74,9065.0,0,0,2024-12-31,0.25,0
APP101117,37,Female,Uttar Pradesh,Salaried,53400.0,648,Personal,436000.0,60,13.51,10035.0,1,3,2025-06-17,0.38,0
APP101995,23,Male,Maharashtra,Salaried,43900.0,676,Vehicle,140000.0,36,12.11,4657.0,0,1,2024-01-02,0.11,0
APP103560,57,Female,Tamil Nadu,Salaried,42500.0,602,Vehicle,20000.0,48,15.06,557.0,2,3,2024-09-15,0.04,0
APP101619,23,Male,Punjab,Self-Employed,15300.0,752,Business Expansion,322000.0,60,12.56,7254.0,2,0,2025-06-20,1.42,1
APP104435,51,Male,Telangana,Salaried,41700.0,673,Personal,20000.0,36,12.5,669.0,0,1,2025-10-21,0.02,0
APP103623,55,Male,Rajasthan,Salaried,74800.0,688,Medical,220000.0,36,11.79,7285.0,1,0,2024-06-02,0.19,0
APP102490,44,Male,Delhi,Salaried,42500.0,562,Education,256000.0,24,13.94,12284.0,2,0,2024-02-28,0.87,1
APP104124,40,Female,Tamil Nadu,Salaried,18600.0,736,Education,240000.0,12,12.53,21383.0,0,2,2025-02-20,1.15,0
APP103769,24,Male,Telangana,Salaried,72600.0,741,Vehicle,466000.0,48,12.4,12363.0,2,1,2024-09-20,0.51,0
APP105595,58,Male,Telangana,Self-Employed,42500.0,527,Medical,310000.0,24,14.78,14998.0,0,0,2025-08-24,0.35,0
APP105510,50,Male,Gujarat,Salaried,56100.0,546,Medical,325000.0,36,15.97,11421.0,0,2,2025-01-18,0.2,0
APP101927,34,Female,Gujarat,Self-Employed,53500.0,590,Home Renovation,558000.0,12,13.48,49965.0,2,2,2024-03-01,2.8,1
APP103640,33,Female,Uttar Pradesh,Self-Employed,44500.0,669,Vehicle,311000.0,24,12.44,14704.0,1,1,2024-09-13,0.66,1
APP100719,25,Male,Delhi,Self-Employed,37800.0,852,Vehicle,306000.0,84,11.2,5272.0,0,4,2025-12-17,0.14,0
APP105459,49,Male,Tamil Nadu,Salaried,45200.0,771,Education,103000.0,24,11.33,4816.0,0,0,2024-01-04,0.11,0
APP101083,30,Male,Uttar Pradesh,Self-Employed,39200.0,648,Medical,201000.0,60,13.94,4671.0,2,0,2024-02-28,0.36,1
APP105489,29,Male,Karnataka,Self-Employed,39600.0,798,Home Renovation,181000.0,36,12.56,6060.0,1,0,2025-01-03,0.31,0
APP102765,41,Male,West Bengal,Salaried,38800.0,773,Personal,378000.0,24,12.28,17843.0,0,1,2024-11-10,0.46,0
APP103180,44,Male,Maharashtra,Business Owner,90700.0,664,Personal,205000.0,24,14.87,9927.0,2,1,2024-09-20,0.33,1
APP105537,22,Male,Uttar Pradesh,Self-Employed,40900.0,662,Education,349000.0,36,13.84,11901.0,2,2,2025-10-13,0.87,0
APP104005,49,Male,Maharashtra,Salaried,37800.0,632,Medical,62000.0,60,13.93,1440.0,1,2,2025-03-14,0.08,0
APP100749,34,Male,Karnataka,Salaried,38200.0,862,Home Renovation,385000.0,48,9.0,9581.0,4,1,2024-02-10,1.25,0
APP100688,49,Female,Punjab,Business Owner,60100.0,567,Business Expansion,151000.0,24,15.93,7388.0,0,1,2025-09-21,0.12,0
APP103294,21,Male,Rajasthan,Business Owner,69600.0,900,Personal,294000.0,48,9.0,7316.0,1,2,2024-03-01,0.21,0
APP105076,39,Male,Uttar Pradesh,Salaried,39000.0,688,Medical,107000.0,24,13.15,5095.0,2,1,2024-03-22,0.39,0
APP105651,52,Male,Uttar Pradesh,Salaried,34100.0,597,Personal,146000.0,24,14.16,7021.0,4,1,2024-10-13,1.03,1
APP103016,37,Female,Delhi,Business Owner,31200.0,729,Education,211000.0,24,13.28,10059.0,1,2,2024-04-18,0.64,1
APP103096,34,Male,Telangana,Salaried,28400.0,716,Medical,376000.0,12,13.17,33613.0,2,1,2024-06-18,3.55,1
APP101558,52,Female,Maharashtra,Salaried,31000.0,771,Business Expansion,267000.0,24,12.1,12581.0,0,3,2025-05-27,0.41,0
APP101081,38,Male,Karnataka,Salaried,49700.0,755,Vehicle,390000.0,24,13.03,18547.0,0,0,2024-04-16,0.37,0
APP100920,57,Male,Tamil Nadu,Self-Employed,37800.0,686,Vehicle,259000.0,48,15.83,7318.0,1,0,2024-08-09,0.39,0
APP103814,58,Female,Uttar Pradesh,Self-Employed,38500.0,640,Personal,137000.0,36,12.79,4602.0,0,1,2024-12-16,0.12,0
APP101853,24,Female,Maharashtra,Salaried,14500.0,695,Vehicle,319000.0,12,13.29,28536.0,0,0,2025-06-22,1.97,0
APP104217,46,Female,Tamil Nadu,Salaried,28700.0,710,Vehicle,450000.0,60,13.5,10354.0,1,0,2024-01-13,0.72,0
APP105741,54,Male,West Bengal,Salaried,41400.0,672,Vehicle,44000.0,48,12.45,1168.0,1,1,2024-11-27,0.06,0
APP102782,21,Female,Karnataka,Salaried,82000.0,743,Personal,209000.0,84,13.41,3849.0,1,1,2024-09-27,0.09,0
APP100848,33,Male,Karnataka,Self-Employed,73600.0,773,Education,455000.0,24,11.84,21384.0,1,0,2024-11-03,0.58,0
APP101603,43,Male,Maharashtra,Salaried,28600.0,736,Vehicle,481000.0,36,13.97,16432.0,0,1,2025-03-09,0.57,0
APP104810,36,Male,Punjab,Salaried,52200.0,648,Personal,332000.0,24,12.99,15782.0,0,3,2024-08-13,0.3,0
APP103040,27,Male,Punjab,Salaried,30200.0,748,Personal,208000.0,60,12.44,4673.0,2,1,2024-11-08,0.46,0
APP105105,54,Female,Telangana,Business Owner,78300.0,682,Personal,282000.0,12,14.24,25352.0,1,1,2025-04-01,0.65,0
APP104816,23,Female,Tamil Nadu,Self-Employed,60500.0,698,Business Expansion,190000.0,84,14.53,3616.0,0,2,2024-08-16,0.06,0
APP103916,38,Female,Telangana,Salaried,43200.0,641,Personal,153000.0,36,12.65,5129.0,2,2,2025-07-21,0.36,1
APP105309,35,Male,Karnataka,Self-Employed,48000.0,707,Medical,436000.0,36,11.01,14276.0,0,1,2024-10-14,0.3,0
APP105506,51,Male,Karnataka,Salaried,33600.0,830,Education,487000.0,60,11.57,10728.0,1,1,2025-04-18,0.64,0
APP105412,53,Female,Uttar Pradesh,Salaried,47700.0,726,Vehicle,210000.0,60,11.5,4618.0,2,0,2025-05-08,0.29,0
APP105835,43,Female,Telangana,Business Owner,76900.0,594,Business Expansion,104000.0,60,14.75,2461.0,1,2,2025-08-11,0.06,0
APP105441,31,Female,Delhi,Self-Employed,26700.0,686,Medical,243000.0,24,11.88,11425.0,1,2,2025-06-01,0.86,1
APP102659,59,Female,Telangana,Self-Employed,27000.0,868,Business Expansion,268000.0,12,10.05,23568.0,0,1,2025-11-09,0.87,1
APP101294,45,Female,Maharashtra,Business Owner,12000.0,708,Personal,195000.0,12,11.59,17288.0,0,0,2025-10-22,1.44,1
APP102189,54,Male,Telangana,Salaried,57200.0,732,Vehicle,305000.0,24,12.34,14406.0,1,0,2025-09-16,0.5,0
APP101531,37,Male,Rajasthan,Self-Employed,31100.0,689,Vehicle,337000.0,60,12.37,7560.0,1,1,2024-06-28,0.49,0
APP103637,47,Female,West Bengal,Salaried,45400.0,811,Home Renovation,571000.0,60,11.04,12426.0,2,1,2024-11-29,0.82,1
APP105839,27,Female,West Bengal,Salaried,38000.0,817,Personal,382000.0,24,11.63,17916.0,0,0,2024-07-31,0.47,0
APP101387,47,Male,Rajasthan,Salaried,35700.0,646,Personal,374000.0,12,13.01,33406.0,0,1,2025-01-14,0.94,1
APP105635,44,Male,Karnataka,Self-Employed,58400.0,548,Home Renovation,62000.0,36,15.39,2161.0,0,3,2025-04-18,0.04,0
APP102721,53,Male,Gujarat,Salaried,40200.0,712,Business Expansion,364000.0,60,13.75,8423.0,2,2,2025-01-01,0.63,1
APP102347,39,Male,Karnataka,Salaried,17900.0,699,Education,20000.0,60,13.31,458.0,1,1,2025-12-02,0.05,1
APP101251,54,Female,Maharashtra,Salaried,60600.0,682,Home Renovation,273000.0,36,12.78,9170.0,1,0,2024-06-22,0.3,0
APP101892,44,Female,Punjab,Self-Employed,28100.0,773,Personal,306000.0,24,11.65,14355.0,1,0,2024-03-28,1.02,0
APP100568,35,Female,Gujarat,Business Owner,46900.0,518,Personal,20000.0,36,12.64,670.0,0,3,2025-02-05,0.01,0
APP105575,47,Female,Uttar Pradesh,Self-Employed,22500.0,658,Home Renovation,26000.0,36,13.21,879.0,1,0,2024-06-17,0.08,0
APP102910,52,Male,Punjab,Salaried,47900.0,639,Personal,362000.0,36,13.66,12313.0,1,1,2024-11-22,0.51,1
APP104323,59,Male,Uttar Pradesh,Salaried,33200.0,670,Education,131000.0,12,12.82,11690.0,1,3,2024-03-18,0.7,1
APP100436,55,Female,Uttar Pradesh,Self-Employed,61400.0,631,Personal,157000.0,12,12.57,13991.0,1,2,2024-09-15,0.46,0
APP101559,53,Male,Uttar Pradesh,Salaried,51000.0,684,Home Renovation,20000.0,48,13.38,540.0,0,2,2025-12-26,0.01,1
APP104237,36,Male,Rajasthan,Self-Employed,32900.0,595,Vehicle,372000.0,24,12.79,17649.0,1,2,2024-05-19,1.07,1
APP100655,46,Male,Maharashtra,Salaried,53600.0,554,Home Renovation,20000.0,24,13.7,957.0,1,0,2024-02-22,0.04,0
APP103586,57,Female,Tamil Nadu,Self-Employed,53000.0,569,Education,418000.0,24,13.74,20018.0,1,1,2025-02-20,0.76,0
APP100780,42,Female,Maharashtra,Salaried,44200.0,761,Home Renovation,270000.0,36,12.32,9009.0,0,0,2025-06-21,0.2,0
APP103548,40,Female,Tamil Nadu,Business Owner,39600.0,762,Personal,505000.0,48,11.68,13219.0,0,2,2025-12-21,0.33,0
APP104714,29,Female,West Bengal,Salaried,52700.0,658,Education,41000.0,24,14.56,1979.0,1,1,2025-05-15,0.08,0
APP102042,55,Female,Uttar Pradesh,Self-Employed,25500.0,740,Education,282000.0,36,10.65,9186.0,1,1,2024-07-15,0.72,1
APP102532,46,Female,Uttar Pradesh,Salaried,62800.0,862,Education,302000.0,36,9.43,9664.0,0,0,2025-12-09,0.15,0
APP101197,32,Male,Telangana,Business Owner,93700.0,587,Home Renovation,252000.0,60,14.58,5940.0,1,3,2024-07-27,0.13,1
APP103678,42,Male,Uttar Pradesh,Salaried,24100.0,686,Personal,451000.0,36,12.51,15090.0,0,0,2025-02-13,0.63,0
APP104359,45,Male,Punjab,Salaried,59200.0,636,Home Renovation,158000.0,24,12.47,7472.0,2,2,2024-03-03,0.38,0
APP103514,35,Female,Tamil Nadu,Salaried,41900.0,806,Personal,227000.0,24,10.51,10528.0,4,1,2024-04-02,1.26,0
APP101987,50,Male,Punjab,Salaried,34300.0,650,Vehicle,135000.0,24,13.16,6428.0,0,2,2024-03-03,0.19,0
APP100845,43,Male,Karnataka,Self-Employed,38200.0,868,Vehicle,70000.0,24,9.1,3201.0,2,4,2025-03-21,0.25,0
APP100602,55,Male,Tamil Nadu,Business Owner,71500.0,745,Medical,455000.0,60,11.84,10084.0,1,2,2025-02-13,0.28,0
APP102877,23,Female,Uttar Pradesh,Salaried,40100.0,579,Education,135000.0,12,14.11,12128.0,0,1,2025-08-07,0.3,1
APP100611,53,Male,Maharashtra,Salaried,56000.0,587,Home Renovation,169000.0,24,14.04,8117.0,1,1,2025-02-22,0.29,0
APP104795,37,Female,Maharashtra,Self-Employed,23600.0,515,Home Renovation,243000.0,36,15.34,8464.0,1,1,2024-08-03,0.72,1
APP105689,54,Male,Karnataka,Salaried,24200.0,704,Vehicle,282000.0,24,9.9,13000.0,0,0,2024-09-12,0.54,0
APP100108,23,Male,Karnataka,Salaried,75000.0,799,Education,393000.0,60,12.0,8742.0,1,0,2025-09-17,0.23,0
APP102711,27,Female,Punjab,Self-Employed,23800.0,514,Personal,283000.0,48,15.23,7909.0,0,4,2025-06-04,0.33,0
APP105141,56,Male,Tamil Nadu,Salaried,45300.0,678,Personal,268000.0,12,12.57,23883.0,1,1,2024-02-17,1.05,1
APP103017,40,Female,Maharashtra,Salaried,67200.0,764,Vehicle,447000.0,36,11.91,14828.0,0,1,2024-03-10,0.22,1
APP102471,35,Female,Delhi,Salaried,49700.0,688,Medical,266000.0,12,12.9,23746.0,3,1,2024-02-11,1.91,1
APP101733,43,Male,West Bengal,Salaried,69700.0,608,Personal,141000.0,84,15.59,2768.0,0,1,2024-03-14,0.04,1
APP105116,24,Male,Rajasthan,Self-Employed,63800.0,615,Home Renovation,195000.0,24,14.2,9381.0,0,1,2024-11-30,0.15,1
APP101302,57,Female,Maharashtra,Salaried,29400.0,543,Personal,453000.0,48,16.09,12859.0,0,0,2024-04-18,0.44,1
APP100828,40,Female,Tamil Nadu,Self-Employed,12000.0,753,Business Expansion,393000.0,12,11.15,34761.0,0,1,2025-03-13,2.9,1
APP100151,59,Male,West Bengal,Salaried,12000.0,765,Vehicle,547000.0,84,11.04,9377.0,1,0,2025-02-08,1.56,0
APP105316,21,Male,Uttar Pradesh,Self-Employed,33200.0,724,Home Renovation,295000.0,84,14.58,5623.0,1,3,2025-12-10,0.34,0
APP101417,50,Male,West Bengal,Salaried,42600.0,707,Education,309000.0,48,12.67,8239.0,1,1,2024-08-18,0.39,0
APP104116,58,Male,Maharashtra,Salaried,39300.0,852,Personal,313000.0,24,11.23,14622.0,2,0,2024-09-18,1.12,0
APP105255,44,Male,Maharashtra,Salaried,44100.0,644,Home Renovation,331000.0,36,12.34,11048.0,0,2,2024-11-05,0.25,0
APP102084,45,Male,Gujarat,Business Owner,53500.0,703,Business Expansion,245000.0,24,13.49,11704.0,0,1,2024-02-03,0.22,1
APP102073,36,Female,Punjab,Salaried,48000.0,613,Education,371000.0,12,13.34,33196.0,0,0,2024-01-12,0.69,0
APP100782,28,Female,Rajasthan,Salaried,55100.0,598,Personal,206000.0,24,12.87,9781.0,1,2,2025-03-17,0.36,0
APP100397,53,Male,Tamil Nadu,Self-Employed,65100.0,561,Vehicle,147000.0,60,13.34,3370.0,1,0,2024-07-07,0.1,1
APP103053,33,Female,Delhi,Salaried,33800.0,670,Personal,20000.0,12,12.47,1781.0,2,2,2025-02-24,0.16,0
APP100166,23,Male,Karnataka,Business Owner,48300.0,588,Education,499000.0,60,14.47,11733.0,1,0,2025-09-22,0.49,0
APP105561,56,Female,West Bengal,Salaried,36900.0,652,Education,92000.0,36,12.89,3095.0,1,1,2025-10-16,0.17,0
APP104987,53,Female,West Bengal,Business Owner,110900.0,684,Personal,459000.0,24,14.83,22218.0,0,1,2024-06-11,0.2,0
APP101225,27,Female,Delhi,Self-Employed,42400.0,669,Medical,394000.0,48,14.16,10798.0,1,2,2025-09-02,0.51,0
APP101796,45,Female,Gujarat,Self-Employed,24500.0,782,Business Expansion,20000.0,48,12.76,534.0,0,0,2024-10-03,0.02,0
APP105273,25,Male,Delhi,Business Owner,44100.0,818,Business Expansion,413000.0,60,9.94,8763.0,1,0,2025-11-09,0.4,0
APP101642,22,Female,Maharashtra,Salaried,75900.0,763,Vehicle,231000.0,24,12.81,10962.0,1,1,2024-05-11,0.29,0
APP105515,56,Male,Delhi,Self-Employed,40500.0,660,Education,485000.0,24,13.9,23263.0,0,0,2025-06-20,0.57,1
APP100142,31,Female,Karnataka,Self-Employed,12000.0,576,Home Renovation,325000.0,36,15.7,11378.0,1,3,2024-03-27,1.9,1
APP101240,51,Male,Karnataka,Self-Employed,43300.0,691,Education,135000.0,24,12.98,6417.0,1,0,2025-02-12,0.3,0
APP101986,36,Male,Uttar Pradesh,Business Owner,67300.0,568,Personal,530000.0,12,13.84,47547.0,1,0,2025-12-07,1.41,0
APP104006,23,Male,Gujarat,Salaried,57300.0,722,Personal,432000.0,36,12.74,14502.0,0,1,2025-08-21,0.25,1
APP102452,48,Female,Karnataka,Salaried,48800.0,784,Education,221000.0,48,11.54,5770.0,0,2,2024-04-27,0.12,0
APP104739,29,Male,Uttar Pradesh,Salaried,32700.0,739,Home Renovation,174000.0,24,10.81,8094.0,0,0,2025-05-22,0.25,0
APP104272,23,Female,Gujarat,Salaried,45100.0,581,Vehicle,255000.0,60,14.52,6002.0,0,1,2024-06-22,0.13,1
APP102461,29,Male,Maharashtra,Business Owner,21100.0,538,Personal,362000.0,12,14.09,32518.0,1,0,2024-02-06,3.08,1
APP103658,36,Female,Karnataka,Business Owner,55000.0,515,Personal,87000.0,36,14.91,3012.0,1,3,2025-07-28,0.11,1
APP102223,25,Male,Maharashtra,Salaried,21000.0,741,Personal,316000.0,36,11.1,10360.0,1,1,2024-01-03,0.99,0
APP100237,44,Female,West Bengal,Salaried,43500.0,516,Personal,501000.0,48,17.02,14462.0,1,2,2024-12-16,0.66,1
APP100989,30,Female,Gujarat,Salaried,70800.0,669,Medical,20000.0,36,13.28,677.0,0,0,2025-06-22,0.01,0
APP105057,21,Female,Uttar Pradesh,Salaried,71600.0,810,Home Renovation,303000.0,48,12.14,8000.0,1,1,2024-06-20,0.22,0
APP101758,28,Male,Rajasthan,Salaried,56200.0,535,Medical,301000.0,36,14.98,10431.0,2,0,2024-05-29,0.56,0
APP105829,21,Female,Maharashtra,Self-Employed,24400.0,721,Education,196000.0,60,12.93,4453.0,1,1,2024-04-02,0.36,1
APP101021,21,Male,Maharashtra,Salaried,26400.0,749,Home Renovation,20000.0,36,14.07,684.0,0,2,2024-11-19,0.03,0
APP104979,56,Male,Gujarat,Self-Employed,12000.0,734,Vehicle,514000.0,48,12.63,13695.0,1,1,2024-01-29,2.28,0
APP103094,29,Male,Tamil Nadu,Self-Employed,31600.0,663,Business Expansion,520000.0,36,13.25,17584.0,0,2,2024-05-14,0.56,1
APP100866,29,Male,Maharashtra,Salaried,35900.0,711,Education,172000.0,24,12.67,8151.0,3,1,2025-10-07,0.91,1
APP103020,37,Female,Maharashtra,Business Owner,35200.0,874,Education,287000.0,60,9.0,5958.0,2,2,2024-06-16,0.51,1
APP105358,38,Male,Maharashtra,Salaried,58200.0,615,Personal,311000.0,24,13.09,14799.0,1,2,2024-05-22,0.51,0
APP103356,39,Female,Telangana,Salaried,23300.0,677,Education,133000.0,36,11.59,4392.0,1,1,2025-05-21,0.38,0
APP105282,30,Male,Tamil Nadu,Salaried,41500.0,686,Vehicle,502000.0,24,12.55,23760.0,3,3,2024-06-11,2.29,1
APP103534,24,Female,Gujarat,Salaried,15800.0,649,Personal,133000.0,12,12.98,11878.0,0,0,2024-01-15,0.75,0
APP101697,40,Male,Rajasthan,Self-Employed,22700.0,617,Vehicle,110000.0,24,12.11,5184.0,2,0,2025-07-20,0.69,0
APP103487,40,Female,Karnataka,Salaried,68300.0,707,Personal,85000.0,48,13.23,2290.0,0,1,2025-11-16,0.03,0
APP102217,31,Male,Karnataka,Self-Employed,15200.0,673,Personal,354000.0,84,12.95,6430.0,0,1,2025-08-14,0.42,0
APP103412,43,Male,Uttar Pradesh,Salaried,37200.0,525,Home Renovation,230000.0,48,15.23,6428.0,2,1,2025-07-27,0.52,0
APP100327,28,Male,Tamil Nadu,Business Owner,14400.0,652,Personal,198000.0,36,13.58,6727.0,0,1,2025-05-14,0.47,0
APP104333,33,Female,Karnataka,Self-Employed,20200.0,719,Medical,288000.0,24,12.17,13580.0,1,0,2025-05-27,1.34,1
APP105049,31,Male,Punjab,Business Owner,83600.0,672,Personal,43000.0,24,14.12,2067.0,0,1,2024-09-16,0.02,0
APP101582,59,Male,Maharashtra,Business Owner,71600.0,712,Education,130000.0,24,12.03,6121.0,0,0,2025-07-19,0.09,0
APP100803,51,Male,Karnataka,Salaried,33100.0,709,Personal,351000.0,24,11.89,16505.0,1,0,2025-12-05,1.0,0
APP105188,48,Male,Maharashtra,Self-Employed,44100.0,598,Business Expansion,362000.0,24,14.29,17430.0,1,1,2024-01-05,0.79,1
APP105377,48,Male,Delhi,Salaried,21200.0,618,Business Expansion,263000.0,48,11.94,6918.0,0,1,2025-12-18,0.33,0
APP101226,37,Male,Tamil Nadu,Self-Employed,12000.0,646,Education,358000.0,36,14.26,12281.0,0,1,2025-11-06,1.02,1
APP101203,36,Male,Maharashtra,Salaried,35400.0,600,Vehicle,452000.0,24,12.78,21442.0,3,1,2025-09-24,2.42,1
APP105895,27,Male,Delhi,Salaried,47700.0,678,Personal,341000.0,84,13.52,6300.0,2,0,2024-08-30,0.4,0
APP102887,57,Male,Maharashtra,Salaried,12000.0,575,Vehicle,501000.0,48,13.11,13468.0,1,1,2025-08-19,2.24,0
APP102903,52,Female,Uttar Pradesh,Salaried,42700.0,645,Personal,351000.0,12,14.25,31557.0,2,0,2025-08-18,2.22,1
APP101034,38,Male,West Bengal,Self-Employed,68200.0,884,Business Expansion,253000.0,60,10.34,5418.0,1,0,2024-06-17,0.16,0
APP104849,26,Male,Maharashtra,Business Owner,59800.0,814,Medical,376000.0,48,10.98,9714.0,1,1,2025-06-14,0.32,1
APP104101,28,Female,Telangana,Salaried,72600.0,636,Personal,254000.0,24,13.85,12177.0,0,5,2024-02-15,0.17,0
APP102392,50,Male,Delhi,Business Owner,52800.0,608,Home Renovation,307000.0,60,13.64,7086.0,0,0,2024-11-01,0.13,0
APP105666,58,Female,Gujarat,Salaried,44400.0,517,Home Renovation,77000.0,12,14.52,6932.0,0,1,2024-12-10,0.16,0
APP104002,35,Male,Gujarat,Self-Employed,53300.0,533,Medical,265000.0,36,13.35,8974.0,1,0,2024-03-14,0.34,0
APP100401,30,Male,Telangana,Salaried,55600.0,607,Personal,319000.0,12,14.48,28714.0,0,0,2025-08-22,0.52,0
APP104232,49,Male,Gujarat,Self-Employed,14700.0,862,Vehicle,342000.0,36,10.18,11064.0,0,0,2024-01-29,0.75,0
APP101346,29,Female,Karnataka,Self-Employed,47500.0,770,Home Renovation,135000.0,60,11.57,2974.0,1,3,2024-10-14,0.13,0
APP102391,56,Female,Karnataka,Salaried,52900.0,797,Home Renovation,242000.0,12,12.28,21533.0,3,3,2024-12-27,1.63,1
APP101267,55,Female,West Bengal,Salaried,51500.0,660,Education,405000.0,36,11.18,13294.0,0,1,2025-06-13,0.26,0
APP100805,56,Male,Punjab,Business Owner,39500.0,658,Business Expansion,332000.0,36,12.89,11169.0,0,1,2025-03-30,0.28,1
APP101443,34,Female,Karnataka,Business Owner,48100.0,624,Vehicle,596000.0,24,14.65,28799.0,2,1,2025-12-26,1.8,0
APP100959,46,Male,Tamil Nadu,Salaried,33900.0,745,Vehicle,326000.0,12,12.71,29073.0,1,0,2024-03-09,1.72,1
APP105215,26,Female,Maharashtra,Business Owner,33100.0,717,Medical,324000.0,48,13.41,8758.0,0,2,2025-09-16,0.26,0
APP100185,37,Female,Rajasthan,Self-Employed,12000.0,661,Education,512000.0,12,11.39,45345.0,1,0,2025-09-06,7.56,1
APP105319,28,Male,Maharashtra,Business Owner,42800.0,709,Home Renovation,244000.0,36,10.29,7906.0,0,2,2024-09-13,0.18,0
APP102085,35,Male,Maharashtra,Salaried,26700.0,674,Business Expansion,174000.0,84,13.17,3182.0,1,1,2024-05-27,0.24,1
APP103226,32,Male,Maharashtra,Self-Employed,69400.0,575,Education,597000.0,24,14.44,28788.0,2,1,2025-10-25,1.24,1
APP100096,53,Male,Maharashtra,Self-Employed,70700.0,635,Business Expansion,216000.0,12,13.38,19331.0,0,3,2025-08-15,0.27,1
APP105704,56,Male,West Bengal,Self-Employed,80600.0,475,Medical,297000.0,60,15.88,7204.0,1,0,2025-03-02,0.18,1
APP105706,42,Female,Tamil Nadu,Salaried,57700.0,609,Personal,377000.0,24,14.84,18251.0,2,1,2025-03-02,0.95,1
APP102119,29,Male,Uttar Pradesh,Self-Employed,46400.0,596,Home Renovation,160000.0,60,14.7,3781.0,1,0,2025-01-01,0.16,0
APP102789,38,Female,Karnataka,Self-Employed,18100.0,648,Home Renovation,311000.0,12,13.36,27830.0,1,1,2024-04-05,3.08,0
APP102927,38,Female,Uttar Pradesh,Salaried,32500.0,754,Business Expansion,42000.0,24,12.62,1989.0,0,1,2025-12-24,0.06,0
APP101250,55,Male,Delhi,Self-Employed,12000.0,763,Education,346000.0,24,10.49,16045.0,1,1,2024-11-18,2.67,1
APP104527,47,Male,Tamil Nadu,Salaried,55100.0,681,Personal,267000.0,48,12.04,7036.0,1,1,2025-09-07,0.26,1
APP100669,22,Male,Tamil Nadu,Salaried,59800.0,900,Medical,376000.0,60,9.76,7945.0,0,0,2024-02-19,0.13,0
APP101752,38,Male,Maharashtra,Self-Employed,16600.0,612,Personal,198000.0,36,14.84,6848.0,2,2,2025-04-09,1.24,1
APP100469,33,Male,Telangana,Salaried,23200.0,698,Business Expansion,71000.0,24,12.65,3364.0,0,0,2025-03-04,0.14,1
APP103624,34,Female,Gujarat,Self-Employed,50300.0,756,Vehicle,301000.0,48,11.86,7906.0,1,3,2024-09-02,0.31,0
APP104053,36,Male,Maharashtra,Salaried,62800.0,635,Education,335000.0,12,14.25,30118.0,2,1,2024-08-15,1.44,1
APP101659,43,Male,Gujarat,Business Owner,38600.0,812,Personal,168000.0,84,10.32,2817.0,1,1,2024-08-07,0.15,0
APP103238,38,Male,Telangana,Self-Employed,38100.0,696,Medical,306000.0,24,13.3,14591.0,1,3,2025-02-03,0.77,0
APP101476,31,Male,Maharashtra,Salaried,17900.0,700,Vehicle,20000.0,36,12.77,672.0,2,0,2025-01-14,0.11,0
APP105780,37,Male,Karnataka,Salaried,,690,Education,483000.0,12,11.96,42905.0,1,1,2025-01-09,1.4,0
APP103894,42,Male,Uttar Pradesh,Business Owner,85900.0,673,Personal,358000.0,36,11.99,11889.0,0,1,2025-06-04,0.14,0
APP105430,40,Male,Punjab,Self-Employed,,758,Personal,432000.0,60,12.02,9614.0,0,5,2024-08-29,0.17,0
APP105886,32,Male,Punjab,Self-Employed,59100.0,545,Education,20000.0,24,13.36,954.0,2,2,2024-11-24,0.05,1
APP101377,53,Male,Maharashtra,Self-Employed,28700.0,879,Medical,84000.0,48,9.45,2108.0,0,2,2024-02-05,0.07,0
APP105110,21,Female,Maharashtra,Salaried,35000.0,754,Personal,320000.0,12,11.54,28363.0,1,2,2024-04-26,1.62,0
APP103041,55,Female,Rajasthan,Salaried,51600.0,607,Vehicle,503000.0,24,11.47,23554.0,0,0,2024-07-18,0.46,0
APP104239,36,Female,Maharashtra,Salaried,31300.0,689,Vehicle,226000.0,48,14.14,6192.0,1,2,2025-07-28,0.4,0
APP103991,52,Male,Gujarat,Business Owner,63400.0,705,Medical,153000.0,36,12.48,5117.0,0,2,2025-12-26,0.08,0
APP103210,41,Male,Karnataka,Salaried,33800.0,834,Vehicle,205000.0,24,10.25,9483.0,2,2,2024-12-10,0.84,0
APP101221,46,Female,Uttar Pradesh,Salaried,,600,Home Renovation,20000.0,84,12.31,356.0,1,2,2025-02-10,0.01,0
APP105123,44,Male,Uttar Pradesh,Salaried,50200.0,693,Personal,300000.0,36,13.51,10182.0,0,4,2024-09-23,0.2,0
APP102126,24,Male,Punjab,Salaried,43400.0,770,Medical,218000.0,12,12.43,19413.0,0,0,2025-12-19,0.45,0
APP105542,26,Male,Tamil Nadu,Salaried,32100.0,716,Personal,229000.0,24,14.33,11031.0,0,2,2025-02-13,0.34,1
APP102031,24,Male,Punjab,Salaried,35400.0,648,Education,191000.0,48,12.69,5095.0,2,3,2024-02-04,0.43,1
APP102422,49,Male,Delhi,Self-Employed,40400.0,536,Personal,308000.0,36,14.44,10593.0,1,1,2025-08-29,0.52,1
APP103882,52,Male,West Bengal,Self-Employed,36200.0,810,Personal,343000.0,48,11.59,8964.0,0,2,2025-11-10,0.25,0
APP103721,22,Male,Rajasthan,Salaried,70600.0,736,Education,20000.0,48,11.9,526.0,0,1,2025-03-06,0.01,0
APP105133,43,Female,Gujarat,Salaried,71800.0,586,Personal,386000.0,48,14.31,10608.0,1,2,2024-10-04,0.3,0
APP100943,47,Female,Karnataka,Self-Employed,18900.0,537,Medical,229000.0,36,14.03,7830.0,2,0,2024-02-27,1.24,1
APP104854,24,Male,Gujarat,Salaried,31600.0,852,Medical,317000.0,84,11.03,5433.0,0,2,2025-03-21,0.17,0
APP103706,25,Male,Maharashtra,Salaried,52500.0,647,Medical,224000.0,12,13.62,20072.0,1,2,2024-10-09,0.76,1
APP100241,58,Female,Maharashtra,Self-Employed,29100.0,603,Home Renovation,219000.0,84,14.19,4127.0,1,1,2025-01-23,0.28,0
APP101789,33,Female,Karnataka,Self-Employed,49500.0,719,Medical,202000.0,36,13.46,6851.0,0,1,2025-07-09,0.14,0
APP101926,29,Female,Maharashtra,Self-Employed,56500.0,596,Education,346000.0,12,14.26,31109.0,1,0,2024-04-01,1.1,1
APP103077,23,Female,Maharashtra,Salaried,41200.0,737,Personal,433000.0,36,12.89,14567.0,1,3,2024-04-24,0.71,0
APP102603,51,Male,Telangana,Self-Employed,32700.0,652,Education,245000.0,36,13.85,8356.0,0,5,2025-04-15,0.26,1
APP100526,42,Male,Gujarat,Salaried,34900.0,687,Business Expansion,366000.0,24,11.4,17127.0,0,0,2024-01-01,0.49,0
APP105866,23,Female,Maharashtra,Self-Employed,29600.0,681,Vehicle,330000.0,12,13.8,29599.0,0,1,2025-05-15,1.0,0
APP105892,37,Male,Delhi,Salaried,39000.0,540,Home Renovation,258000.0,36,15.5,9007.0,1,1,2025-03-07,0.46,1
APP103784,47,Male,Gujarat,Self-Employed,62300.0,686,Vehicle,325000.0,24,11.53,15228.0,2,0,2024-12-11,0.73,0
APP103766,45,Female,Maharashtra,Salaried,24500.0,843,Home Renovation,85000.0,36,11.51,2803.0,0,1,2024-03-13,0.11,0
APP102960,24,Male,Uttar Pradesh,Business Owner,131600.0,689,Home Renovation,70000.0,36,10.76,2284.0,2,0,2025-12-23,0.05,0
APP102252,36,Male,Punjab,Business Owner,48800.0,639,Vehicle,153000.0,24,14.31,7368.0,0,1,2024-01-31,0.15,0
APP105567,28,Male,Uttar Pradesh,Salaried,30900.0,621,Business Expansion,462000.0,48,12.23,12218.0,0,0,2025-10-20,0.4,1
APP105140,53,Male,Maharashtra,Salaried,33800.0,592,Education,474000.0,84,15.58,9302.0,0,1,2024-08-14,0.28,1
APP102136,55,Male,Uttar Pradesh,Salaried,66800.0,624,Medical,135000.0,24,13.88,6474.0,2,1,2024-07-26,0.29,0
APP104397,-56,Male,Telangana,Salaried,33500.0,752,Home Renovation,194000.0,36,11.31,6380.0,1,1,2024-10-30,0.38,0
APP100429,53,Male,Delhi,Salaried,55500.0,645,Education,97000.0,48,12.82,2594.0,1,1,2025-06-24,0.09,0
APP105923,41,Female,Maharashtra,Self-Employed,19100.0,764,Home Renovation,141000.0,12,11.78,12513.0,1,1,2024-07-24,1.31,1
APP102066,22,Female,Uttar Pradesh,Salaried,61000.0,759,Medical,523000.0,48,13.45,14148.0,0,1,2025-05-22,0.23,0
APP102325,45,Male,Delhi,Business Owner,12000.0,882,Business Expansion,133000.0,36,9.85,4282.0,1,0,2025-02-23,0.71,0
APP101928,33,Male,Telangana,Self-Employed,40100.0,561,Personal,313000.0,60,14.45,7356.0,1,1,2025-11-05,0.37,0
APP103029,44,Female,Tamil Nadu,Salaried,15400.0,737,Personal,254000.0,24,11.66,11916.0,0,1,2025-10-12,0.77,1
APP103335,33,Male,Tamil Nadu,Self-Employed,32700.0,556,Education,159000.0,12,14.62,14323.0,1,2,2025-06-21,0.88,0
APP102807,53,Male,Tamil Nadu,Salaried,66500.0,570,Vehicle,59000.0,36,15.22,2052.0,2,1,2024-06-07,0.09,0
APP105992,53,Male,West Bengal,Business Owner,35100.0,731,Business Expansion,85000.0,36,13.13,2869.0,0,1,2024-09-23,0.08,1
APP101478,23,Male,Punjab,Salaried,35800.0,728,Business Expansion,326000.0,48,12.98,8743.0,1,2,2025-10-29,0.49,0
APP100338,42,Male,Maharashtra,Self-Employed,43500.0,753,Vehicle,415000.0,24,12.27,19588.0,1,0,2024-10-11,0.9,1
APP102074,23,Male,Rajasthan,Salaried,20800.0,625,Home Renovation,318000.0,24,13.35,15171.0,2,1,2024-01-26,2.19,1
APP102011,52,Male,Karnataka,Business Owner,30900.0,741,Vehicle,253000.0,48,14.41,6966.0,1,0,2024-08-26,0.45,0
APP102674,56,Male,Gujarat,Salaried,48600.0,891,Vehicle,219000.0,60,9.21,4568.0,0,2,2024-03-09,0.09,0
APP100253,56,Male,West Bengal,Business Owner,81100.0,736,Home Renovation,291000.0,36,10.82,9502.0,0,1,2024-08-14,0.12,0
APP103221,29,Female,Tamil Nadu,Salaried,53500.0,677,Vehicle,316000.0,36,13.67,10750.0,0,2,2025-02-15,0.2,0
APP100320,45,Female,Uttar Pradesh,Salaried,33800.0,675,Business Expansion,195000.0,48,13.33,5263.0,2,0,2024-10-29,0.47,0
APP102048,23,Male,Gujarat,Salaried,46800.0,539,Vehicle,336000.0,24,15.94,16442.0,0,2,2025-10-18,0.35,1
APP103840,48,Male,Punjab,Self-Employed,35300.0,744,Personal,138000.0,84,11.71,2415.0,1,1,2025-02-14,0.14,0
APP100946,56,Male,Punjab,Salaried,36700.0,700,Vehicle,303000.0,60,13.39,6955.0,1,1,2025-02-23,0.38,1
APP104579,29,Male,Maharashtra,Salaried,56300.0,626,Home Renovation,296000.0,84,12.58,5317.0,1,1,2024-02-18,0.19,0
APP102455,36,Male,Telangana,Salaried,60900.0,595,Personal,464000.0,36,14.34,15935.0,0,1,2025-10-12,0.26,0
APP101084,27,Male,West Bengal,Self-Employed,27300.0,662,Medical,461000.0,48,13.07,12383.0,3,2,2024-10-11,1.81,1
APP103768,21,Male,Telangana,Salaried,51600.0,703,Education,197000.0,24,13.07,9372.0,0,0,2025-03-13,0.18,0
APP105383,46,Male,Maharashtra,Business Owner,34300.0,648,Business Expansion,382000.0,36,14.85,13214.0,0,1,2024-02-05,0.39,0
APP101191,55,Male,Delhi,Self-Employed,44300.0,778,Medical,70000.0,60,11.83,1551.0,2,0,2024-05-20,0.11,0
APP100620,47,Female,Uttar Pradesh,Self-Employed,43100.0,724,Personal,20000.0,84,11.64,349.0,0,1,2025-01-07,0.01,0
APP102098,52,Male,Gujarat,Salaried,43700.0,611,Business Expansion,67000.0,48,15.64,1886.0,0,1,2024-06-22,0.04,1
APP100750,44,Male,Delhi,Self-Employed,38000.0,567,Business Expansion,81000.0,48,13.22,2182.0,0,0,2024-12-13,0.06,0
APP102993,38,Male,Telangana,Self-Employed,28400.0,850,Medical,586000.0,12,10.02,51524.0,1,2,2025-09-03,3.63,1
APP105071,40,Female,Maharashtra,Self-Employed,77000.0,608,Personal,193000.0,36,13.16,6518.0,0,1,2024-08-08,0.08,0
APP102803,33,Male,West Bengal,Salaried,38200.0,746,Personal,320000.0,24,12.78,15180.0,2,1,2024-07-14,1.19,0
APP101797,41,Female,Uttar Pradesh,Self-Employed,33900.0,799,Business Expansion,301000.0,36,11.74,9960.0,2,0,2024-01-24,0.88,0
APP101864,33,Female,Tamil Nadu,Business Owner,53200.0,633,Business Expansion,228000.0,24,13.02,10842.0,0,1,2024-08-20,0.2,1
APP103549,23,Male,Punjab,Business Owner,72400.0,703,Education,20000.0,24,12.99,951.0,0,3,2025-05-31,0.01,0
APP101958,22,Female,Gujarat,Salaried,45500.0,601,Medical,390000.0,60,16.03,9490.0,1,0,2025-08-17,0.42,0
APP102295,41,Female,Uttar Pradesh,Business Owner,75600.0,511,Vehicle,347000.0,60,13.22,7934.0,1,1,2025-09-30,0.21,1
APP103694,40,Male,Gujarat,Salaried,40000.0,700,Vehicle,298000.0,36,13.33,10088.0,0,2,2025-09-17,0.25,0
APP101777,33,Female,Maharashtra,Salaried,66600.0,611,Business Expansion,511000.0,24,13.66,24453.0,1,0,2024-09-06,0.73,1
APP103860,41,Male,Rajasthan,Business Owner,41800.0,638,Vehicle,123000.0,12,13.23,10999.0,0,0,2025-07-02,0.26,0
APP100577,52,Male,Gujarat,Self-Employed,21000.0,546,Vehicle,415000.0,36,13.35,14053.0,3,0,2025-03-22,2.68,0
APP101667,59,Female,West Bengal,Self-Employed,14000.0,684,Personal,266000.0,24,12.78,12619.0,0,0,2024-11-21,0.9,1
APP101395,50,Male,Uttar Pradesh,Salaried,55300.0,606,Business Expansion,586000.0,48,12.03,15440.0,1,1,2024-08-27,0.56,0
APP104392,24,Female,Maharashtra,Salaried,42900.0,777,Business Expansion,200000.0,60,11.53,4402.0,0,3,2025-12-05,0.1,0
APP102183,49,Female,Maharashtra,Salaried,45000.0,570,Vehicle,93000.0,84,13.64,1724.0,0,0,2024-01-09,0.04,0
APP102754,52,Female,Karnataka,Salaried,43700.0,707,Business Expansion,87000.0,36,13.06,2934.0,1,1,2024-08-18,0.13,0
APP101805,49,Male,Tamil Nadu,Salaried,44800.0,631,Personal,445000.0,48,15.33,12459.0,0,1,2024-10-02,0.28,0
APP102854,53,Female,Tamil Nadu,Salaried,69400.0,818,Personal,175000.0,36,10.9,5721.0,1,1,2025-03-02,0.16,0
APP105237,53,Female,Telangana,Salaried,51100.0,739,Home Renovation,319000.0,24,12.53,15096.0,0,2,2024-02-02,0.3,1
APP100270,58,Male,Karnataka,Business Owner,26900.0,498,Personal,362000.0,12,16.54,32937.0,1,1,2024-03-16,2.45,1
APP100170,22,Female,Punjab,Self-Employed,16100.0,565,Business Expansion,241000.0,24,13.67,11534.0,0,0,2024-01-20,0.72,0
APP102041,38,Male,Gujarat,Self-Employed,48900.0,781,Home Renovation,256000.0,48,11.29,6653.0,3,2,2025-02-20,0.54,0
APP100344,57,Female,Punjab,Salaried,58500.0,795,Vehicle,158000.0,60,9.19,3294.0,0,2,2025-10-29,0.06,0
APP101233,35,Female,Maharashtra,Business Owner,27600.0,685,Home Renovation,255000.0,24,11.28,11918.0,0,2,2025-02-13,0.43,0
APP101815,34,Female,Gujarat,Business Owner,44800.0,805,Personal,106000.0,48,11.54,2768.0,2,2,2025-01-13,0.19,0
APP105874,26,Male,West Bengal,Self-Employed,18000.0,782,Medical,279000.0,48,11.17,7234.0,0,2,2025-05-27,0.4,0
APP105690,50,Male,Maharashtra,Salaried,39600.0,556,Personal,360000.0,84,14.87,6921.0,0,1,2025-07-09,0.17,0
APP103644,36,Male,Uttar Pradesh,Self-Employed,73800.0,678,Home Renovation,66000.0,60,13.36,1514.0,2,3,2024-07-08,0.06,0
APP105472,54,Female,Karnataka,Salaried,54800.0,615,Vehicle,368000.0,60,14.03,8568.0,1,1,2024-11-18,0.31,0
APP102722,45,Female,Maharashtra,Salaried,33000.0,702,Business Expansion,162000.0,24,11.79,7610.0,2,1,2024-12-12,0.69,1
APP105206,50,Male,Delhi,Self-Employed,16300.0,587,Vehicle,202000.0,36,12.99,6805.0,1,0,2025-05-10,0.83,0
APP104674,36,Male,Delhi,Salaried,24000.0,660,Personal,95000.0,12,13.22,8495.0,1,0,2024-06-04,0.71,1
APP104570,30,Male,Uttar Pradesh,Self-Employed,26400.0,667,Vehicle,222000.0,84,13.9,4148.0,0,0,2024-09-23,0.16,0
APP101496,44,Male,Karnataka,Self-Employed,27400.0,617,Vehicle,312000.0,12,13.36,27920.0,0,1,2024-03-09,1.02,1
APP104056,50,Male,Telangana,Self-Employed,28200.0,576,Personal,67000.0,24,14.14,3221.0,0,0,2025-09-17,0.11,0
APP101275,55,Female,Maharashtra,Salaried,47900.0,752,Home Renovation,109000.0,48,10.81,2807.0,2,1,2024-05-06,0.18,0
APP101309,54,Female,Uttar Pradesh,Salaried,48600.0,657,Personal,222000.0,36,12.8,7459.0,1,2,2025-01-23,0.31,0
APP101786,26,Male,Rajasthan,Salaried,25400.0,670,Vehicle,226000.0,12,14.03,20295.0,1,2,2025-06-06,1.6,1
APP104029,37,Male,Uttar Pradesh,Salaried,56000.0,792,Home Renovation,279000.0,24,11.21,13031.0,1,1,2025-02-14,0.47,0
APP104789,47,Male,Maharashtra,Salaried,73200.0,695,Personal,242000.0,36,11.17,7942.0,0,2,2024-01-13,0.11,0
APP102949,47,Male,Telangana,Business Owner,108800.0,623,Education,349000.0,12,13.73,31291.0,1,2,2024-08-18,0.58,1
APP105855,49,Female,Gujarat,Salaried,33400.0,650,Education,20000.0,48,13.25,539.0,0,2,2025-03-09,0.02,1
APP101890,35,Female,Karnataka,Salaried,40200.0,748,Education,270000.0,84,11.27,4661.0,0,1,2024-07-07,0.12,0
APP100677,50,Male,Delhi,Salaried,59400.0,610,Vehicle,144000.0,60,12.04,3206.0,1,1,2024-07-06,0.11,0
APP105968,56,Male,Karnataka,Self-Employed,12000.0,547,Vehicle,288000.0,60,14.2,6731.0,2,1,2024-12-23,1.68,1
APP102170,24,Male,Maharashtra,Business Owner,90600.0,705,Personal,305000.0,12,12.11,27115.0,1,0,2024-01-05,0.6,0
APP103556,25,Male,Delhi,Salaried,57600.0,671,Vehicle,274000.0,24,13.14,13044.0,1,0,2024-04-30,0.45,0
APP102301,44,Male,Karnataka,Salaried,38100.0,692,Medical,465000.0,84,12.68,8379.0,0,1,2024-04-10,0.22,0
APP103543,30,Female,Maharashtra,Business Owner,116600.0,685,Vehicle,88000.0,48,12.55,2341.0,0,2,2025-07-08,0.02,0
APP104159,45,Female,Rajasthan,Salaried,17400.0,526,Business Expansion,392000.0,12,15.97,35561.0,2,2,2025-03-10,6.13,1
APP102733,42,Female,West Bengal,Salaried,16100.0,793,Medical,573000.0,24,10.15,26481.0,2,2,2025-09-30,4.93,1
APP103626,34,Male,Rajasthan,Salaried,52700.0,574,Personal,314000.0,24,14.27,15116.0,0,1,2024-01-31,0.29,1
APP104083,56,Male,Maharashtra,Self-Employed,41400.0,606,Vehicle,281000.0,36,13.25,9502.0,1,2,2024-12-28,0.46,1
APP100295,53,Female,West Bengal,Business Owner,72800.0,613,Vehicle,236000.0,24,14.32,11367.0,2,3,2025-10-08,0.47,1
APP101070,55,Female,Karnataka,Self-Employed,15100.0,740,Personal,242000.0,24,14.04,11624.0,0,3,2024-04-19,0.77,0
APP100053,24,Female,Telangana,Salaried,47300.0,520,Vehicle,398000.0,36,13.96,13595.0,0,0,2024-02-10,0.29,1
APP105613,27,Male,Uttar Pradesh,Salaried,55100.0,689,Personal,246000.0,48,13.8,6698.0,1,0,2024-10-18,0.24,0
APP103400,48,Male,West Bengal,Salaried,80400.0,683,Education,152000.0,84,10.87,2592.0,1,1,2025-07-01,0.06,0
APP103550,42,Female,Tamil Nadu,Salaried,54700.0,692,Home Renovation,111000.0,36,11.48,3659.0,1,2,2024-11-14,0.13,0
APP105416,47,Male,Karnataka,Salaried,47300.0,809,Education,359000.0,60,11.57,7908.0,1,2,2024-01-30,0.33,1
APP104196,39,Female,Maharashtra,Salaried,42100.0,707,Personal,339000.0,36,10.42,11006.0,0,1,2025-09-14,0.26,0
APP105616,47,Male,Rajasthan,Self-Employed,45700.0,716,Medical,277000.0,12,11.58,24557.0,1,2,2024-02-06,1.07,0
APP103342,25,Male,Tamil Nadu,Salaried,17400.0,600,Vehicle,232000.0,48,13.8,6316.0,0,2,2024-11-02,0.36,0
APP102006,26,Male,Uttar Pradesh,Business Owner,50000.0,746,Medical,94000.0,24,14.48,4535.0,1,0,2024-07-25,0.18,0
APP100301,38,Male,Maharashtra,Salaried,66800.0,660,Home Renovation,276000.0,36,13.07,9309.0,0,1,2024-10-25,0.14,0
APP100365,29,Female,Karnataka,Salaried,41100.0,674,Medical,293000.0,60,12.67,6617.0,1,1,2024-12-31,0.32,0
APP103700,46,Female,Tamil Nadu,Salaried,53400.0,658,Medical,444000.0,24,13.9,21297.0,1,3,2025-02-15,0.8,1
APP100102,47,Female,Telangana,Self-Employed,22500.0,775,Vehicle,234000.0,48,11.48,6103.0,2,0,2025-07-18,0.81,0
APP105392,36,Female,Karnataka,Self-Employed,50300.0,723,Medical,168000.0,48,12.05,4428.0,0,1,2025-10-06,0.09,0
APP102792,26,Male,Tamil Nadu,Business Owner,59500.0,774,Vehicle,192000.0,12,12.25,17081.0,1,0,2024-05-26,0.57,0
APP103553,32,Male,Telangana,Salaried,55500.0,746,Home Renovation,348000.0,60,10.89,7547.0,1,1,2024-12-09,0.27,1
APP102795,28,Female,Rajasthan,Salaried,48400.0,748,Education,181000.0,12,10.6,15963.0,3,1,2025-08-19,1.32,1
APP105038,25,Female,Maharashtra,Business Owner,22200.0,778,Education,20000.0,24,13.41,955.0,0,0,2024-09-06,0.04,0
APP102731,28,Female,Punjab,Self-Employed,20800.0,581,Vehicle,141000.0,36,14.39,4846.0,1,0,2025-03-12,0.47,1
APP103777,29,Male,Tamil Nadu,Salaried,29700.0,692,Home Renovation,354000.0,12,12.63,31557.0,1,2,2025-02-23,2.13,0
APP104461,52,Female,Uttar Pradesh,Business Owner,28600.0,748,Education,117000.0,12,11.12,10347.0,1,3,2024-05-03,0.72,1
APP105934,29,Female,Delhi,Business Owner,70100.0,526,Home Renovation,420000.0,36,15.57,14677.0,2,2,2025-02-04,0.63,1
APP103005,56,Male,West Bengal,Self-Employed,25100.0,738,Home Renovation,76000.0,24,12.78,3605.0,1,0,2025-01-16,0.29,0
APP104772,22,Male,West Bengal,Salaried,72700.0,615,Personal,20000.0,12,15.82,1813.0,2,3,2025-11-23,0.07,0
APP101487,39,Male,Karnataka,Salaried,42000.0,725,Vehicle,20000.0,36,11.81,662.0,0,1,2025-04-08,0.02,0
APP105125,33,Female,Telangana,Business Owner,57200.0,594,Home Renovation,20000.0,24,13.31,954.0,0,1,2024-10-14,0.02,1
APP104944,46,Male,Maharashtra,Salaried,39200.0,860,Education,174000.0,36,10.18,5629.0,0,4,2024-02-25,0.14,0
APP100374,59,Male,Telangana,Salaried,43000.0,650,Vehicle,208000.0,36,12.18,6926.0,0,0,2025-05-16,0.16,0
APP101213,26,Male,Gujarat,Salaried,,753,Personal,106000.0,48,13.92,2892.0,0,3,2024-05-18,0.05,0
APP100544,40,Female,Delhi,Salaried,39600.0,681,Medical,44000.0,36,13.11,1485.0,0,1,2024-10-03,0.04,1
APP101351,29,Male,Tamil Nadu,Salaried,33600.0,773,Education,20000.0,36,11.15,656.0,1,1,2025-07-24,0.04,0
APP100291,44,Male,Karnataka,Self-Employed,12000.0,748,Business Expansion,103000.0,24,11.03,4802.0,0,1,2024-02-18,0.4,0
APP104692,36,Male,Maharashtra,Salaried,27500.0,796,Home Renovation,677000.0,60,9.63,14261.0,1,1,2025-07-15,1.04,0
APP100389,25,Female,West Bengal,Self-Employed,30200.0,757,Business Expansion,344000.0,60,12.14,7676.0,0,0,2025-05-30,0.25,0
APP102869,48,Male,Tamil Nadu,Salaried,52500.0,755,Vehicle,298000.0,24,10.75,13855.0,1,2,2024-11-08,0.53,0
APP105274,52,Male,Karnataka,Self-Employed,54400.0,718,Vehicle,351000.0,36,12.34,11715.0,0,1,2025-11-06,0.22,0
APP103669,37,Male,Uttar Pradesh,Business Owner,44200.0,708,Home Renovation,148000.0,12,13.63,13263.0,2,0,2025-10-23,0.9,0
APP101870,27,Female,Karnataka,Salaried,59000.0,604,Home Renovation,277000.0,24,14.78,13402.0,1,1,2025-06-25,0.45,0
APP104439,29,Male,Delhi,Business Owner,44800.0,633,Vehicle,495000.0,48,13.5,13403.0,2,1,2025-04-16,0.9,0
APP100247,49,Male,Tamil Nadu,Salaried,24400.0,840,Personal,389000.0,24,11.26,18177.0,1,0,2025-09-06,1.49,1
APP104760,34,Male,Karnataka,Salaried,41800.0,701,Personal,292000.0,24,12.33,13790.0,0,1,2025-10-24,0.33,0
APP103231,48,Male,Tamil Nadu,Salaried,60500.0,690,Vehicle,457000.0,12,14.47,41134.0,2,1,2024-07-11,2.04,1
APP102164,56,Male,Tamil Nadu,Self-Employed,20700.0,617,Business Expansion,227000.0,12,13.57,20336.0,0,0,2024-11-05,0.98,1
APP101988,36,Female,Telangana,Self-Employed,57200.0,721,Education,192000.0,36,14.37,6597.0,1,3,2024-09-23,0.23,0
APP101296,35,Male,Delhi,Self-Employed,42900.0,820,Medical,267000.0,84,12.72,4817.0,1,1,2025-08-27,0.22,0
APP105614,47,Male,Rajasthan,Self-Employed,30400.0,537,Business Expansion,374000.0,12,15.81,33900.0,0,0,2025-09-13,1.12,1
APP103064,32,Male,Karnataka,Salaried,52100.0,566,Business Expansion,164000.0,84,14.98,3163.0,1,3,2024-08-13,0.12,0
APP105456,45,Female,Uttar Pradesh,Salaried,53100.0,700,Personal,20000.0,24,11.43,936.0,0,1,2024-03-30,0.02,0
APP100410,25,Male,Karnataka,Salaried,40400.0,566,Personal,445000.0,24,15.9,21767.0,0,0,2024-02-10,0.54,1
APP102005,40,Male,Punjab,Salaried,26300.0,890,Personal,432000.0,12,10.64,38108.0,1,2,2025-02-13,2.9,1
APP105192,51,Male,Uttar Pradesh,Salaried,66600.0,557,Business Expansion,270000.0,24,15.81,13196.0,0,1,2024-01-28,0.2,1
APP101894,44,Male,Tamil Nadu,Salaried,43000.0,813,Personal,72000.0,84,10.57,1217.0,0,1,2024-10-13,0.03,0
APP101184,29,Male,Uttar Pradesh,Salaried,51100.0,657,Personal,295000.0,24,14.35,14213.0,0,0,2024-11-04,0.28,0
APP104924,48,Female,Uttar Pradesh,Business Owner,73400.0,590,Education,279000.0,48,13.54,7560.0,0,1,2025-07-01,0.1,1
APP103004,57,Female,Telangana,Business Owner,35200.0,660,Vehicle,144000.0,24,12.03,6781.0,1,2,2025-09-24,0.39,0
APP101898,57,Male,Karnataka,Self-Employed,43800.0,685,Business Expansion,387000.0,48,11.94,10180.0,0,1,2024-08-11,0.23,0
APP100832,21,Male,Delhi,Business Owner,87500.0,657,Personal,259000.0,36,13.82,8829.0,1,2,2025-03-21,0.2,0
APP102227,30,Male,Punjab,Salaried,46400.0,699,Education,20000.0,12,14.79,1803.0,1,1,2024-08-07,0.08,0
APP101803,41,Female,Karnataka,Self-Employed,34200.0,703,Medical,20000.0,36,9.56,641.0,2,1,2024-02-05,0.06,0
APP100690,30,Female,Delhi,Business Owner,34300.0,801,Home Renovation,122000.0,60,12.31,2733.0,0,0,2024-11-28,0.08,0
APP104949,40,Male,Rajasthan,Self-Employed,48700.0,701,Home Renovation,302000.0,36,11.23,9920.0,1,0,2024-03-12,0.41,1
APP102518,30,Female,Uttar Pradesh,Salaried,41000.0,713,Personal,330000.0,48,12.56,8781.0,0,2,2024-03-04,0.21,0
APP102752,54,Female,West Bengal,Salaried,,589,Home Renovation,567000.0,84,17.33,11695.0,2,0,2024-05-08,1.69,1
APP104371,42,Female,Uttar Pradesh,Salaried,57400.0,684,Business Expansion,316000.0,24,14.17,15197.0,0,1,2025-10-26,0.26,0
APP101512,44,Male,Rajasthan,Business Owner,58400.0,560,Education,78000.0,48,13.49,2112.0,2,0,2024-01-02,0.11,0
APP105287,26,Male,West Bengal,Self-Employed,40700.0,642,Home Renovation,398000.0,12,13.62,35664.0,0,0,2025-09-24,0.88,0
APP105075,24,Female,Delhi,Self-Employed,20300.0,685,Personal,364000.0,36,13.99,12439.0,0,0,2024-03-16,0.61,0
APP104130,23,Male,Maharashtra,Self-Employed,44200.0,557,Medical,545000.0,12,15.1,49217.0,0,1,2025-04-12,1.11,0
APP101075,36,Female,West Bengal,Self-Employed,66300.0,608,Business Expansion,100000.0,84,14.33,1892.0,0,1,2024-08-11,0.03,1
APP105844,35,Female,Delhi,Salaried,61300.0,610,Vehicle,345000.0,36,13.7,11741.0,0,2,2025-12-17,0.19,1
APP103490,31,Male,West Bengal,Salaried,47300.0,805,Vehicle,201000.0,24,10.62,9333.0,0,2,2024-08-17,0.2,0
APP104038,26,Male,Gujarat,Salaried,34700.0,566,Vehicle,281000.0,24,14.39,13543.0,0,1,2025-09-28,0.39,1
APP102357,58,Male,Gujarat,Salaried,67900.0,590,Personal,136000.0,24,15.65,6636.0,0,4,2024-08-17,0.1,0
APP102439,51,Male,Karnataka,Salaried,53700.0,648,Vehicle,632000.0,60,12.7,14283.0,0,1,2024-08-22,0.27,0
APP102111,51,Male,Karnataka,Salaried,42500.0,725,Home Renovation,142000.0,36,13.7,4833.0,0,2,2025-11-13,0.11,0
APP100769,46,Male,West Bengal,Salaried,49400.0,709,Education,20000.0,24,12.21,943.0,1,0,2024-02-20,0.04,0
APP104039,49,Male,Gujarat,Salaried,69300.0,543,Personal,507000.0,84,15.35,9883.0,0,2,2024-07-23,0.14,1
APP104549,42,Male,Tamil Nadu,Salaried,49300.0,641,Business Expansion,118000.0,24,13.85,5657.0,1,1,2024-11-16,0.23,0
APP102867,29,Male,Punjab,Salaried,44100.0,740,Personal,104000.0,60,13.56,2396.0,0,0,2024-07-12,0.05,0
APP105669,47,Female,Delhi,Salaried,32200.0,678,Vehicle,537000.0,48,12.59,14297.0,0,0,2024-07-14,0.44,0
APP102966,52,Male,Karnataka,Salaried,19800.0,670,Medical,20000.0,36,12.12,665.0,4,2,2025-03-12,0.17,1
APP102602,58,Male,Maharashtra,Business Owner,68800.0,787,Business Expansion,20000.0,48,11.11,518.0,1,0,2024-05-01,0.02,1
APP101946,56,Male,Gujarat,Salaried,73800.0,641,Education,376000.0,48,13.13,10111.0,0,1,2024-05-28,0.14,0
APP100554,58,Male,Maharashtra,Self-Employed,31100.0,695,Personal,310000.0,24,11.21,14479.0,0,1,2024-07-31,0.47,0
APP105834,53,Female,Rajasthan,Self-Employed,40000.0,703,Business Expansion,20000.0,36,12.8,672.0,1,2,2024-11-01,0.03,0
APP100752,46,Male,Telangana,Salaried,29900.0,603,Personal,20000.0,36,13.74,681.0,0,0,2024-06-29,0.02,0
APP103115,36,Female,Karnataka,Salaried,62300.0,683,Education,232000.0,24,10.36,10744.0,0,1,2024-02-23,0.17,0
APP101361,25,Male,Uttar Pradesh,Self-Employed,19700.0,581,Vehicle,276000.0,12,13.94,24773.0,1,0,2025-09-16,2.52,1
APP103683,-24,Male,Delhi,Salaried,,732,Medical,455000.0,36,11.37,14976.0,0,1,2025-02-12,0.47,0
APP102682,38,Male,Karnataka,Salaried,47900.0,645,Personal,500000.0,36,14.76,17274.0,2,0,2024-10-29,1.08,1
APP101041,24,Female,Punjab,Self-Employed,12100.0,653,Business Expansion,178000.0,36,13.0,5998.0,1,0,2024-10-31,0.99,0
APP103284,23,Female,Rajasthan,Salaried,39600.0,710,Personal,84000.0,48,11.77,2203.0,0,1,2024-04-19,0.06,0
APP104836,50,Female,Maharashtra,Salaried,58400.0,770,Personal,107000.0,36,12.13,3561.0,0,2,2024-10-20,0.06,0
APP105685,22,Male,Telangana,Self-Employed,53600.0,658,Business Expansion,237000.0,60,12.76,5363.0,0,2,2024-10-08,0.1,1
APP100363,46,Male,Telangana,Salaried,50900.0,680,Personal,230000.0,24,13.82,11023.0,2,1,2024-08-19,0.65,1
APP105517,32,Male,Punjab,Business Owner,41900.0,678,Medical,214000.0,60,13.88,4966.0,2,0,2024-05-28,0.36,0
APP102764,42,Female,West Bengal,Salaried,43600.0,733,Medical,218000.0,24,10.54,10114.0,0,2,2024-02-04,0.23,0
APP101135,41,Male,Delhi,Salaried,52900.0,732,Personal,184000.0,12,12.1,16357.0,0,0,2024-10-09,0.31,0
APP103212,33,Male,Delhi,Self-Employed,22900.0,554,Education,254000.0,48,14.94,7061.0,0,1,2025-02-23,0.31,1
APP105901,46,Male,Uttar Pradesh,Salaried,52600.0,589,Personal,242000.0,48,15.71,6822.0,0,2,2024-01-27,0.13,0
APP103411,39,Male,Telangana,Self-Employed,37400.0,555,Education,286000.0,36,15.25,9949.0,0,2,2025-07-01,0.27,1
APP102427,25,Male,Gujarat,Self-Employed,18700.0,639,Education,605000.0,12,13.22,54099.0,0,0,2025-07-14,2.89,1
APP101679,25,Female,Uttar Pradesh,Salaried,46500.0,664,Personal,44000.0,60,14.16,1027.0,0,3,2025-01-17,0.02,0
APP100550,33,Female,Rajasthan,Salaried,62300.0,714,Education,132000.0,48,11.35,3434.0,0,1,2025-04-20,0.06,0
APP103589,45,Female,Uttar Pradesh,Salaried,40600.0,705,Personal,269000.0,48,11.43,7009.0,0,1,2024-09-13,0.17,0
APP102356,57,Male,Maharashtra,Business Owner,41000.0,527,Personal,356000.0,36,15.37,12405.0,0,1,2025-06-07,0.3,0
APP102797,21,Male,Maharashtra,Salaried,38600.0,638,Vehicle,471000.0,48,13.38,12725.0,0,1,2025-07-16,0.33,1
APP104076,21,Male,Uttar Pradesh,Self-Employed,51200.0,688,Business Expansion,321000.0,12,12.93,28660.0,0,1,2024-08-30,0.56,0
APP101622,55,Male,Uttar Pradesh,Salaried,59400.0,714,Vehicle,228000.0,24,12.74,10812.0,1,3,2025-01-25,0.36,0
APP102520,36,Female,Tamil Nadu,Salaried,23400.0,661,Vehicle,447000.0,36,13.19,15102.0,2,1,2024-07-18,1.94,1
APP105240,59,Female,Delhi,Salaried,50800.0,735,Personal,271000.0,12,11.8,24053.0,0,1,2025-05-07,0.47,0
APP104844,56,Female,West Bengal,Salaried,42600.0,596,Business Expansion,279000.0,84,14.81,5354.0,2,1,2024-01-31,0.38,0
APP103803,25,Male,Tamil Nadu,Self-Employed,43400.0,696,Personal,325000.0,24,12.38,15357.0,0,2,2025-04-22,0.35,0
APP104707,49,Female,Delhi,Salaried,64700.0,642,Vehicle,288000.0,48,14.3,7913.0,2,1,2025-11-21,0.37,0
APP103014,48,Male,Delhi,Salaried,44900.0,704,Home Renovation,272000.0,12,13.03,24298.0,0,1,2025-01-07,0.54,0
APP104797,56,Female,Uttar Pradesh,Business Owner,107800.0,673,Vehicle,379000.0,24,13.78,18158.0,0,3,2024-10-23,0.17,1
APP103120,33,Female,Gujarat,Salaried,54100.0,520,Personal,525000.0,36,14.03,17951.0,1,1,2025-06-11,0.66,0
APP100842,26,Female,Punjab,Salaried,16200.0,597,Vehicle,413000.0,12,15.24,37323.0,0,3,2025-08-29,2.3,1
APP102495,53,Male,Uttar Pradesh,Business Owner,53100.0,694,Education,298000.0,12,10.23,26231.0,1,2,2024-02-12,0.99,1
APP102068,53,Male,Tamil Nadu,Self-Employed,12000.0,683,Business Expansion,364000.0,36,12.53,12182.0,1,3,2025-09-26,2.03,1
APP104906,27,Male,Telangana,Salaried,82000.0,742,Business Expansion,134000.0,36,12.38,4475.0,2,1,2025-09-21,0.16,0
APP100879,55,Male,Delhi,Salaried,37500.0,672,Vehicle,46000.0,12,13.03,4109.0,0,3,2024-03-21,0.11,0
APP104139,41,Male,Uttar Pradesh,Salaried,38600.0,578,Personal,530000.0,12,14.48,47707.0,1,3,2024-06-25,2.47,1
APP104763,30,Male,Telangana,Salaried,77100.0,733,Home Renovation,20000.0,36,11.44,659.0,0,0,2024-09-25,0.01,0
APP105988,46,Female,Karnataka,Salaried,28700.0,598,Home Renovation,193000.0,24,15.23,9379.0,0,0,2025-11-12,0.33,0
APP103963,21,Male,Gujarat,Self-Employed,49600.0,755,Personal,244000.0,48,13.04,6551.0,1,2,2024-06-30,0.26,1
APP100863,25,Female,West Bengal,Salaried,40900.0,685,Education,349000.0,84,13.93,6527.0,1,0,2024-01-08,0.32,0
APP100758,58,Male,West Bengal,Salaried,42500.0,606,Personal,20000.0,12,13.7,1793.0,3,1,2025-12-07,0.17,1
APP103121,51,Female,Punjab,Self-Employed,29700.0,666,Education,157000.0,12,14.78,14154.0,0,1,2024-11-20,0.48,0
APP104374,28,Female,Maharashtra,Self-Employed,14500.0,633,Home Renovation,149000.0,36,15.03,5167.0,1,0,2024-03-26,0.71,1
APP102402,47,Female,Karnataka,Self-Employed,72800.0,600,Medical,203000.0,60,14.67,4794.0,1,2,2025-06-08,0.13,1
APP104585,32,Female,Delhi,Salaried,53600.0,599,Personal,326000.0,36,13.35,11039.0,0,1,2024-08-10,0.21,1
APP102059,55,Male,Karnataka,Salaried,31700.0,608,Business Expansion,310000.0,36,12.97,10441.0,2,3,2025-05-11,0.99,1
APP104370,36,Male,Maharashtra,Salaried,44800.0,710,Personal,109000.0,24,12.74,5169.0,2,1,2024-02-09,0.35,0
APP105897,35,Male,Rajasthan,Self-Employed,25700.0,682,Personal,62000.0,84,13.59,1148.0,1,2,2024-03-03,0.09,0
APP103616,35,Male,Delhi,Business Owner,43600.0,710,Education,329000.0,24,14.36,15852.0,1,2,2025-06-11,0.73,1
APP102577,47,Female,Uttar Pradesh,Self-Employed,50800.0,524,Home Renovation,123000.0,60,14.63,2902.0,0,0,2025-08-31,0.06,0
APP101911,25,Female,West Bengal,Salaried,55500.0,593,Personal,308000.0,36,13.18,10404.0,0,2,2024-02-15,0.19,1
APP102645,37,Male,Tamil Nadu,Self-Employed,72400.0,623,Education,327000.0,48,14.05,8944.0,1,0,2024-05-21,0.25,0
APP103956,27,Male,Karnataka,Business Owner,18700.0,809,Medical,371000.0,60,11.19,8102.0,1,3,2024-05-13,0.87,0
APP105398,46,Male,Karnataka,Salaried,44000.0,645,Home Renovation,170000.0,48,11.96,4473.0,0,1,2025-04-14,0.1,0
APP101073,34,Male,Rajasthan,Salaried,28700.0,735,Medical,129000.0,24,13.55,6166.0,0,1,2025-11-20,0.21,0
APP101753,37,Female,Telangana,Business Owner,69500.0,692,Business Expansion,121000.0,60,12.7,2735.0,0,3,2025-01-05,0.04,0
APP101159,22,Male,Uttar Pradesh,Salaried,42100.0,789,Personal,362000.0,36,12.28,12072.0,1,0,2025-05-03,0.57,1
APP100058,30,Male,Tamil Nadu,Self-Employed,49100.0,817,Vehicle,520000.0,24,10.91,24214.0,0,0,2024-01-22,0.49,0
APP101326,40,Female,Telangana,Self-Employed,39200.0,706,Vehicle,377000.0,84,12.2,6695.0,1,2,2025-06-23,0.34,1
APP105609,28,Male,Maharashtra,Salaried,42600.0,683,Personal,103000.0,24,13.36,4914.0,0,1,2024-08-29,0.12,0
APP102294,49,Male,West Bengal,Salaried,52600.0,823,Personal,131000.0,60,12.45,2944.0,0,0,2024-12-14,0.06,0
APP104161,49,Male,Karnataka,Business Owner,82400.0,599,Personal,230000.0,60,14.06,5359.0,0,0,2025-02-14,0.07,0
APP104004,49,Male,Karnataka,Business Owner,25300.0,634,Vehicle,20000.0,48,12.48,531.0,1,0,2024-06-26,0.04,0
APP101238,49,Male,Uttar Pradesh,Self-Employed,37200.0,717,Education,202000.0,24,12.83,9587.0,1,3,2024-07-05,0.52,0
APP105305,29,Female,West Bengal,Business Owner,31900.0,838,Vehicle,337000.0,24,11.14,15729.0,1,2,2025-02-06,0.99,1
APP105779,38,Male,Rajasthan,Salaried,35400.0,493,Vehicle,20000.0,60,14.0,465.0,0,2,2025-12-19,0.01,1
APP102398,37,Male,Rajasthan,Salaried,32700.0,598,Vehicle,442000.0,60,14.08,10303.0,1,2,2025-01-04,0.63,1
APP103503,46,Male,Maharashtra,Salaried,77200.0,704,Home Renovation,65000.0,36,13.5,2206.0,0,3,2025-03-28,0.03,0
APP102693,55,Female,Uttar Pradesh,Salaried,38600.0,675,Personal,310000.0,48,13.03,8321.0,1,5,2024-04-12,0.43,0
APP104558,25,Male,Uttar Pradesh,Business Owner,58000.0,790,Personal,136000.0,36,11.71,4498.0,1,1,2025-12-23,0.16,0
APP103133,37,Male,Delhi,Salaried,62900.0,576,Education,352000.0,84,14.73,6739.0,2,1,2024-09-03,0.32,0
APP103672,25,Male,West Bengal,Salaried,36500.0,615,Education,210000.0,60,12.53,4728.0,0,0,2025-01-05,0.13,1
APP102529,27,Male,Delhi,Salaried,36400.0,619,Vehicle,280000.0,60,13.42,6431.0,0,3,2024-03-01,0.18,1
APP105289,58,Female,Maharashtra,Salaried,46800.0,643,Medical,377000.0,12,13.14,33697.0,2,2,2025-08-17,2.16,1
APP101477,47,Female,Gujarat,Salaried,14800.0,618,Medical,500000.0,36,13.66,17006.0,1,4,2025-09-13,2.3,1
APP101513,23,Female,Karnataka,Business Owner,80600.0,680,Personal,341000.0,48,11.71,8931.0,0,0,2024-01-16,0.11,1
APP102196,44,Male,Maharashtra,Self-Employed,19000.0,866,Personal,399000.0,60,11.84,8843.0,2,2,2024-09-14,1.4,0
APP105341,40,Female,Uttar Pradesh,Salaried,57400.0,666,Personal,45000.0,24,13.1,2141.0,0,2,2025-04-29,0.04,1
APP103285,58,Male,Rajasthan,Salaried,36600.0,782,Personal,153000.0,48,10.94,3950.0,1,0,2025-08-14,0.22,0
APP100355,33,Male,Punjab,Salaried,,661,Medical,236000.0,84,15.49,4619.0,0,0,2024-01-18,0.08,1
APP103068,50,Female,Tamil Nadu,Salaried,34300.0,720,Business Expansion,341000.0,84,11.04,5846.0,2,2,2025-12-25,0.51,1
APP103922,52,Female,Tamil Nadu,Self-Employed,50800.0,663,Personal,194000.0,36,12.98,6535.0,0,2,2025-05-03,0.13,1
APP101068,28,Female,Rajasthan,Self-Employed,14100.0,746,Vehicle,190000.0,60,10.26,4061.0,1,0,2024-12-27,0.58,0
APP103413,58,Female,Delhi,Salaried,48500.0,583,Education,230000.0,36,15.42,8020.0,0,1,2025-07-14,0.17,1
APP102195,43,Female,Delhi,Self-Employed,34400.0,674,Personal,20000.0,84,12.5,358.0,2,1,2024-07-19,0.03,0
APP104899,37,Female,Telangana,Salaried,45600.0,657,Personal,158000.0,24,14.5,7623.0,0,0,2024-09-12,0.17,0
APP100076,27,Male,West Bengal,Self-Employed,12000.0,648,Personal,171000.0,24,12.0,8050.0,0,2,2025-02-22,0.67,1
APP100516,29,Female,Tamil Nadu,Salaried,39800.0,576,Education,25000.0,12,10.92,2209.0,1,2,2024-10-15,0.11,0
APP103823,28,Male,Uttar Pradesh,Self-Employed,24300.0,721,Medical,379000.0,24,14.05,18206.0,0,0,2025-01-15,0.75,1
APP103289,49,Male,Maharashtra,Self-Employed,13700.0,576,Home Renovation,286000.0,12,12.81,25519.0,1,1,2025-10-27,3.73,1
APP101799,21,Female,Delhi,Self-Employed,16500.0,721,Personal,268000.0,12,11.28,23721.0,2,0,2024-08-18,4.31,1
APP104821,41,Male,Rajasthan,Self-Employed,12000.0,675,Home Renovation,410000.0,24,15.22,19922.0,1,1,2025-07-22,3.32,1
APP101126,24,Female,Karnataka,Salaried,26600.0,636,Personal,191000.0,60,12.73,4319.0,0,1,2025-08-09,0.16,0
APP105017,34,Male,Punjab,Business Owner,103400.0,797,Vehicle,338000.0,48,11.53,8823.0,0,0,2025-06-23,0.09,0
APP102500,37,Male,Tamil Nadu,Salaried,44600.0,587,Vehicle,239000.0,36,13.17,8072.0,0,1,2024-03-21,0.18,0
APP104027,59,Male,Karnataka,Self-Employed,12000.0,752,Home Renovation,449000.0,36,11.73,14855.0,0,1,2024-03-14,1.24,1
APP105164,27,Male,Maharashtra,Salaried,48000.0,776,Vehicle,310000.0,12,9.59,27195.0,3,1,2024-01-10,2.27,0
APP105836,43,Male,Punjab,Salaried,58200.0,654,Medical,167000.0,24,13.49,7978.0,2,0,2024-10-04,0.41,1
APP105914,52,Male,Uttar Pradesh,Business Owner,104200.0,676,Personal,136000.0,84,12.14,2411.0,0,3,2024-02-02,0.02,0
APP100192,31,Male,Delhi,Self-Employed,30300.0,499,Personal,391000.0,48,14.46,10775.0,1,2,2025-08-08,0.71,1
APP104010,24,Male,West Bengal,Salaried,12000.0,744,Personal,336000.0,36,12.05,11168.0,0,2,2024-05-15,0.93,0
APP103464,45,Female,Rajasthan,Self-Employed,31700.0,596,Vehicle,521000.0,36,13.24,17615.0,0,0,2024-08-31,0.56,0
APP101038,48,Male,Telangana,Business Owner,12000.0,780,Vehicle,164000.0,36,11.82,5433.0,0,2,2024-03-16,0.45,0
APP102178,33,Male,Uttar Pradesh,Business Owner,79500.0,594,Vehicle,276000.0,36,15.12,9584.0,0,1,2025-09-20,0.12,1
APP101959,25,Female,Uttar Pradesh,Salaried,59600.0,559,Personal,337000.0,24,12.41,15928.0,1,3,2025-01-20,0.53,1
APP102995,44,Male,West Bengal,Salaried,36000.0,802,Personal,294000.0,24,11.2,13730.0,0,0,2025-11-10,0.38,0
APP104048,57,Female,Uttar Pradesh,Self-Employed,,730,Vehicle,469000.0,36,11.9,15555.0,0,3,2025-08-16,0.44,0
APP105481,50,Female,Rajasthan,Salaried,48100.0,799,Vehicle,381000.0,48,12.43,10114.0,1,1,2025-02-18,0.42,0
APP102681,35,Male,Tamil Nadu,Salaried,50100.0,568,Home Renovation,171000.0,24,14.79,8274.0,3,2,2025-02-18,0.66,0
APP105023,48,Male,Punjab,Salaried,43400.0,732,Education,207000.0,48,12.48,5500.0,0,2,2024-10-08,0.13,0
APP102505,42,Male,Tamil Nadu,Salaried,54000.0,697,Vehicle,259000.0,24,11.58,12141.0,1,1,2024-12-31,0.45,0
APP101303,57,Male,Telangana,Self-Employed,66800.0,569,Personal,386000.0,24,14.6,18643.0,2,1,2024-10-27,0.84,0
APP100626,41,Male,Rajasthan,Self-Employed,67300.0,604,Business Expansion,20000.0,48,13.48,541.0,2,1,2025-04-14,0.02,0
APP101173,25,Male,Uttar Pradesh,Self-Employed,12000.0,628,Personal,262000.0,48,14.48,7223.0,0,3,2024-04-25,0.6,0
APP101432,24,Female,Gujarat,Self-Employed,53300.0,851,Personal,259000.0,24,9.3,11868.0,0,2,2024-06-11,0.22,0
APP101099,23,Male,Telangana,Self-Employed,12000.0,719,Personal,207000.0,60,12.18,4623.0,2,2,2024-10-14,1.16,1
APP105453,56,Male,Karnataka,Self-Employed,12000.0,565,Vehicle,198000.0,24,15.86,9681.0,0,0,2024-08-15,0.81,0
APP101908,56,Male,Uttar Pradesh,Business Owner,,800,Personal,122000.0,36,11.12,4001.0,0,2,2024-05-14,0.06,0
APP105143,34,Female,Delhi,Salaried,45200.0,707,Personal,73000.0,12,11.09,6455.0,2,2,2025-12-28,0.43,0
APP105315,57,Male,Karnataka,Self-Employed,26800.0,662,Business Expansion,100000.0,36,12.37,3339.0,0,2,2025-02-12,0.12,1
APP105207,56,Female,Gujarat,Salaried,60500.0,791,Home Renovation,255000.0,36,11.33,8388.0,1,2,2025-08-07,0.28,1
APP105183,56,Male,Gujarat,Business Owner,80700.0,725,Home Renovation,360000.0,24,12.22,16983.0,0,1,2025-05-08,0.21,0
APP104689,28,Female,Karnataka,Business Owner,,622,Personal,162000.0,12,14.4,14576.0,0,0,2024-12-12,0.42,0
APP101405,59,Male,Telangana,Salaried,,700,Business Expansion,239000.0,24,10.42,11075.0,0,1,2024-06-16,0.18,0
APP101910,53,Male,Karnataka,Salaried,37500.0,757,Business Expansion,67000.0,24,13.64,3205.0,1,1,2025-04-05,0.17,1
APP102198,25,Male,Karnataka,Salaried,26800.0,636,Personal,46000.0,24,13.64,2201.0,1,1,2025-04-19,0.16,0
APP105352,59,Male,Telangana,Business Owner,82600.0,760,Business Expansion,277000.0,60,10.65,5974.0,1,1,2025-10-12,0.14,0
APP100835,58,Male,Punjab,Business Owner,74100.0,660,Medical,305000.0,48,12.77,8148.0,0,0,2025-08-24,0.11,1
APP105919,37,Female,Karnataka,Self-Employed,21200.0,666,Home Renovation,123000.0,12,12.62,10964.0,1,1,2024-03-02,1.03,0
APP102813,57,Female,Delhi,Salaried,57300.0,832,Business Expansion,372000.0,36,10.78,12140.0,1,1,2024-08-01,0.42,0
APP100309,22,Female,Rajasthan,Salaried,53000.0,722,Personal,216000.0,24,12.31,10199.0,1,1,2025-10-02,0.38,0
APP101412,54,Male,Gujarat,Salaried,47400.0,496,Vehicle,301000.0,48,15.42,8441.0,0,0,2025-01-19,0.18,1
APP100775,24,Male,Rajasthan,Salaried,59900.0,646,Education,407000.0,24,13.97,19535.0,0,2,2024-12-23,0.33,0
APP100484,29,Male,Tamil Nadu,Salaried,29400.0,748,Personal,100000.0,36,10.53,3252.0,1,1,2025-01-31,0.22,0
APP105560,58,Male,Punjab,Self-Employed,,642,Personal,99000.0,84,13.58,1832.0,1,0,2024-12-20,0.23,0
APP100367,21,Male,Delhi,Salaried,57500.0,589,Business Expansion,234000.0,12,13.48,20953.0,1,1,2024-11-03,0.73,0
APP100570,21,Male,Uttar Pradesh,Salaried,43500.0,560,Medical,243000.0,12,12.91,21694.0,2,1,2025-11-04,1.5,0
APP104223,58,Female,Delhi,Salaried,27800.0,766,Home Renovation,339000.0,36,11.35,11155.0,0,1,2025-08-11,0.4,0
APP100649,52,Male,Telangana,Business Owner,118800.0,629,Business Expansion,221000.0,48,14.09,6049.0,1,0,2024-12-02,0.1,0
APP100040,46,Male,Delhi,Self-Employed,12000.0,655,Home Renovation,27000.0,84,12.5,484.0,1,1,2024-02-09,0.08,0
APP103515,49,Female,Maharashtra,Self-Employed,52300.0,774,Personal,258000.0,24,12.09,12156.0,1,1,2024-02-15,0.46,1
APP100441,49,Female,Maharashtra,Salaried,72200.0,597,Personal,129000.0,24,13.39,6157.0,0,0,2025-05-06,0.09,0
APP101593,36,Male,Uttar Pradesh,Salaried,57100.0,675,Personal,178000.0,12,13.26,15920.0,0,0,2025-04-13,0.28,0
APP102263,34,Male,Rajasthan,Salaried,32500.0,812,Personal,326000.0,24,12.98,15496.0,0,2,2025-04-25,0.48,0
APP100896,43,Male,Maharashtra,Salaried,52800.0,735,Personal,219000.0,60,12.36,4911.0,2,1,2024-06-13,0.28,0
APP101071,52,Male,Uttar Pradesh,Salaried,39400.0,639,Personal,207000.0,48,10.7,5320.0,1,2,2024-05-23,0.27,0
APP101541,45,Male,Delhi,Salaried,56600.0,575,Vehicle,361000.0,60,14.25,8447.0,0,1,2024-02-19,0.15,0
APP101404,32,Female,Delhi,Business Owner,99200.0,838,Education,277000.0,36,9.0,8809.0,0,0,2025-12-09,0.09,0
APP100351,52,Male,Uttar Pradesh,Salaried,12000.0,778,Personal,290000.0,36,11.56,9571.0,3,1,2025-12-08,3.19,1
APP103562,47,Male,Punjab,Self-Employed,13400.0,602,Home Renovation,367000.0,24,13.2,17482.0,1,0,2024-10-01,2.61,1
APP105328,26,Male,Telangana,Self-Employed,22300.0,608,Personal,432000.0,24,14.66,20877.0,1,1,2024-08-30,1.87,1
APP105086,28,Male,West Bengal,Salaried,76500.0,492,Vehicle,82000.0,36,15.94,2880.0,0,0,2025-08-04,0.04,1
APP105415,43,Female,Telangana,Salaried,54200.0,719,Vehicle,243000.0,36,12.52,8132.0,2,0,2025-03-11,0.45,0
APP101269,50,Female,Delhi,Salaried,64300.0,667,Home Renovation,212000.0,24,13.84,10163.0,0,1,2024-03-04,0.16,0
APP105948,39,Male,Delhi,Business Owner,74500.0,848,Home Renovation,160000.0,24,10.8,7442.0,3,1,2025-12-23,0.4,0
APP104559,26,Female,Gujarat,Salaried,47700.0,678,Personal,246000.0,60,11.5,5410.0,0,0,2024-05-28,0.11,0
APP102031,24,Male,Punjab,Salaried,35400.0,648,Education,191000.0,48,12.69,5095.0,2,3,2024-02-04,0.43,1
APP100945,56,Male,Telangana,Salaried,39400.0,822,Medical,195000.0,60,11.8,4318.0,1,0,2025-06-10,0.22,0
APP101689,36,Male,Gujarat,Self-Employed,43500.0,609,Home Renovation,427000.0,60,14.07,9951.0,0,0,2024-03-21,0.23,0
APP105365,39,Male,Uttar Pradesh,Business Owner,92900.0,551,Personal,243000.0,48,13.71,6605.0,1,2,2024-03-15,0.14,1
APP100072,49,Male,Uttar Pradesh,Salaried,45800.0,801,Business Expansion,239000.0,24,10.03,11032.0,1,1,2025-09-23,0.48,0
APP104822,57,Male,Tamil Nadu,Salaried,,665,Personal,72000.0,24,12.81,3417.0,0,1,2024-11-02,0.08,1
APP105033,26,Male,Tamil Nadu,Salaried,16400.0,633,Personal,451000.0,24,12.77,21393.0,0,0,2024-01-01,1.3,0
APP104298,51,Male,Uttar Pradesh,Self-Employed,36000.0,609,Medical,560000.0,36,13.11,18898.0,1,0,2024-05-23,1.05,1
APP100994,31,Female,Karnataka,Salaried,42000.0,494,Home Renovation,71000.0,36,15.15,2466.0,0,0,2024-09-10,0.06,1
APP100762,57,Male,Karnataka,Self-Employed,65000.0,637,Vehicle,161000.0,48,11.32,4186.0,1,2,2024-03-11,0.13,0
APP102137,27,Male,Delhi,Salaried,42400.0,580,Personal,380000.0,12,15.91,34462.0,0,1,2025-02-26,0.81,1
APP102835,28,Male,Rajasthan,Salaried,45100.0,664,Personal,20000.0,48,14.63,553.0,1,0,2025-03-22,0.02,0
APP100173,57,Male,Karnataka,Self-Employed,41200.0,651,Personal,374000.0,48,12.27,9899.0,1,1,2025-01-30,0.48,0
APP102065,45,Male,Maharashtra,Salaried,49900.0,685,Education,286000.0,36,10.52,9298.0,0,2,2024-01-08,0.19,1
APP102856,35,Female,Karnataka,Self-Employed,65900.0,566,Vehicle,20000.0,48,14.49,551.0,0,1,2025-08-29,0.01,1
APP101734,58,Male,West Bengal,Self-Employed,72000.0,665,Personal,292000.0,48,14.33,8028.0,2,0,2024-05-17,0.33,0
APP105422,26,Male,Delhi,Salaried,33600.0,635,Education,461000.0,12,14.51,41503.0,0,2,2024-08-13,1.24,1
APP103736,55,Male,Gujarat,Business Owner,33000.0,697,Personal,155000.0,48,13.17,4171.0,1,2,2024-09-16,0.25,1
APP104828,56,Female,Telangana,Business Owner,79900.0,736,Personal,457000.0,24,11.22,21346.0,1,3,2025-06-10,0.53,1
APP102852,48,Male,Karnataka,Salaried,37900.0,633,Medical,267000.0,24,13.98,12817.0,1,0,2024-08-12,0.68,0
APP102511,21,Male,Uttar Pradesh,Salaried,13700.0,701,Personal,92000.0,36,13.59,3126.0,0,0,2024-05-28,0.23,1
APP102958,43,Female,Maharashtra,Salaried,59800.0,621,Personal,81000.0,24,14.64,3914.0,0,1,2025-12-26,0.07,0
APP103187,21,Female,Telangana,Salaried,47800.0,711,Home Renovation,424000.0,24,12.16,19991.0,1,2,2024-01-28,0.84,0
APP103175,52,Female,Gujarat,Self-Employed,47600.0,583,Medical,364000.0,24,14.52,17566.0,1,1,2025-06-23,0.74,0
APP101780,24,Male,Delhi,Self-Employed,65600.0,838,Business Expansion,236000.0,12,11.16,20876.0,1,2,2025-08-30,0.64,0
APP102351,40,Male,Uttar Pradesh,Salaried,32100.0,774,Medical,298000.0,60,11.07,6490.0,1,0,2025-04-14,0.4,0
APP101775,33,Male,Telangana,Salaried,36800.0,614,Home Renovation,273000.0,24,13.87,13091.0,0,1,2024-03-12,0.36,0
APP101534,38,Male,Uttar Pradesh,Salaried,44500.0,569,Education,466000.0,36,14.81,16111.0,0,1,2025-09-03,0.36,1
APP100838,56,Female,Maharashtra,Self-Employed,28800.0,524,Personal,421000.0,36,14.71,14534.0,1,1,2024-05-27,1.01,0
APP103105,34,Female,Maharashtra,Self-Employed,44400.0,665,Personal,124000.0,12,13.57,11109.0,1,0,2024-07-02,0.5,1
APP103765,50,Male,Gujarat,Salaried,32900.0,674,Home Renovation,64000.0,48,15.38,1794.0,0,2,2025-12-28,0.05,0
APP103334,48,Male,Karnataka,Salaried,73600.0,583,Personal,28000.0,24,15.18,1360.0,0,1,2025-08-23,0.02,0
APP104573,31,Male,Maharashtra,Business Owner,80100.0,627,Medical,358000.0,24,12.67,16965.0,2,2,2025-01-10,0.64,0
APP100864,34,Male,Telangana,Salaried,36200.0,742,Home Renovation,201000.0,24,12.3,9490.0,1,0,2024-07-20,0.52,0
APP105551,39,Male,Karnataka,Salaried,47300.0,557,Vehicle,338000.0,60,16.38,8288.0,0,1,2025-11-29,0.18,1
APP104611,36,Male,Punjab,Business Owner,50600.0,807,Personal,99000.0,12,10.93,8747.0,0,1,2024-10-31,0.17,0
APP100116,35,Male,Tamil Nadu,Self-Employed,21300.0,646,Education,443000.0,36,13.71,15078.0,0,3,2024-09-05,0.71,1
APP104653,55,Male,Rajasthan,Self-Employed,24000.0,672,Medical,249000.0,84,14.16,4688.0,0,2,2024-06-04,0.2,1
APP103676,53,Male,Delhi,Self-Employed,50800.0,552,Personal,566000.0,84,13.65,10498.0,2,0,2024-07-21,0.62,1
APP101903,59,Female,Delhi,Self-Employed,28400.0,806,Personal,272000.0,48,10.56,6972.0,1,1,2024-09-27,0.49,0
APP100298,43,Male,Karnataka,Self-Employed,15800.0,637,Business Expansion,224000.0,24,15.12,10874.0,0,4,2025-01-26,0.69,1
APP100371,45,Female,Tamil Nadu,Self-Employed,27800.0,648,Personal,293000.0,48,13.85,7985.0,1,0,2025-04-26,0.57,1
APP101899,24,Male,Uttar Pradesh,Salaried,55900.0,658,Personal,301000.0,24,12.07,14179.0,0,2,2025-12-28,0.25,0
APP101293,57,Male,West Bengal,Salaried,29600.0,628,Vehicle,303000.0,48,12.44,8045.0,0,0,2025-05-05,0.27,0
APP100266,42,Male,Gujarat,Self-Employed,36000.0,678,Education,140000.0,84,13.1,2554.0,1,1,2025-05-22,0.14,0
APP100160,52,Female,Rajasthan,Self-Employed,41200.0,610,Business Expansion,294000.0,12,13.75,26363.0,0,2,2024-12-24,0.64,1
APP101784,58,Male,Maharashtra,Salaried,63800.0,661,Education,369000.0,12,13.18,32989.0,2,0,2024-10-20,1.55,1
APP104898,51,Male,Telangana,Salaried,24600.0,657,Business Expansion,255000.0,24,12.93,12115.0,1,0,2025-04-17,0.98,0
APP105462,39,Male,West Bengal,Salaried,52400.0,712,Home Renovation,145000.0,60,12.69,3276.0,0,1,2024-08-17,0.06,0
APP101029,49,Male,Telangana,Self-Employed,18100.0,687,Medical,20000.0,48,13.74,544.0,1,3,2024-08-04,0.06,0
APP100519,25,Male,West Bengal,Business Owner,43400.0,612,Medical,353000.0,24,14.79,17081.0,0,2,2024-09-10,0.39,1
APP103837,56,Male,Delhi,Business Owner,86300.0,627,Home Renovation,185000.0,84,15.42,3614.0,1,1,2024-10-30,0.08,0
APP102446,44,Male,Tamil Nadu,Salaried,39400.0,701,Personal,102000.0,24,13.18,4858.0,1,2,2025-08-17,0.25,0
APP103114,54,Male,Karnataka,Self-Employed,56700.0,499,Education,469000.0,24,14.16,22554.0,0,0,2025-11-02,0.4,1
APP103911,37,Male,Rajasthan,Salaried,30600.0,452,Business Expansion,20000.0,36,14.94,693.0,1,0,2024-08-26,0.05,1
APP101914,53,Male,Tamil Nadu,Salaried,35000.0,587,Education,345000.0,12,14.76,31100.0,2,1,2025-09-19,2.67,1
APP105550,42,Female,Maharashtra,Self-Employed,29500.0,832,Personal,41000.0,24,11.75,1925.0,1,2,2024-04-15,0.13,0
APP105809,27,Female,Tamil Nadu,Self-Employed,52000.0,830,Medical,45000.0,48,10.28,1147.0,0,3,2025-03-20,0.02,0
APP104204,42,Male,Delhi,Salaried,40500.0,551,Personal,554000.0,24,15.3,26941.0,0,0,2024-11-02,0.67,0
APP101609,28,Male,Delhi,Salaried,77200.0,661,Vehicle,20000.0,24,11.85,940.0,2,4,2025-08-01,0.04,0
APP104205,37,Male,Punjab,Business Owner,27600.0,629,Personal,115000.0,12,15.69,10417.0,1,0,2024-01-22,0.75,1
APP102923,40,Female,Delhi,Self-Employed,31600.0,769,Education,315000.0,12,12.93,28125.0,1,0,2024-09-22,1.78,0
APP105290,33,Male,West Bengal,Self-Employed,12000.0,824,Medical,211000.0,48,11.14,5468.0,0,3,2024-08-20,0.46,0
APP100395,59,Male,Karnataka,Self-Employed,20300.0,656,Vehicle,358000.0,12,11.96,31801.0,0,1,2024-10-12,1.57,0
APP100094,32,Male,Rajasthan,Salaried,41400.0,600,Business Expansion,407000.0,48,13.23,10965.0,0,2,2024-03-28,0.26,0
APP103839,35,Male,Uttar Pradesh,Salaried,48800.0,624,Medical,112000.0,36,13.56,3804.0,0,0,2025-04-07,0.08,1
APP104756,30,Female,Maharashtra,Salaried,39700.0,695,Education,477000.0,84,13.04,8688.0,0,6,2024-04-16,0.22,1
APP101785,39,Male,Uttar Pradesh,Self-Employed,12000.0,660,Personal,390000.0,12,15.48,35289.0,0,3,2024-05-16,2.94,1
APP101983,33,Male,Uttar Pradesh,Business Owner,147900.0,568,Business Expansion,259000.0,36,14.04,8857.0,1,1,2024-03-31,0.12,1
APP101936,59,Male,Uttar Pradesh,Salaried,35800.0,620,Personal,112000.0,48,14.73,3102.0,2,0,2025-06-20,0.26,0
APP103364,21,Male,Karnataka,Salaried,35200.0,582,Medical,40000.0,36,14.76,1382.0,2,2,2024-06-01,0.12,0
APP100901,53,Male,Punjab,Salaried,36300.0,738,Personal,453000.0,24,13.47,21637.0,0,4,2024-12-24,0.6,0
APP104865,33,Male,Rajasthan,Self-Employed,48800.0,568,Personal,326000.0,24,14.7,15760.0,0,1,2024-09-08,0.32,1
APP103938,53,Female,Gujarat,Self-Employed,51200.0,463,Vehicle,435000.0,84,16.43,8747.0,0,2,2024-09-15,0.17,1
APP101033,39,Female,Karnataka,Salaried,64000.0,895,Vehicle,307000.0,36,9.28,9803.0,2,1,2024-09-23,0.46,0
APP104349,57,Female,West Bengal,Self-Employed,48600.0,502,Home Renovation,208000.0,36,16.17,7330.0,1,1,2024-03-10,0.3,1
APP104893,41,Female,Uttar Pradesh,Salaried,31000.0,533,Education,278000.0,36,16.69,9869.0,2,2,2025-07-27,0.96,0
APP105671,37,Male,Uttar Pradesh,Salaried,26300.0,695,Education,279000.0,48,12.14,7366.0,1,0,2024-07-25,0.56,0
APP104566,55,Male,Telangana,Business Owner,80000.0,540,Medical,378000.0,60,12.39,8483.0,0,2,2024-06-19,0.11,0
APP100604,38,Female,Delhi,Salaried,34100.0,472,Business Expansion,270000.0,36,15.13,9377.0,1,0,2024-10-15,0.55,1
APP105769,50,Male,Rajasthan,Salaried,27700.0,748,Personal,50000.0,84,12.26,890.0,0,1,2024-05-23,0.03,1
APP100881,57,Male,Delhi,Self-Employed,12000.0,579,Vehicle,20000.0,24,14.63,966.0,1,2,2025-07-20,0.16,1
APP105120,58,Male,Punjab,Salaried,30300.0,600,Vehicle,154000.0,48,13.43,4164.0,3,2,2025-07-04,0.55,0
APP102804,58,Male,Rajasthan,Business Owner,,652,Education,357000.0,48,12.66,9517.0,0,1,2025-12-11,0.32,0
APP101431,56,Female,West Bengal,Self-Employed,12000.0,513,Home Renovation,176000.0,60,14.9,4178.0,0,0,2024-08-10,0.35,1
APP105081,42,Female,West Bengal,Self-Employed,47900.0,900,Education,212000.0,24,11.04,9885.0,3,0,2025-08-02,0.83,0
APP103650,43,Male,Gujarat,Salaried,53300.0,678,Business Expansion,436000.0,48,13.38,11779.0,1,2,2025-08-06,0.44,1
APP105941,29,Male,Punjab,Salaried,41600.0,807,Personal,335000.0,36,10.76,10929.0,2,0,2024-03-25,0.79,0
APP104228,28,Female,Telangana,Self-Employed,22200.0,809,Vehicle,20000.0,36,11.6,660.0,3,0,2025-02-26,0.12,0
APP104195,42,Female,Delhi,Self-Employed,23300.0,676,Home Renovation,179000.0,84,12.92,3249.0,0,2,2024-12-08,0.14,0
APP100112,34,Male,Delhi,Self-Employed,26300.0,693,Vehicle,235000.0,36,10.72,7662.0,0,1,2025-08-10,0.29,0
APP102365,37,Male,Tamil Nadu,Self-Employed,77700.0,656,Education,328000.0,60,12.88,7443.0,2,1,2024-02-06,0.29,0
APP101321,25,Male,Tamil Nadu,Business Owner,12000.0,803,Vehicle,20000.0,24,11.84,940.0,0,2,2024-06-24,0.08,0
APP104416,22,Female,Uttar Pradesh,Salaried,44600.0,785,Education,431000.0,36,9.73,13853.0,1,2,2025-09-05,0.62,0
APP102576,23,Male,Uttar Pradesh,Salaried,49100.0,677,Personal,258000.0,48,13.1,6934.0,1,1,2025-09-08,0.28,1
APP100947,46,Female,Telangana,Salaried,50000.0,619,Vehicle,20000.0,12,14.14,1797.0,0,1,2025-11-25,0.04,0
APP105169,54,Male,Punjab,Self-Employed,12000.0,770,Home Renovation,234000.0,36,9.93,7543.0,1,1,2024-07-26,1.26,0
APP101587,28,Male,Uttar Pradesh,Salaried,21700.0,668,Medical,222000.0,84,13.5,4099.0,1,1,2025-07-18,0.38,0
APP105307,33,Female,Karnataka,Salaried,35200.0,716,Home Renovation,357000.0,24,12.31,16857.0,2,0,2024-08-31,1.44,1
APP101177,39,Male,Maharashtra,Self-Employed,,743,Home Renovation,188000.0,36,12.23,6265.0,0,0,2025-09-16,0.14,1
APP102641,38,Male,Gujarat,Salaried,22900.0,586,Medical,166000.0,48,13.43,4489.0,1,1,2024-09-22,0.39,0
APP104599,32,Male,Maharashtra,Salaried,25400.0,485,Personal,219000.0,48,14.09,5994.0,1,0,2025-09-19,0.47,1
APP102592,32,Female,Delhi,Salaried,34600.0,743,Home Renovation,231000.0,12,11.24,20442.0,1,0,2025-03-23,1.18,0
APP105663,49,Male,Tamil Nadu,Business Owner,80600.0,679,Home Renovation,155000.0,60,13.94,3602.0,0,2,2024-09-05,0.04,0
APP100630,25,Female,Uttar Pradesh,Self-Employed,32900.0,734,Home Renovation,293000.0,60,12.82,6640.0,0,1,2025-09-09,0.2,0
APP104251,51,Male,Telangana,Salaried,37500.0,675,Personal,475000.0,48,14.05,12992.0,2,1,2025-08-14,1.04,0
APP104696,58,Female,Rajasthan,Self-Employed,20300.0,799,Vehicle,20000.0,24,11.52,937.0,1,0,2024-04-04,0.09,0
APP103260,23,Male,Maharashtra,Business Owner,,667,Business Expansion,97000.0,36,13.26,3280.0,0,0,2024-05-17,0.04,0
APP105891,48,Female,Tamil Nadu,Salaried,24500.0,575,Vehicle,419000.0,48,14.54,11564.0,1,3,2025-02-11,0.94,1
APP100333,48,Female,Gujarat,Salaried,52200.0,709,Personal,487000.0,36,11.96,16166.0,0,1,2025-02-28,0.31,0
APP103432,59,Female,Tamil Nadu,Salaried,63400.0,689,Vehicle,131000.0,24,12.87,6220.0,1,1,2024-07-14,0.2,0
APP103591,37,Male,West Bengal,Salaried,52900.0,633,Personal,179000.0,36,15.09,6213.0,0,0,2024-05-11,0.12,1
APP103477,37,Male,Telangana,Salaried,33600.0,617,Education,230000.0,36,14.35,7900.0,1,3,2025-03-26,0.47,0
APP102683,53,Male,Maharashtra,Self-Employed,78700.0,617,Personal,166000.0,36,13.91,5666.0,1,0,2024-09-28,0.14,0
APP103380,26,Female,Delhi,Salaried,,765,Personal,255000.0,24,12.74,12092.0,0,2,2025-06-08,0.36,0
APP101614,38,Male,Rajasthan,Self-Employed,26100.0,693,Vehicle,400000.0,60,14.03,9314.0,1,3,2024-09-01,0.71,1
APP105764,44,Male,Uttar Pradesh,Salaried,41300.0,596,Personal,263000.0,24,14.47,12686.0,0,0,2024-01-04,0.31,1
APP104437,50,Male,West Bengal,Business Owner,19600.0,785,Vehicle,419000.0,60,11.19,9150.0,4,3,2024-03-30,2.33,0
APP102687,47,Female,Delhi,Salaried,26900.0,748,Personal,229000.0,48,10.86,5903.0,0,1,2024-06-20,0.22,0
APP102156,21,Male,Maharashtra,Self-Employed,32200.0,661,Vehicle,297000.0,48,12.37,7875.0,1,0,2025-09-17,0.49,0
APP104633,43,Male,Uttar Pradesh,Self-Employed,36700.0,748,Vehicle,195000.0,60,12.73,4410.0,1,1,2024-10-10,0.24,1
APP105727,36,Female,Uttar Pradesh,Salaried,39000.0,559,Business Expansion,294000.0,60,14.7,6948.0,0,0,2025-02-13,0.18,0
APP101742,49,Male,Karnataka,Self-Employed,54100.0,604,Business Expansion,43000.0,36,12.47,1438.0,1,1,2024-10-22,0.05,0
APP105181,44,Female,Punjab,Self-Employed,27200.0,560,Business Expansion,64000.0,24,12.81,3037.0,0,2,2024-10-22,0.11,0
APP104511,51,Male,Uttar Pradesh,Salaried,62600.0,505,Personal,230000.0,48,16.71,6602.0,0,2,2024-05-04,0.11,0
APP103360,24,Male,Maharashtra,Self-Employed,27100.0,831,Personal,95000.0,60,10.3,2033.0,1,1,2024-07-12,0.15,1
APP101877,56,Male,Punjab,Self-Employed,87400.0,637,Home Renovation,293000.0,12,12.78,26140.0,1,1,2024-05-10,0.6,1
APP100384,49,Male,Uttar Pradesh,Salaried,43100.0,535,Medical,289000.0,60,14.5,6800.0,2,1,2025-12-10,0.47,0
APP102089,52,Female,Rajasthan,Salaried,32000.0,628,Personal,314000.0,60,13.71,7259.0,2,0,2024-01-17,0.68,0
APP105374,39,Female,West Bengal,Self-Employed,44000.0,800,Home Renovation,324000.0,24,9.48,14873.0,0,1,2025-03-15,0.34,0
APP102162,57,Male,Karnataka,Self-Employed,20700.0,726,Home Renovation,121000.0,36,13.45,4103.0,2,1,2024-09-14,0.59,1
APP105726,26,Female,Uttar Pradesh,Business Owner,79400.0,801,Vehicle,307000.0,48,11.0,7935.0,1,0,2025-10-01,0.2,1
APP101923,52,Female,Karnataka,Salaried,,581,Medical,216000.0,24,13.7,10340.0,0,3,2024-08-12,0.19,1
APP105434,48,Male,Tamil Nadu,Salaried,51400.0,752,Personal,142000.0,48,12.15,3750.0,0,1,2025-11-15,0.07,0
APP102841,40,Male,Rajasthan,Salaried,45900.0,774,Home Renovation,585000.0,36,12.01,19433.0,0,2,2025-05-31,0.42,0
APP100287,49,Male,Maharashtra,Salaried,42900.0,725,Business Expansion,455000.0,24,11.13,21234.0,0,1,2025-07-19,0.49,0
APP102212,25,Male,Maharashtra,Salaried,44700.0,801,Vehicle,407000.0,24,11.89,19138.0,1,0,2025-07-15,0.86,1
APP105228,57,Female,Maharashtra,Salaried,46400.0,688,Home Renovation,347000.0,36,13.39,11757.0,0,1,2025-02-25,0.25,1
APP105094,39,Male,Delhi,Self-Employed,93300.0,753,Personal,182000.0,48,10.51,4661.0,1,1,2024-08-21,0.1,0
APP104433,29,Male,Rajasthan,Salaried,59400.0,734,Business Expansion,311000.0,24,13.2,14815.0,1,1,2024-11-07,0.5,0
APP102369,34,Female,Tamil Nadu,Self-Employed,28300.0,691,Education,341000.0,60,12.72,7710.0,1,1,2025-11-24,0.54,0
APP103475,46,Male,Delhi,Salaried,63600.0,579,Personal,20000.0,60,16.19,488.0,0,2,2024-03-26,0.01,1
APP100027,36,Male,Telangana,Salaried,56300.0,793,Home Renovation,356000.0,60,11.51,7831.0,0,3,2024-10-09,0.14,0
APP104335,29,Female,Uttar Pradesh,Salaried,41200.0,712,Personal,296000.0,36,14.86,10241.0,1,0,2025-02-15,0.5,0
APP101109,55,Male,Maharashtra,Salaried,35100.0,573,Personal,379000.0,24,14.09,18213.0,1,0,2025-04-14,1.04,0
APP103816,56,Male,West Bengal,Salaried,45200.0,639,Medical,98000.0,36,14.95,3395.0,1,2,2024-04-17,0.15,0
APP103179,43,Male,Maharashtra,Salaried,71900.0,517,Home Renovation,47000.0,60,15.79,1138.0,1,2,2024-12-18,0.03,1
APP103568,41,Female,Karnataka,Salaried,,644,Medical,469000.0,36,12.14,15609.0,0,1,2024-08-04,1.3,1
APP103158,33,Female,Maharashtra,Salaried,40400.0,749,Vehicle,20000.0,36,11.0,655.0,0,1,2024-06-24,0.02,0
APP101224,36,Female,Uttar Pradesh,Salaried,45300.0,600,Education,172000.0,36,13.27,5818.0,1,2,2025-09-01,0.26,1
APP104754,54,Female,Maharashtra,Self-Employed,69100.0,729,Home Renovation,295000.0,24,12.9,14011.0,1,2,2025-10-18,0.41,0
APP105604,42,Male,West Bengal,Self-Employed,49400.0,798,Vehicle,252000.0,48,11.85,6618.0,1,0,2025-05-22,0.27,1
APP103781,58,Male,Karnataka,Business Owner,43800.0,643,Education,20000.0,24,12.1,942.0,0,0,2025-04-13,0.02,0
APP104064,46,Female,Telangana,Salaried,33500.0,661,Business Expansion,178000.0,24,14.05,8550.0,0,0,2025-01-23,0.26,1
APP104432,35,Male,Maharashtra,Self-Employed,36900.0,757,Home Renovation,189000.0,24,11.97,8894.0,1,2,2024-08-15,0.48,0
APP102176,58,Female,West Bengal,Salaried,30300.0,709,Home Renovation,245000.0,12,12.58,21834.0,0,1,2025-08-17,0.72,0
APP100525,21,Male,Gujarat,Salaried,51800.0,672,Medical,63000.0,60,12.32,1412.0,0,2,2025-07-27,0.03,1
APP104452,28,Male,Uttar Pradesh,Salaried,66000.0,577,Business Expansion,133000.0,36,14.54,4581.0,0,1,2025-02-16,0.07,0
APP105288,32,Male,Maharashtra,Salaried,50000.0,668,Vehicle,81000.0,12,11.92,7194.0,0,2,2024-01-12,0.14,0
APP105598,41,Male,Uttar Pradesh,Salaried,28200.0,684,Education,378000.0,12,11.15,33435.0,0,0,2024-10-26,1.19,1
APP103879,41,Male,Uttar Pradesh,Salaried,33400.0,755,Medical,260000.0,12,12.27,23134.0,1,0,2025-05-10,1.39,0
APP100506,49,Male,Karnataka,Salaried,44300.0,754,Medical,132000.0,84,10.24,2208.0,0,1,2025-12-03,0.05,1
APP105765,27,Male,Rajasthan,Self-Employed,28800.0,591,Business Expansion,260000.0,24,14.89,12593.0,1,0,2025-08-14,0.87,1
APP105898,45,Female,Delhi,Self-Employed,27200.0,646,Personal,161000.0,84,13.11,2939.0,2,0,2025-04-26,0.32,0
APP102062,40,Male,Delhi,Self-Employed,63800.0,789,Education,168000.0,36,11.37,5530.0,0,2,2025-05-25,0.09,0
APP101223,30,Female,Punjab,Salaried,38300.0,763,Home Renovation,416000.0,24,13.53,19881.0,3,1,2025-08-13,2.08,0
APP102444,41,Female,Maharashtra,Salaried,50900.0,532,Medical,20000.0,24,14.58,966.0,0,1,2024-07-09,0.02,1
APP103508,25,Female,Punjab,Self-Employed,62000.0,697,Home Renovation,299000.0,12,11.75,26531.0,1,1,2025-01-05,0.86,1
APP105035,51,Male,Punjab,Self-Employed,32300.0,803,Personal,352000.0,24,11.35,16463.0,0,1,2024-04-18,0.51,0
APP103312,32,Female,Uttar Pradesh,Business Owner,77100.0,642,Medical,362000.0,84,13.79,6742.0,1,1,2024-04-05,0.17,0
APP104030,55,Female,Karnataka,Salaried,27900.0,797,Education,20000.0,12,9.87,1757.0,0,1,2024-03-08,0.06,0
APP101695,21,Female,Tamil Nadu,Salaried,57100.0,628,Personal,378000.0,36,13.68,12860.0,1,1,2025-07-24,0.45,1
APP101449,27,Female,West Bengal,Self-Employed,38600.0,725,Vehicle,266000.0,36,11.26,8741.0,2,0,2025-11-01,0.68,0
APP105538,45,Male,Delhi,Self-Employed,12000.0,647,Vehicle,215000.0,12,12.98,19201.0,2,0,2025-06-20,4.8,1
APP103067,55,Male,Delhi,Self-Employed,16300.0,675,Home Renovation,346000.0,48,13.43,9356.0,0,0,2025-12-07,0.57,1
APP101626,27,Male,Maharashtra,Business Owner,68900.0,712,Education,277000.0,84,13.41,5101.0,0,0,2024-09-18,0.07,0
APP101264,53,Male,Karnataka,Salaried,39000.0,724,Business Expansion,73000.0,12,11.18,6458.0,0,1,2024-07-02,0.17,1
APP105321,32,Male,Delhi,Salaried,31700.0,696,Personal,562000.0,24,14.81,27199.0,0,0,2025-02-01,0.86,0
APP104456,31,Female,Gujarat,Self-Employed,35100.0,614,Home Renovation,109000.0,48,13.86,2971.0,1,0,2024-01-07,0.17,1
APP100877,34,Male,Telangana,Salaried,53500.0,709,Education,274000.0,48,12.76,7318.0,0,2,2025-12-04,0.14,0
APP104512,44,Male,Karnataka,Salaried,47300.0,620,Medical,247000.0,60,12.0,5494.0,0,2,2025-08-06,0.12,1
APP105880,50,Male,Delhi,Self-Employed,66500.0,630,Home Renovation,195000.0,12,14.51,17555.0,0,1,2024-03-18,0.26,0
APP103940,39,Female,Maharashtra,Salaried,54700.0,637,Medical,267000.0,36,12.78,8968.0,0,1,2024-10-25,0.16,0
APP103478,38,Female,Gujarat,Salaried,18300.0,753,Personal,295000.0,24,12.28,13925.0,0,1,2024-03-24,0.76,1
APP100013,23,Female,Telangana,Business Owner,98800.0,663,Home Renovation,86000.0,12,12.36,7655.0,0,1,2025-01-13,0.08,0
APP100481,32,Male,Karnataka,Business Owner,29800.0,706,Home Renovation,274000.0,36,13.67,9321.0,2,0,2025-10-26,0.94,1
APP105957,23,Female,Karnataka,Salaried,,678,Home Renovation,256000.0,48,11.38,6664.0,0,3,2025-05-11,0.1,0
APP105052,36,Male,Uttar Pradesh,Salaried,34300.0,606,Personal,454000.0,24,13.51,21693.0,0,1,2024-03-02,0.63,0
APP105878,46,Female,Uttar Pradesh,Salaried,44300.0,682,Business Expansion,107000.0,60,14.31,2507.0,1,0,2024-07-14,0.11,0
APP103217,37,Male,Tamil Nadu,Salaried,15900.0,855,Personal,99000.0,12,10.07,8707.0,2,1,2025-12-09,1.64,0
APP104247,37,Male,Telangana,Self-Employed,51400.0,740,Home Renovation,336000.0,48,12.06,8858.0,0,0,2024-04-19,0.17,0
APP102424,40,Male,Telangana,Self-Employed,28100.0,735,Personal,281000.0,48,11.94,7392.0,1,0,2024-04-30,0.53,0
APP102552,43,Male,Karnataka,Self-Employed,12000.0,604,Personal,435000.0,60,15.14,10381.0,0,2,2024-11-03,0.87,0
APP101287,50,Male,Delhi,Salaried,51300.0,572,Medical,218000.0,60,15.44,5237.0,0,3,2024-12-16,0.1,0
APP105534,51,Male,Tamil Nadu,Business Owner,56000.0,625,Personal,294000.0,12,13.02,26262.0,1,1,2024-12-22,0.94,1
APP100857,35,Female,Delhi,Salaried,70700.0,758,Business Expansion,401000.0,36,11.71,13263.0,0,2,2025-03-29,0.19,1
APP102551,59,Male,Tamil Nadu,Business Owner,27200.0,551,Education,454000.0,60,13.92,10545.0,1,0,2025-08-12,0.78,1
APP103129,49,Male,Uttar Pradesh,Business Owner,23400.0,724,Personal,190000.0,24,13.66,9092.0,0,1,2025-11-04,0.39,0
APP100046,55,Male,Telangana,Business Owner,49000.0,675,Business Expansion,79000.0,60,11.34,1731.0,0,0,2024-04-07,0.04,0
APP102918,27,Male,Maharashtra,Self-Employed,45200.0,705,Personal,343000.0,24,12.1,16162.0,1,0,2024-04-10,0.72,0
APP105266,52,Male,Gujarat,Self-Employed,41100.0,546,Vehicle,143000.0,48,14.61,3952.0,0,1,2024-12-24,0.1,0
APP102314,28,Female,Karnataka,Self-Employed,63500.0,719,Vehicle,71000.0,24,10.97,3308.0,3,4,2025-11-11,0.21,0
APP105745,38,Female,Punjab,Salaried,44800.0,786,Education,314000.0,12,9.77,27572.0,0,3,2025-07-26,0.62,0
APP102385,32,Male,Maharashtra,Self-Employed,22000.0,392,Education,238000.0,48,17.17,6888.0,0,2,2024-12-02,0.31,1
APP100899,45,Female,Uttar Pradesh,Salaried,31800.0,483,Vehicle,294000.0,36,14.36,10100.0,1,1,2025-03-03,0.64,1
APP101022,52,Male,Maharashtra,Business Owner,89700.0,699,Home Renovation,322000.0,48,13.73,8756.0,1,0,2024-07-24,0.2,0
APP100232,36,Female,Delhi,Self-Employed,15300.0,779,Home Renovation,134000.0,24,10.53,6216.0,2,0,2024-11-08,1.22,1
APP100941,32,Male,Telangana,Salaried,49800.0,653,Vehicle,147000.0,48,13.97,4015.0,0,0,2024-10-27,0.08,0
APP105619,27,Female,Maharashtra,Salaried,53900.0,649,Medical,96000.0,12,14.13,8625.0,1,0,2024-03-11,0.32,0
APP105702,22,Male,Delhi,Self-Employed,51600.0,680,Business Expansion,534000.0,36,12.38,17834.0,0,2,2025-05-20,0.35,0
APP105871,21,Female,Telangana,Business Owner,26200.0,563,Business Expansion,211000.0,60,13.5,4855.0,0,3,2024-05-24,0.19,0
APP105066,23,Male,Gujarat,Self-Employed,12000.0,719,Personal,199000.0,60,11.81,4408.0,1,2,2025-09-11,0.73,0
APP103237,33,Male,Tamil Nadu,Self-Employed,46200.0,730,Medical,321000.0,60,12.94,7294.0,3,1,2025-12-23,0.63,0
APP105442,34,Female,Uttar Pradesh,Salaried,56300.0,546,Medical,485000.0,36,15.92,17032.0,0,5,2025-07-07,0.3,1
APP105060,49,Female,Telangana,Business Owner,12000.0,590,Home Renovation,148000.0,84,13.11,2701.0,1,4,2025-11-01,0.45,1
APP104595,41,Male,Karnataka,Salaried,,681,Home Renovation,273000.0,48,14.24,7493.0,0,1,2024-10-14,0.11,0
APP104168,43,Male,Karnataka,Self-Employed,,376,Business Expansion,238000.0,48,17.27,6901.0,0,3,2024-07-08,0.19,0
APP101809,55,Female,West Bengal,Self-Employed,29600.0,592,Home Renovation,196000.0,48,16.62,5617.0,1,1,2025-11-03,0.38,0
APP104393,33,Male,Maharashtra,Salaried,25500.0,497,Personal,106000.0,24,16.0,5190.0,0,0,2024-04-05,0.2,1
APP102221,48,Male,Rajasthan,Self-Employed,48700.0,609,Medical,226000.0,24,13.56,10804.0,0,3,2024-03-01,0.22,1
APP101165,31,Male,Maharashtra,Salaried,50200.0,708,Medical,304000.0,24,12.71,14411.0,0,2,2024-12-28,0.29,0
APP100204,23,Male,Uttar Pradesh,Salaried,44900.0,742,Personal,367000.0,48,11.42,9560.0,0,0,2024-11-30,0.21,0
APP104946,30,Female,Tamil Nadu,Salaried,17000.0,732,Personal,209000.0,48,11.88,5491.0,0,1,2024-05-04,0.32,0
APP100906,26,Male,Telangana,Self-Employed,54600.0,738,Personal,202000.0,24,12.56,9562.0,1,1,2024-08-01,0.35,0
APP103689,43,Male,Karnataka,Salaried,63400.0,729,Home Renovation,538000.0,12,11.79,47748.0,4,2,2024-03-30,3.77,1
APP103225,39,Male,Maharashtra,Salaried,47600.0,597,Personal,381000.0,48,13.26,10271.0,2,3,2024-08-23,0.65,1
APP105353,50,Female,Punjab,Salaried,35600.0,706,Vehicle,408000.0,36,12.8,13708.0,1,1,2024-05-20,0.77,1
APP103509,41,Female,Karnataka,Salaried,75900.0,753,Personal,162000.0,24,12.53,7666.0,0,0,2024-12-18,0.1,0
APP101162,46,Female,Karnataka,Salaried,52400.0,604,Business Expansion,355000.0,36,15.07,12318.0,1,4,2025-04-14,0.47,0
APP104659,44,Male,Telangana,Salaried,65500.0,587,Business Expansion,479000.0,24,13.35,22851.0,0,0,2024-05-17,0.35,0
APP102729,24,Male,Karnataka,Salaried,49300.0,649,Education,329000.0,60,11.79,7284.0,1,1,2024-04-11,0.3,0
APP101600,31,Male,Maharashtra,Salaried,43700.0,821,Medical,120000.0,84,10.75,2039.0,0,1,2024-08-14,0.05,0
APP103037,38,Female,Delhi,Business Owner,73600.0,771,Education,239000.0,60,11.89,5303.0,1,0,2025-05-26,0.14,0
APP100086,55,Female,Delhi,Salaried,45600.0,736,Home Renovation,453000.0,24,11.72,21265.0,2,2,2024-11-16,1.4,1
APP101869,31,Male,Karnataka,Business Owner,35900.0,652,Education,361000.0,36,12.84,12136.0,0,3,2025-07-20,0.34,0
APP104008,23,Female,Karnataka,Business Owner,47500.0,639,Education,300000.0,24,13.31,14306.0,0,0,2025-06-11,0.3,0
APP102207,21,Female,West Bengal,Salaried,35900.0,830,Business Expansion,199000.0,36,10.46,6464.0,0,0,2025-07-19,0.18,0
APP103046,53,Female,Karnataka,Business Owner,50900.0,539,Home Renovation,327000.0,36,12.61,10957.0,1,1,2025-04-29,0.43,1
APP105963,32,Male,Karnataka,Business Owner,34800.0,704,Personal,241000.0,60,11.5,5300.0,3,1,2024-03-20,0.61,0
APP101963,28,Male,Gujarat,Salaried,60400.0,765,Personal,223000.0,24,12.6,10560.0,0,4,2025-03-13,0.17,0
APP100621,33,Male,Tamil Nadu,Salaried,56400.0,785,Personal,429000.0,12,12.2,38156.0,0,0,2025-10-05,0.68,0
APP105624,57,Male,Tamil Nadu,Salaried,69000.0,643,Personal,337000.0,48,13.63,9147.0,1,0,2025-05-19,0.27,1
APP104068,43,Female,Tamil Nadu,Salaried,24200.0,542,Personal,459000.0,36,14.9,15889.0,1,0,2024-11-11,1.31,1
APP105343,53,Female,Maharashtra,Salaried,54400.0,617,Medical,295000.0,48,13.93,8051.0,2,3,2024-10-14,0.44,0
APP100364,43,Male,West Bengal,Business Owner,56200.0,666,Vehicle,329000.0,24,12.63,15584.0,1,4,2024-09-25,0.55,0
APP103980,34,Male,Delhi,Salaried,45600.0,698,Personal,271000.0,48,12.05,7143.0,2,0,2025-03-15,0.47,0
APP104637,25,Female,West Bengal,Salaried,37200.0,621,Medical,96000.0,24,13.94,4607.0,0,2,2025-05-04,0.12,0
APP104833,38,Male,Gujarat,Salaried,36500.0,692,Education,236000.0,12,11.18,20878.0,1,1,2025-08-22,1.14,1
APP101292,38,Female,Tamil Nadu,Salaried,76000.0,743,Personal,214000.0,36,12.6,7169.0,0,1,2025-06-25,0.09,0
APP103975,21,Male,Maharashtra,Self-Employed,54800.0,767,Personal,240000.0,24,10.45,11125.0,0,0,2025-10-08,0.2,0
APP103154,35,Female,Delhi,Self-Employed,47000.0,745,Medical,248000.0,84,13.79,4619.0,1,0,2025-10-29,0.2,0
APP104174,25,Male,Tamil Nadu,Self-Employed,58900.0,632,Medical,354000.0,84,12.96,6432.0,1,1,2025-02-05,0.22,1
APP104903,52,Male,Uttar Pradesh,Salaried,48000.0,681,Education,254000.0,36,12.73,8525.0,0,0,2024-03-17,0.18,0
APP104156,41,Female,Karnataka,Self-Employed,47700.0,622,Medical,243000.0,24,13.82,11646.0,1,1,2025-12-13,0.49,0
APP104909,24,Female,Maharashtra,Business Owner,46300.0,791,Personal,473000.0,24,10.59,21956.0,1,0,2025-12-20,0.95,0
APP100999,47,Female,Karnataka,Salaried,46600.0,748,Education,140000.0,24,12.44,6619.0,2,1,2025-11-17,0.43,0
APP103172,49,Female,Uttar Pradesh,Salaried,36400.0,629,Vehicle,311000.0,60,14.16,7262.0,0,0,2024-11-15,0.2,1
APP101036,34,Female,Telangana,Salaried,43400.0,544,Personal,302000.0,36,14.55,10403.0,1,1,2025-10-03,0.48,0
APP105409,38,Female,Gujarat,Business Owner,37800.0,398,Personal,287000.0,24,19.03,14471.0,1,2,2024-05-30,0.77,0
APP101653,53,Male,Punjab,Salaried,13200.0,547,Home Renovation,152000.0,24,13.88,7289.0,0,1,2024-12-12,0.55,0
APP105433,37,Male,Tamil Nadu,Salaried,57400.0,863,Personal,471000.0,12,10.79,41582.0,3,0,2024-08-20,2.9,0
APP104065,22,Male,Uttar Pradesh,Salaried,45700.0,773,Business Expansion,142000.0,84,10.69,2408.0,0,2,2025-10-03,0.05,0
APP104220,33,Female,Gujarat,Business Owner,78900.0,691,Vehicle,491000.0,36,14.76,16963.0,0,0,2024-04-21,0.21,0
APP102694,39,Male,Uttar Pradesh,Salaried,17700.0,699,Home Renovation,629000.0,24,12.24,29680.0,2,1,2025-01-31,5.03,1
APP101336,45,Male,Karnataka,Self-Employed,105600.0,651,Home Renovation,292000.0,24,13.54,13956.0,1,1,2024-01-04,0.26,0
APP100995,58,Male,Gujarat,Salaried,70600.0,696,Education,125000.0,36,12.4,4176.0,0,1,2025-11-09,0.06,0
APP100220,27,Male,Uttar Pradesh,Salaried,44900.0,806,Home Renovation,259000.0,36,10.2,8382.0,1,0,2024-05-24,0.37,0
APP102401,40,Female,Rajasthan,Salaried,45700.0,682,Vehicle,444000.0,12,12.19,39488.0,1,1,2024-03-03,1.73,1
APP104885,52,Female,Karnataka,Self-Employed,64900.0,682,Vehicle,145000.0,12,12.12,12891.0,2,2,2024-04-30,0.6,0
APP101056,27,Male,Maharashtra,Business Owner,101800.0,668,Personal,237000.0,24,13.12,11281.0,0,0,2025-10-29,0.11,0
APP104206,49,Male,West Bengal,Self-Employed,42600.0,616,Vehicle,287000.0,84,11.68,5017.0,0,0,2025-05-24,0.12,0
APP103821,21,Female,Tamil Nadu,Salaried,63800.0,663,Education,23000.0,36,14.08,787.0,1,1,2024-04-09,0.02,1
APP100249,38,Male,Tamil Nadu,Self-Employed,72000.0,536,Home Renovation,305000.0,48,16.0,8644.0,0,1,2024-03-01,0.12,0
APP102007,42,Female,Maharashtra,Self-Employed,19900.0,648,Personal,116000.0,36,14.22,3977.0,1,2,2024-04-08,0.4,0
APP102165,37,Male,Uttar Pradesh,Salaried,35000.0,525,Medical,116000.0,36,13.41,3931.0,0,1,2025-12-12,0.11,0
APP100039,29,Male,Uttar Pradesh,Business Owner,97400.0,662,Business Expansion,152000.0,24,13.81,7284.0,2,0,2024-07-28,0.22,1
APP101192,23,Male,Uttar Pradesh,Self-Employed,64300.0,615,Home Renovation,261000.0,36,12.83,8773.0,1,2,2025-07-23,0.27,0
APP104051,33,Male,Karnataka,Salaried,20300.0,677,Medical,411000.0,24,12.87,19515.0,0,1,2025-06-30,0.96,1
APP104504,36,Male,Maharashtra,Business Owner,29300.0,688,Home Renovation,275000.0,48,11.74,7207.0,0,1,2024-07-19,0.25,0
APP100563,55,Female,Telangana,Salaried,37200.0,730,Personal,20000.0,36,11.39,658.0,1,4,2024-04-07,0.04,0
APP104541,21,Male,Delhi,Salaried,59900.0,719,Home Renovation,449000.0,12,11.33,39753.0,1,3,2024-05-12,1.33,0
APP103466,27,Male,Delhi,Self-Employed,46300.0,657,Home Renovation,361000.0,36,13.87,12315.0,2,0,2025-09-07,0.8,1
APP102538,42,Male,Rajasthan,Business Owner,37100.0,547,Education,169000.0,48,13.89,4609.0,1,0,2024-04-06,0.25,0
APP103118,22,Female,Delhi,Salaried,31100.0,618,Business Expansion,82000.0,60,14.34,1922.0,0,0,2024-03-13,0.06,0
APP105977,36,Male,Telangana,Self-Employed,12000.0,599,Personal,712000.0,84,14.89,13695.0,0,2,2025-03-21,1.14,1
APP104686,29,Male,Karnataka,Salaried,28900.0,449,Vehicle,452000.0,36,15.65,15813.0,1,2,2024-01-21,1.09,1
APP103396,31,Female,Tamil Nadu,Self-Employed,55700.0,614,Business Expansion,467000.0,24,15.24,22697.0,0,0,2025-02-22,0.41,0
APP105924,38,Male,Rajasthan,Salaried,29200.0,790,Personal,478000.0,48,9.7,12055.0,0,1,2024-12-07,0.41,0
APP100522,58,Female,Delhi,Salaried,13500.0,740,Home Renovation,79000.0,24,12.1,3722.0,2,3,2025-11-14,0.83,1
APP100591,57,Male,Tamil Nadu,Self-Employed,43900.0,591,Home Renovation,174000.0,12,15.23,15724.0,0,1,2024-05-25,0.36,1
APP104469,57,Male,Uttar Pradesh,Salaried,25100.0,806,Personal,467000.0,36,10.94,15276.0,1,2,2025-04-07,1.22,1
APP104786,22,Male,Rajasthan,Salaried,48300.0,817,Personal,289000.0,24,11.66,13558.0,0,1,2025-09-28,0.28,0
APP102202,57,Female,Tamil Nadu,Business Owner,25300.0,655,Vehicle,129000.0,84,14.01,2418.0,1,4,2024-02-23,0.19,0
APP102225,52,Female,Gujarat,Self-Employed,22600.0,673,Business Expansion,362000.0,60,13.51,8331.0,0,1,2025-02-20,0.37,1
APP102259,37,Female,Maharashtra,Salaried,44400.0,556,Vehicle,360000.0,84,14.85,6917.0,0,1,2025-09-22,0.16,0
APP104129,30,Female,Uttar Pradesh,Salaried,56800.0,670,Vehicle,380000.0,60,13.55,8754.0,1,3,2025-07-25,0.31,0
APP100518,22,Female,Tamil Nadu,Salaried,64400.0,548,Business Expansion,243000.0,84,14.11,4569.0,1,4,2025-05-14,0.14,1
APP103774,21,Male,Tamil Nadu,Business Owner,15400.0,656,Business Expansion,343000.0,48,11.71,8984.0,1,0,2024-07-09,1.17,0
APP104832,36,Male,Karnataka,Salaried,51100.0,689,Personal,20000.0,60,13.73,463.0,1,1,2025-04-12,0.02,0
APP104693,55,Male,Tamil Nadu,Salaried,53100.0,627,Vehicle,143000.0,36,11.87,4741.0,1,3,2024-01-17,0.18,1
APP102657,55,Female,Gujarat,Salaried,34500.0,639,Medical,192000.0,12,12.93,17143.0,0,1,2024-04-11,0.5,0
APP100595,29,Female,Rajasthan,Self-Employed,35200.0,644,Business Expansion,168000.0,12,15.63,15213.0,1,1,2024-04-29,0.86,0
APP104074,23,Male,Uttar Pradesh,Business Owner,67500.0,509,Home Renovation,255000.0,36,15.73,8931.0,1,1,2024-02-29,0.26,1
APP105016,43,Male,Delhi,Business Owner,102200.0,539,Education,109000.0,12,13.48,9760.0,0,1,2024-04-01,0.1,0
APP102526,30,Male,Delhi,Salaried,27200.0,647,Business Expansion,195000.0,36,14.1,6674.0,0,0,2025-03-03,0.25,0
APP101886,48,Male,Karnataka,Self-Employed,31000.0,517,Home Renovation,227000.0,48,13.98,6201.0,2,1,2024-02-19,0.6,1
APP103045,37,Female,Karnataka,Salaried,58200.0,624,Vehicle,299000.0,24,15.33,14544.0,0,0,2024-01-26,0.25,0
APP100576,30,Male,Tamil Nadu,Self-Employed,15200.0,708,Personal,239000.0,12,14.06,21466.0,2,1,2024-08-15,4.24,1
APP101650,38,Female,Uttar Pradesh,Salaried,18500.0,712,Vehicle,55000.0,36,13.05,1854.0,1,1,2024-12-09,0.2,0
APP105375,38,Female,Delhi,Salaried,46200.0,617,Home Renovation,20000.0,24,14.39,964.0,1,3,2025-04-10,0.04,0
APP105101,46,Female,Karnataka,Salaried,60900.0,622,Personal,293000.0,24,14.01,14069.0,2,3,2024-02-24,0.69,1
APP101960,47,Female,Rajasthan,Self-Employed,46600.0,900,Medical,352000.0,24,9.16,16107.0,3,1,2025-08-30,1.38,0
APP105682,36,Female,Maharashtra,Salaried,46600.0,597,Business Expansion,143000.0,24,14.34,6889.0,0,0,2025-06-22,0.15,0
APP100551,48,Female,Uttar Pradesh,Self-Employed,31200.0,634,Business Expansion,106000.0,24,15.19,5149.0,2,1,2025-03-20,0.5,1
APP101635,48,Male,Rajasthan,Salaried,54700.0,611,Medical,208000.0,24,15.23,10108.0,0,1,2024-06-05,0.18,1
APP105171,37,Male,Tamil Nadu,Salaried,21500.0,675,Home Renovation,208000.0,36,14.73,7183.0,1,1,2025-07-09,0.67,0
APP101274,52,Female,Telangana,Salaried,52600.0,803,Home Renovation,20000.0,36,11.23,657.0,0,0,2024-06-07,0.01,0
APP101816,30,Female,Rajasthan,Self-Employed,76400.0,684,Personal,353000.0,24,13.51,16867.0,0,1,2024-01-04,0.22,0
APP100755,23,Male,Gujarat,Self-Employed,17300.0,676,Personal,27000.0,36,12.27,900.0,0,2,2025-04-09,0.05,1
APP102802,40,Female,Rajasthan,Business Owner,76600.0,658,Medical,105000.0,36,14.44,3611.0,1,2,2025-06-03,0.09,0
APP102634,41,Female,Gujarat,Self-Employed,26600.0,856,Vehicle,88000.0,60,10.34,1884.0,1,1,2025-05-10,0.14,1
APP101327,55,Male,Gujarat,Salaried,18400.0,682,Home Renovation,240000.0,60,15.05,5716.0,1,2,2025-10-16,0.62,0
APP100639,30,Male,Maharashtra,Salaried,33400.0,574,Vehicle,316000.0,36,15.44,11022.0,0,2,2025-05-20,0.33,0
APP105159,42,Male,Telangana,Salaried,49100.0,612,Home Renovation,131000.0,60,14.19,3061.0,1,0,2024-01-17,0.12,0
APP100043,48,Male,Punjab,Self-Employed,25000.0,723,Education,169000.0,12,12.82,15080.0,0,1,2025-05-26,0.6,0
APP100007,43,Male,Telangana,Salaried,58500.0,617,Business Expansion,172000.0,48,12.77,4595.0,0,1,2025-06-05,0.08,1
APP100480,56,Male,Telangana,Salaried,47500.0,893,Medical,504000.0,24,10.56,23388.0,0,1,2024-09-14,0.49,0
APP104491,33,Female,Karnataka,Self-Employed,26600.0,683,Education,307000.0,36,13.94,10484.0,0,2,2025-07-19,0.39,0
APP103104,23,Female,Telangana,Self-Employed,,734,Vehicle,22000.0,60,11.21,481.0,3,1,2025-09-29,0.03,0
APP105566,36,Male,Uttar Pradesh,Self-Employed,27000.0,716,Vehicle,384000.0,84,11.4,6656.0,0,2,2024-03-22,0.25,0
APP100471,45,Male,Delhi,Salaried,37200.0,733,Education,167000.0,24,14.21,8035.0,1,1,2024-08-01,0.43,1
APP100421,32,Male,Maharashtra,Self-Employed,44500.0,534,Business Expansion,238000.0,24,15.11,11552.0,1,1,2025-08-13,0.52,1
APP100177,39,Female,Tamil Nadu,Self-Employed,46100.0,582,Home Renovation,66000.0,24,13.73,3160.0,1,1,2025-05-17,0.14,1
APP103952,59,Male,Telangana,Self-Employed,21400.0,741,Medical,262000.0,60,12.0,5828.0,1,2,2024-10-29,0.54,0
APP102237,35,Male,Uttar Pradesh,Business Owner,70500.0,628,Medical,556000.0,36,14.26,19073.0,0,3,2025-06-30,0.27,1
APP104568,43,Female,Uttar Pradesh,Salaried,40800.0,699,Home Renovation,288000.0,36,11.45,9490.0,0,0,2024-01-09,0.23,0
APP103995,32,Male,Delhi,Business Owner,55600.0,818,Vehicle,136000.0,24,11.18,6350.0,3,0,2025-11-17,0.46,0
APP103547,41,Female,Gujarat,Salaried,47500.0,703,Medical,468000.0,24,13.61,22384.0,0,0,2024-03-12,0.47,1
APP104269,-35,Male,Tamil Nadu,Salaried,33900.0,559,Home Renovation,128000.0,48,13.81,3486.0,0,1,2024-04-03,0.1,1
APP100654,59,Female,Maharashtra,Business Owner,,675,Medical,203000.0,36,13.89,6927.0,2,2,2024-08-10,0.27,0
APP102953,50,Male,Karnataka,Self-Employed,54400.0,716,Personal,414000.0,84,10.08,6890.0,0,0,2024-07-16,0.13,0
APP100052,26,Male,Maharashtra,Salaried,32400.0,560,Medical,346000.0,12,15.01,31231.0,0,0,2025-04-10,0.96,0
APP104358,28,Male,Karnataka,Business Owner,47400.0,846,Personal,337000.0,36,10.22,10909.0,1,2,2024-06-27,0.46,0
APP105436,45,Male,Telangana,Salaried,66100.0,528,Education,461000.0,48,15.59,12968.0,0,2,2025-09-13,0.2,0
APP105629,23,Male,Uttar Pradesh,Self-Employed,58100.0,702,Personal,355000.0,24,11.38,16608.0,1,1,2024-01-27,0.57,1
APP100464,44,Male,Tamil Nadu,Salaried,73400.0,621,Medical,364000.0,48,13.95,9938.0,1,3,2024-10-23,0.27,1
APP103902,50,Male,Tamil Nadu,Self-Employed,55900.0,790,Business Expansion,231000.0,12,10.28,20339.0,0,1,2024-05-06,0.36,0
APP103853,21,Male,Delhi,Business Owner,44300.0,641,Personal,316000.0,12,12.91,28211.0,1,1,2024-08-09,1.27,1
APP105825,26,Male,Delhi,Self-Employed,40600.0,735,Vehicle,164000.0,36,11.76,5428.0,0,1,2024-02-13,0.13,0
APP105408,33,Male,Tamil Nadu,Salaried,49300.0,641,Education,20000.0,60,12.88,454.0,1,0,2024-02-02,0.02,0
APP101691,49,Male,Karnataka,Salaried,40900.0,653,Personal,126000.0,60,14.22,2946.0,1,0,2025-03-11,0.14,0
APP100697,54,Female,Gujarat,Salaried,54100.0,545,Vehicle,20000.0,36,14.9,692.0,0,2,2024-10-09,0.01,0
APP102230,48,Female,Karnataka,Salaried,28600.0,754,Personal,267000.0,24,14.86,12928.0,1,0,2025-05-17,0.9,1
APP105975,30,Male,Karnataka,Salaried,41800.0,666,Medical,538000.0,24,12.89,25550.0,0,0,2024-01-10,0.61,0
APP102695,50,Male,Tamil Nadu,Self-Employed,54000.0,629,Vehicle,249000.0,12,13.86,22341.0,0,0,2024-12-23,0.41,0
APP100065,43,Male,Rajasthan,Salaried,22800.0,580,Personal,154000.0,84,13.37,2833.0,0,0,2025-12-18,0.12,0
APP101348,45,Male,Karnataka,Business Owner,52000.0,663,Personal,407000.0,36,13.62,13835.0,0,0,2025-10-13,0.27,0
APP102415,50,Female,Tamil Nadu,Business Owner,44200.0,585,Vehicle,20000.0,24,15.16,971.0,2,0,2024-10-01,0.07,0
APP102480,46,Male,Karnataka,Salaried,64300.0,679,Personal,254000.0,24,12.23,11984.0,1,0,2025-02-28,0.37,0
APP102149,58,Female,Punjab,Self-Employed,12000.0,714,Personal,418000.0,48,11.87,10981.0,0,0,2025-05-15,0.92,0
APP104945,29,Male,Rajasthan,Self-Employed,58000.0,562,Medical,563000.0,12,15.57,50967.0,1,1,2024-08-01,1.76,0
APP105709,49,Male,Maharashtra,Self-Employed,44100.0,875,Medical,407000.0,36,10.34,13198.0,0,3,2025-09-03,0.3,0
APP104282,48,Female,Gujarat,Salaried,25300.0,752,Business Expansion,20000.0,12,13.14,1788.0,0,3,2025-11-15,0.07,1
APP105711,53,Male,Telangana,Business Owner,46100.0,690,Business Expansion,466000.0,12,12.68,41552.0,0,1,2024-11-24,0.9,1
APP102047,26,Male,Rajasthan,Salaried,66300.0,594,Education,293000.0,36,14.11,10030.0,0,2,2024-11-18,0.15,1
APP103852,35,Female,Maharashtra,Salaried,40100.0,665,Home Renovation,355000.0,24,13.5,16961.0,1,0,2025-10-12,0.85,0
APP100849,22,Female,West Bengal,Self-Employed,12000.0,814,Personal,296000.0,12,10.89,26146.0,1,1,2024-08-29,4.36,1
APP104244,55,Male,Maharashtra,Self-Employed,38000.0,450,Home Renovation,66000.0,36,14.21,2262.0,1,1,2024-02-18,0.12,0
APP103965,45,Male,Maharashtra,Salaried,34800.0,497,Home Renovation,224000.0,36,15.0,7765.0,0,2,2025-02-09,0.22,1
APP100417,52,Male,Maharashtra,Self-Employed,33300.0,808,Medical,162000.0,84,12.54,2907.0,0,1,2025-02-11,0.09,0
APP103718,45,Male,West Bengal,Salaried,44500.0,842,Business Expansion,293000.0,36,10.38,9507.0,0,1,2024-12-07,0.21,0
APP104634,45,Male,Rajasthan,Salaried,54900.0,665,Vehicle,98000.0,24,14.27,4718.0,0,1,2025-08-07,0.09,0
APP102285,42,Male,Karnataka,Salaried,50400.0,864,Personal,20000.0,36,9.84,644.0,1,0,2025-05-03,0.03,0
APP102549,55,Female,Karnataka,Salaried,34700.0,538,Business Expansion,311000.0,12,13.82,27897.0,1,1,2025-10-01,1.61,1
APP101922,27,Female,Gujarat,Salaried,16100.0,587,Vehicle,274000.0,48,15.37,7677.0,1,2,2024-10-06,0.95,0
APP102570,26,Male,Delhi,Salaried,37600.0,532,Home Renovation,249000.0,24,13.67,11916.0,0,2,2024-11-13,0.32,0
APP105184,47,Male,Delhi,Salaried,50100.0,755,Personal,355000.0,24,11.18,16575.0,0,0,2025-03-07,0.33,0
APP105811,35,Female,Delhi,Salaried,49800.0,683,Home Renovation,398000.0,24,13.62,19038.0,0,2,2025-09-06,0.38,0
APP102102,39,Male,Telangana,Salaried,36000.0,709,Personal,123000.0,60,13.06,2802.0,0,1,2025-11-05,0.08,0
APP105618,58,Female,Karnataka,Salaried,25900.0,674,Personal,441000.0,48,13.33,11903.0,1,3,2025-09-29,0.92,1
APP105775,54,Male,Karnataka,Salaried,55600.0,664,Business Expansion,46000.0,36,14.29,1579.0,0,2,2024-07-30,0.03,0
APP105391,42,Female,Delhi,Self-Employed,68200.0,676,Personal,198000.0,12,12.38,17627.0,2,0,2024-04-16,0.78,1
APP101481,49,Female,Telangana,Salaried,34900.0,621,Personal,20000.0,12,14.23,1798.0,1,1,2024-06-26,0.1,1
APP100382,57,Female,Maharashtra,Self-Employed,39500.0,654,Education,251000.0,60,12.19,5607.0,2,0,2025-04-11,0.43,1
APP104883,44,Male,Maharashtra,Self-Employed,46800.0,720,Business Expansion,250000.0,24,11.64,11726.0,1,0,2024-10-20,0.5,0
APP100029,23,Female,Karnataka,Self-Employed,43100.0,616,Vehicle,349000.0,60,14.38,8190.0,0,1,2024-10-23,0.19,0
APP103811,50,Male,Telangana,Business Owner,94700.0,871,Vehicle,209000.0,48,9.77,5278.0,2,0,2025-01-17,0.17,0
APP104884,37,Male,Telangana,Salaried,,624,Business Expansion,274000.0,36,11.97,9097.0,0,0,2025-12-26,0.21,0
APP100321,44,Male,Uttar Pradesh,Salaried,28700.0,698,Vehicle,20000.0,12,12.99,1786.0,0,0,2024-03-11,0.06,0
APP105158,27,Female,Delhi,Business Owner,27200.0,900,Personal,371000.0,48,11.07,9601.0,1,1,2025-04-01,0.71,1
APP103697,38,Female,Maharashtra,Business Owner,38800.0,714,Personal,118000.0,48,11.73,3092.0,0,1,2024-02-10,0.08,0
APP104757,34,Female,Tamil Nadu,Self-Employed,12000.0,661,Personal,281000.0,36,12.74,9433.0,2,0,2025-02-13,2.36,1
APP103684,53,Male,Uttar Pradesh,Salaried,28700.0,654,Business Expansion,393000.0,36,13.11,13263.0,0,1,2025-10-17,0.46,0
APP103344,40,Male,Tamil Nadu,Business Owner,25700.0,781,Education,228000.0,84,11.23,3932.0,0,1,2024-06-12,0.15,0
APP104337,58,Male,Uttar Pradesh,Salaried,51300.0,702,Personal,339000.0,24,12.14,15980.0,1,0,2024-02-10,0.62,0
APP104412,57,Male,Delhi,Self-Employed,53700.0,613,Medical,425000.0,24,14.51,20508.0,2,0,2024-06-22,1.15,1
APP103944,49,Male,Uttar Pradesh,Salaried,46400.0,710,Personal,154000.0,48,12.03,4058.0,1,1,2025-10-19,0.17,1
APP104303,58,Female,Delhi,Self-Employed,25600.0,622,Personal,573000.0,48,14.26,15733.0,0,0,2024-07-23,0.61,1
APP105677,40,Female,Punjab,Business Owner,77400.0,732,Personal,184000.0,36,11.72,6087.0,0,0,2024-12-09,0.08,0
APP103280,34,Female,Punjab,Salaried,34600.0,645,Personal,280000.0,12,14.19,25165.0,1,2,2025-07-09,1.45,1
APP102947,24,Female,Rajasthan,Salaried,43100.0,696,Vehicle,142000.0,48,11.56,3709.0,1,0,2025-03-11,0.17,0
APP103185,48,Female,West Bengal,Salaried,72600.0,679,Vehicle,611000.0,24,13.23,29114.0,1,1,2024-09-12,0.8,1
APP103167,54,Male,Delhi,Salaried,58500.0,663,Personal,313000.0,24,12.61,14823.0,0,2,2024-05-23,0.25,0
APP100097,43,Male,Maharashtra,Salaried,40400.0,663,Business Expansion,269000.0,48,13.48,7281.0,2,1,2025-02-24,0.54,0
APP104800,25,Male,Karnataka,Salaried,75600.0,560,Vehicle,325000.0,36,14.21,11141.0,2,1,2024-11-01,0.44,1
APP102429,26,Female,Maharashtra,Salaried,57200.0,563,Personal,416000.0,84,13.57,7697.0,2,0,2025-01-13,0.4,0
APP102245,56,Male,Maharashtra,Salaried,48900.0,681,Personal,172000.0,36,13.44,5832.0,0,2,2025-06-06,0.12,0
APP102076,26,Male,Uttar Pradesh,Salaried,41200.0,646,Education,171000.0,60,14.05,3983.0,2,0,2025-10-04,0.29,1
APP100447,24,Male,Telangana,Salaried,37700.0,727,Personal,328000.0,36,14.16,11236.0,0,2,2024-03-22,0.3,0
APP100014,42,Female,Delhi,Business Owner,29300.0,788,Vehicle,138000.0,48,11.17,3578.0,2,0,2024-05-16,0.37,0
APP104332,38,Male,Tamil Nadu,Self-Employed,65700.0,698,Vehicle,221000.0,24,12.74,10480.0,1,1,2025-02-19,0.32,1
APP101215,45,Male,Maharashtra,Salaried,54200.0,547,Education,478000.0,12,15.04,43152.0,1,0,2024-04-01,1.59,0
APP103794,46,Female,Tamil Nadu,Self-Employed,40600.0,791,Vehicle,165000.0,36,13.55,5603.0,0,1,2024-10-09,0.14,0
APP104185,38,Male,Gujarat,Salaried,51000.0,379,Personal,112000.0,84,17.6,2328.0,1,0,2024-05-18,0.09,1
APP102342,40,Male,Tamil Nadu,Salaried,33700.0,589,Personal,372000.0,48,13.51,10074.0,2,0,2025-04-18,0.9,0
APP100286,50,Male,Punjab,Self-Employed,31100.0,556,Medical,590000.0,12,12.94,52681.0,0,0,2025-07-17,1.69,1
APP103843,42,Female,Gujarat,Salaried,24000.0,560,Vehicle,190000.0,12,15.12,17160.0,0,0,2025-11-04,0.72,0
APP102312,45,Male,Maharashtra,Business Owner,121900.0,815,Medical,101000.0,36,12.39,3373.0,1,2,2025-11-07,0.06,1
APP102859,49,Male,Maharashtra,Business Owner,12000.0,708,Home Renovation,188000.0,36,12.95,6330.0,0,1,2024-04-15,0.53,0
APP100779,56,Female,Karnataka,Salaried,41400.0,709,Personal,382000.0,60,12.13,8522.0,1,0,2024-03-28,0.41,0
APP105654,33,Female,Telangana,Salaried,16400.0,666,Personal,49000.0,36,13.5,1663.0,0,3,2025-12-25,0.1,1
APP104019,51,Female,Uttar Pradesh,Self-Employed,43900.0,804,Education,176000.0,24,10.92,8196.0,0,1,2024-04-15,0.19,0
APP102052,29,Female,Telangana,Business Owner,92700.0,832,Personal,156000.0,36,9.41,4991.0,1,0,2025-03-11,0.11,0
APP104977,42,Male,Karnataka,Business Owner,22800.0,686,Vehicle,143000.0,36,12.33,4772.0,1,2,2024-07-03,0.42,1
APP105366,55,Female,Punjab,Business Owner,62600.0,645,Education,214000.0,84,13.9,3999.0,0,1,2025-12-24,0.06,0
APP100165,22,Female,Gujarat,Business Owner,39400.0,459,Home Renovation,298000.0,24,15.95,14584.0,1,2,2024-11-25,0.74,1
APP100660,25,Male,Tamil Nadu,Business Owner,85500.0,725,Personal,220000.0,36,12.74,7385.0,2,1,2025-12-30,0.26,0
APP103108,54,Male,Maharashtra,Salaried,47300.0,782,Vehicle,136000.0,12,11.39,12045.0,0,0,2025-06-28,0.25,0
APP101339,34,Male,Karnataka,Salaried,34600.0,723,Education,315000.0,24,11.23,14715.0,1,2,2024-05-21,0.85,0
APP101138,54,Male,Delhi,Salaried,62500.0,642,Education,103000.0,24,13.86,4939.0,2,1,2025-07-15,0.24,0
APP102618,29,Female,Karnataka,Business Owner,51300.0,806,Education,145000.0,36,10.23,4694.0,1,0,2025-02-11,0.18,0
APP102216,56,Female,Rajasthan,Self-Employed,38800.0,758,Home Renovation,20000.0,60,12.4,449.0,2,1,2025-02-08,0.03,0
APP102188,31,Male,Maharashtra,Salaried,79800.0,663,Vehicle,319000.0,36,13.67,10852.0,0,0,2025-07-02,0.14,0
APP103832,29,Male,Rajasthan,Business Owner,12000.0,684,Personal,82000.0,36,12.35,2737.0,1,3,2025-05-25,0.46,0
APP105229,32,Male,Uttar Pradesh,Self-Employed,33900.0,714,Vehicle,20000.0,24,13.93,960.0,1,4,2025-10-28,0.06,1
APP100299,53,Female,Telangana,Salaried,37700.0,702,Personal,96000.0,48,13.04,2577.0,1,0,2024-07-28,0.14,0
APP101615,39,Female,Karnataka,Self-Employed,59400.0,705,Vehicle,290000.0,36,13.78,9881.0,1,0,2025-07-22,0.33,1
APP104790,35,Male,Maharashtra,Salaried,52400.0,440,Personal,299000.0,36,17.58,10747.0,0,1,2024-03-29,0.21,0
APP101133,26,Male,Punjab,Salaried,46800.0,603,Personal,284000.0,12,14.09,25512.0,2,1,2025-11-12,1.64,1
APP103081,57,Male,Uttar Pradesh,Salaried,45300.0,617,Vehicle,196000.0,48,13.33,5290.0,2,1,2025-06-18,0.35,1
APP103142,37,Male,Uttar Pradesh,Self-Employed,18600.0,607,Business Expansion,139000.0,36,13.73,4732.0,1,1,2025-10-08,0.51,1
APP101937,31,Male,Gujarat,Self-Employed,12000.0,627,Business Expansion,437000.0,48,11.19,11335.0,0,2,2024-06-13,0.94,0
APP101048,30,Male,Rajasthan,Business Owner,58900.0,691,Vehicle,563000.0,60,13.34,12908.0,1,1,2025-06-21,0.44,0
APP105323,37,Male,Rajasthan,Salaried,55900.0,686,Vehicle,415000.0,84,13.58,7681.0,3,0,2024-10-09,0.55,0
APP105686,24,Female,Gujarat,Salaried,47600.0,822,Personal,263000.0,12,11.99,23366.0,1,0,2025-08-29,0.98,1
APP100846,30,Male,Gujarat,Salaried,59700.0,698,Vehicle,316000.0,24,12.41,14936.0,2,1,2025-03-10,0.75,0
APP100251,55,Male,Maharashtra,Salaried,35000.0,723,Vehicle,198000.0,24,13.01,9414.0,1,2,2025-01-20,0.54,0
APP103034,37,Female,Tamil Nadu,Self-Employed,67100.0,797,Vehicle,271000.0,12,10.37,23872.0,0,0,2025-01-15,0.36,0
APP101027,52,Male,Telangana,Self-Employed,47800.0,763,Business Expansion,20000.0,60,12.5,450.0,0,0,2025-05-30,0.01,0
APP100806,44,Male,Delhi,Self-Employed,36100.0,693,Vehicle,121000.0,36,12.98,4076.0,1,1,2025-02-23,0.23,0
APP101552,36,Male,Rajasthan,Salaried,62400.0,749,Personal,298000.0,12,12.26,26513.0,0,1,2025-12-03,0.42,1
APP100031,27,Male,Gujarat,Self-Employed,22400.0,672,Business Expansion,262000.0,36,13.16,8848.0,1,3,2024-07-11,0.79,1
APP100715,49,Male,Punjab,Self-Employed,64500.0,622,Home Renovation,299000.0,36,13.51,10148.0,0,0,2024-05-25,0.16,1
APP102384,44,Male,Uttar Pradesh,Salaried,,705,Education,108000.0,36,14.16,3700.0,0,0,2025-05-09,0.09,0
APP104445,29,Male,Uttar Pradesh,Salaried,74100.0,568,Personal,136000.0,48,15.21,3799.0,0,0,2025-02-27,0.05,0
APP105776,21,Male,Gujarat,Salaried,,586,Business Expansion,396000.0,60,13.71,9155.0,1,0,2024-02-10,0.63,0
APP104972,38,Male,Karnataka,Self-Employed,39600.0,625,Vehicle,412000.0,24,14.93,19963.0,0,2,2025-06-11,0.5,1
APP105976,36,Female,Maharashtra,Business Owner,80700.0,600,Medical,295000.0,48,11.44,7688.0,3,2,2024-09-28,0.38,0
APP103459,29,Male,Gujarat,Salaried,17000.0,693,Education,20000.0,24,11.87,940.0,2,0,2025-06-14,0.17,0
APP104327,29,Female,Telangana,Salaried,32300.0,567,Education,37000.0,60,13.56,853.0,1,1,2025-02-21,0.05,0
APP101044,49,Male,Rajasthan,Self-Employed,36200.0,664,Education,120000.0,36,15.14,4168.0,0,0,2025-06-15,0.12,0
APP102144,42,Male,Tamil Nadu,Salaried,38900.0,726,Education,326000.0,24,13.49,15574.0,1,1,2024-10-09,0.8,0
APP102489,57,Male,Punjab,Salaried,34400.0,673,Personal,171000.0,12,13.84,15341.0,2,0,2024-04-19,1.34,0
APP103244,36,Male,Telangana,Salaried,63000.0,801,Personal,475000.0,12,10.02,41764.0,1,0,2024-01-24,1.33,0
APP103191,54,Female,Maharashtra,Self-Employed,18300.0,761,Personal,341000.0,60,13.67,7876.0,0,1,2025-06-03,0.43,0
APP104450,34,Male,Delhi,Salaried,48400.0,850,Home Renovation,440000.0,60,9.58,9258.0,0,0,2024-06-14,0.19,0
APP105418,44,Female,Uttar Pradesh,Salaried,26000.0,683,Home Renovation,294000.0,36,11.63,9713.0,1,3,2025-04-04,0.75,1
APP103987,31,Female,Telangana,Self-Employed,33400.0,467,Personal,279000.0,36,16.37,9860.0,0,0,2024-08-16,0.3,1
APP100330,32,Male,Karnataka,Self-Employed,65300.0,464,Medical,228000.0,24,17.31,11307.0,1,0,2025-01-27,0.35,1
APP105414,59,Female,Gujarat,Business Owner,49400.0,735,Home Renovation,100000.0,48,12.26,2646.0,1,0,2024-02-25,0.11,0
APP103510,34,Female,Karnataka,Salaried,38900.0,750,Personal,251000.0,36,12.07,8345.0,0,0,2024-06-04,0.21,0
APP100861,50,Female,Tamil Nadu,Salaried,40800.0,594,Personal,211000.0,60,13.82,4890.0,0,2,2025-02-01,0.12,0
APP101198,39,Female,West Bengal,Self-Employed,51100.0,733,Business Expansion,274000.0,24,11.42,12824.0,1,1,2025-06-25,0.5,0
APP103951,49,Male,West Bengal,Business Owner,73600.0,701,Vehicle,226000.0,24,11.77,10614.0,2,3,2024-09-09,0.43,1
APP101088,39,Male,Tamil Nadu,Salaried,71100.0,609,Vehicle,445000.0,36,15.68,15575.0,1,1,2025-01-28,0.44,0
APP104219,33,Female,Karnataka,Salaried,56700.0,657,Home Renovation,20000.0,84,13.59,370.0,1,2,2025-04-25,0.01,0
APP102515,22,Male,West Bengal,Salaried,53200.0,697,Education,325000.0,36,12.21,10827.0,0,2,2025-11-13,0.2,0
APP100003,28,Male,Karnataka,Self-Employed,69900.0,579,Vehicle,540000.0,36,15.66,18894.0,0,2,2025-08-27,0.27,0
APP103757,45,Male,Gujarat,Self-Employed,37700.0,722,Medical,350000.0,24,10.6,16248.0,0,2,2025-01-04,0.43,0
APP103724,58,Male,Uttar Pradesh,Business Owner,101000.0,734,Vehicle,315000.0,24,12.94,14967.0,0,2,2024-01-10,0.15,1
APP105864,43,Male,Rajasthan,Self-Employed,52700.0,527,Home Renovation,261000.0,24,15.72,12744.0,3,3,2025-11-12,0.97,1
APP104040,37,Male,Karnataka,Salaried,,845,Personal,459000.0,24,11.51,21502.0,1,2,2025-04-24,0.72,0
APP102459,33,Female,Karnataka,Salaried,52500.0,622,Personal,318000.0,60,12.43,7143.0,3,1,2024-03-05,0.54,0
APP100549,23,Male,Uttar Pradesh,Business Owner,85200.0,635,Personal,379000.0,12,12.07,33686.0,0,2,2024-07-25,0.4,0
APP104725,37,Male,Delhi,Salaried,72500.0,685,Medical,194000.0,24,13.98,9313.0,1,1,2025-08-10,0.26,0
APP105607,21,Female,West Bengal,Salaried,60100.0,699,Home Renovation,339000.0,12,12.98,30275.0,0,1,2024-10-28,0.5,0
APP105473,45,Female,Maharashtra,Salaried,28400.0,694,Personal,478000.0,36,14.22,16388.0,0,1,2025-08-15,0.58,0
APP101471,52,Male,Rajasthan,Salaried,54700.0,737,Personal,469000.0,12,11.47,41554.0,0,1,2024-08-17,0.76,0
APP101234,27,Female,West Bengal,Self-Employed,56800.0,844,Business Expansion,235000.0,12,9.96,20656.0,1,0,2024-09-15,0.73,0
APP101154,30,Female,Punjab,Self-Employed,60500.0,572,Vehicle,20000.0,12,13.64,1792.0,2,2,2025-07-14,0.09,0
APP101401,34,Female,Maharashtra,Self-Employed,41800.0,679,Medical,360000.0,36,13.55,12225.0,0,2,2025-10-10,0.29,0
APP100918,58,Female,Delhi,Salaried,42900.0,789,Personal,129000.0,12,12.1,11468.0,1,0,2025-01-20,0.53,0
APP102348,57,Female,Tamil Nadu,Business Owner,12000.0,610,Vehicle,452000.0,12,15.34,40869.0,0,4,2025-10-21,3.41,1
APP105152,35,Male,Uttar Pradesh,Salaried,51000.0,604,Vehicle,165000.0,24,12.78,7827.0,0,2,2024-10-14,0.15,1
APP103660,38,Female,Maharashtra,Business Owner,82400.0,675,Vehicle,86000.0,12,12.29,7653.0,1,0,2025-09-02,0.19,0
APP104765,31,Female,Gujarat,Salaried,78200.0,807,Education,20000.0,84,12.94,363.0,0,3,2024-12-12,0.0,0
APP102601,48,Male,Maharashtra,Salaried,46300.0,761,Personal,375000.0,12,10.81,33110.0,0,0,2025-04-06,0.72,0
APP105245,58,Female,Delhi,Business Owner,12000.0,587,Business Expansion,497000.0,36,14.36,17073.0,1,0,2024-03-28,2.85,1
APP101821,46,Female,Delhi,Self-Employed,51300.0,725,Vehicle,246000.0,36,11.51,8113.0,1,2,2024-05-01,0.32,0
APP100467,57,Male,Gujarat,Salaried,42400.0,702,Vehicle,156000.0,60,13.22,3567.0,0,1,2025-11-24,0.08,0
APP101492,35,Female,West Bengal,Self-Employed,55900.0,754,Medical,435000.0,24,12.95,20670.0,0,0,2025-09-12,0.37,1
APP105526,41,Male,Tamil Nadu,Self-Employed,69400.0,714,Home Renovation,372000.0,24,12.32,17567.0,1,0,2025-06-08,0.51,0
APP104170,31,Male,Rajasthan,Salaried,44400.0,728,Vehicle,340000.0,24,12.82,16135.0,0,1,2025-07-24,0.36,0
APP104404,28,Female,Tamil Nadu,Salaried,59200.0,616,Vehicle,227000.0,12,15.63,20556.0,0,2,2024-01-20,0.35,0
APP104788,47,Female,Karnataka,Self-Employed,22900.0,613,Home Renovation,167000.0,36,12.78,5609.0,1,0,2024-12-05,0.49,1
APP103754,21,Male,Karnataka,Salaried,62700.0,528,Business Expansion,330000.0,60,15.18,7882.0,0,2,2024-06-29,0.13,0
APP101888,46,Male,Uttar Pradesh,Business Owner,98200.0,709,Education,196000.0,36,12.12,6521.0,0,1,2025-03-08,0.07,0
APP105956,52,Male,Telangana,Salaried,59200.0,582,Business Expansion,571000.0,36,13.07,19259.0,0,2,2025-10-22,0.33,0
APP103128,47,Male,Punjab,Self-Employed,37000.0,681,Home Renovation,515000.0,48,13.16,13857.0,0,0,2024-08-01,0.37,0
APP102487,43,Male,Maharashtra,Salaried,44300.0,750,Education,279000.0,36,11.8,9240.0,1,4,2025-12-16,0.42,0
APP104545,23,Female,Tamil Nadu,Self-Employed,65500.0,755,Home Renovation,112000.0,48,10.3,2857.0,0,1,2025-06-25,0.04,0
APP100021,53,Female,Uttar Pradesh,Salaried,32300.0,781,Medical,340000.0,24,10.22,15724.0,1,1,2025-03-09,0.97,0
APP105447,44,Female,Punjab,Business Owner,58600.0,714,Business Expansion,313000.0,24,10.68,14542.0,0,1,2024-05-21,0.25,0
APP104472,31,Male,Maharashtra,Salaried,56100.0,584,Personal,478000.0,84,15.12,9256.0,1,1,2024-11-09,0.33,0
APP105876,30,Female,Uttar Pradesh,Salaried,27700.0,690,Education,437000.0,24,11.38,20445.0,1,2,2025-09-14,1.48,1
APP105636,43,Male,Gujarat,Business Owner,,658,Vehicle,259000.0,24,12.48,12250.0,0,1,2024-11-05,0.2,1
APP103275,44,Male,West Bengal,Self-Employed,49000.0,608,Vehicle,150000.0,84,12.94,2724.0,0,2,2025-01-28,0.06,0
APP102403,35,Male,Maharashtra,Salaried,52700.0,682,Vehicle,133000.0,36,12.78,4467.0,0,0,2025-04-13,0.08,0
APP103592,44,Female,Maharashtra,Salaried,78800.0,655,Home Renovation,493000.0,36,12.64,16526.0,1,2,2025-02-17,0.42,0
APP101314,40,Female,Tamil Nadu,Salaried,44400.0,799,Personal,47000.0,60,12.77,1064.0,1,2,2024-09-12,0.05,1
APP104508,29,Female,Gujarat,Salaried,41400.0,715,Personal,210000.0,24,11.95,9881.0,0,1,2025-11-26,0.24,0
APP101047,52,Male,Maharashtra,Salaried,44600.0,871,Personal,151000.0,48,10.73,3883.0,2,0,2025-07-14,0.26,0
APP103247,58,Male,Maharashtra,Self-Employed,34100.0,742,Vehicle,275000.0,24,11.67,12903.0,1,1,2024-08-01,0.76,1
APP105541,48,Male,Telangana,Salaried,63400.0,584,Education,296000.0,24,14.8,14324.0,0,1,2024-06-27,0.23,0
APP104066,32,Female,Rajasthan,Salaried,,557,Education,475000.0,36,14.29,16301.0,2,3,2025-02-13,1.37,0
APP100810,40,Male,Uttar Pradesh,Self-Employed,69000.0,684,Medical,325000.0,12,12.65,28975.0,0,1,2024-08-06,0.42,1
APP103741,23,Female,Tamil Nadu,Self-Employed,41800.0,848,Home Renovation,310000.0,12,10.79,27368.0,3,4,2024-07-16,2.62,1
APP102479,41,Female,Rajasthan,Salaried,13300.0,502,Business Expansion,275000.0,36,15.54,9606.0,2,3,2025-06-29,2.17,0
APP104203,42,Male,West Bengal,Salaried,48900.0,710,Home Renovation,559000.0,24,12.09,26338.0,1,1,2025-06-16,1.08,0
APP105974,45,Male,Tamil Nadu,Self-Employed,20100.0,621,Medical,376000.0,60,13.29,8611.0,1,2,2024-04-04,0.86,1
APP101368,25,Male,Gujarat,Salaried,45800.0,585,Education,180000.0,36,14.07,6158.0,0,0,2025-10-16,0.13,1
APP102668,45,Female,Tamil Nadu,Salaried,60500.0,702,Personal,372000.0,36,12.97,12529.0,2,2,2025-01-09,0.62,0
APP101520,37,Female,Rajasthan,Salaried,40300.0,692,Personal,275000.0,48,13.29,7417.0,1,0,2024-12-17,0.37,0
APP104031,57,Female,Gujarat,Self-Employed,44800.0,592,Personal,227000.0,12,12.95,20270.0,1,0,2024-01-24,0.9,0
APP105650,44,Male,Punjab,Salaried,49400.0,830,Business Expansion,233000.0,12,12.04,20706.0,1,1,2025-06-07,0.84,0
APP101205,39,Male,Uttar Pradesh,Business Owner,50700.0,672,Personal,208000.0,36,12.62,6970.0,1,0,2024-06-11,0.27,1
APP102332,33,Male,Karnataka,Self-Employed,18000.0,793,Medical,271000.0,24,11.77,12728.0,0,2,2025-02-20,0.71,0
APP104539,24,Male,Tamil Nadu,Self-Employed,50500.0,706,Home Renovation,306000.0,36,14.35,10510.0,2,0,2024-01-19,0.62,0
APP103849,44,Male,Maharashtra,Salaried,39100.0,621,Business Expansion,473000.0,48,12.74,12628.0,0,1,2025-12-16,0.32,0
APP104226,46,Male,Delhi,Salaried,29800.0,767,Vehicle,99000.0,60,12.44,2224.0,0,0,2024-09-04,0.07,0
APP100955,28,Male,Delhi,Salaried,57900.0,674,Personal,315000.0,12,13.05,28142.0,1,1,2024-02-14,0.97,0
APP100859,58,Male,Karnataka,Salaried,45700.0,639,Education,115000.0,36,12.44,3844.0,0,1,2025-06-20,0.08,1
APP102033,26,Female,Punjab,Salaried,65000.0,649,Vehicle,69000.0,36,13.66,2347.0,0,1,2024-03-04,0.04,0
APP101315,49,Male,Delhi,Business Owner,72200.0,686,Business Expansion,294000.0,12,13.7,26356.0,2,0,2024-06-28,1.1,0
APP102399,26,Male,Rajasthan,Self-Employed,43500.0,848,Personal,82000.0,84,12.18,1455.0,1,1,2025-11-02,0.07,0
APP105062,26,Female,Karnataka,Self-Employed,47500.0,790,Personal,337000.0,36,11.83,11166.0,1,4,2024-01-02,0.47,0
APP103904,29,Male,West Bengal,Self-Employed,19500.0,707,Vehicle,168000.0,24,11.55,7873.0,1,1,2024-02-24,0.81,0
APP105461,43,Male,Delhi,Salaried,22200.0,821,Home Renovation,210000.0,36,11.54,6929.0,0,1,2024-01-04,0.31,0
APP101366,33,Female,Maharashtra,Business Owner,60500.0,560,Personal,254000.0,36,12.69,8520.0,0,1,2025-06-15,0.14,0
APP103043,28,Female,Karnataka,Salaried,79800.0,705,Education,213000.0,12,12.56,18981.0,3,0,2024-12-29,0.95,0
APP103924,30,Male,Rajasthan,Business Owner,42500.0,705,Medical,258000.0,24,11.18,12046.0,1,3,2025-03-04,0.57,0
APP105357,40,Male,Karnataka,Self-Employed,34300.0,599,Business Expansion,216000.0,60,13.45,4965.0,1,1,2024-10-29,0.29,1
APP102506,37,Male,Maharashtra,Salaried,34200.0,842,Education,110000.0,84,12.41,1966.0,1,2,2025-03-30,0.11,0
APP100462,59,Male,Uttar Pradesh,Business Owner,48200.0,491,Vehicle,20000.0,48,15.81,565.0,0,3,2025-11-15,0.01,1
APP101573,46,Female,Punjab,Salaried,38200.0,705,Vehicle,20000.0,48,14.39,550.0,1,0,2025-07-02,0.03,0
APP100308,43,Male,Uttar Pradesh,Self-Employed,46000.0,644,Home Renovation,391000.0,24,13.03,18594.0,1,0,2025-05-03,0.81,1
APP102121,27,Male,Karnataka,Salaried,57900.0,607,Education,423000.0,36,11.88,14025.0,1,1,2025-07-18,0.48,0
APP100579,28,Male,Gujarat,Business Owner,97600.0,762,Vehicle,242000.0,36,9.02,7698.0,0,3,2024-06-05,0.08,0
APP104201,35,Male,Karnataka,Business Owner,76500.0,780,Personal,300000.0,36,9.39,9594.0,2,0,2024-03-16,0.38,0
APP101705,32,Male,Delhi,Salaried,57700.0,599,Education,239000.0,36,14.69,8249.0,0,1,2024-12-11,0.14,1
APP103786,41,Female,West Bengal,Salaried,56800.0,596,Personal,289000.0,24,14.62,13961.0,0,3,2024-04-15,0.25,1
APP104561,24,Male,Maharashtra,Salaried,25700.0,683,Education,321000.0,48,13.07,8623.0,0,2,2024-10-10,0.34,0
APP102994,42,Male,Maharashtra,Business Owner,12000.0,539,Personal,300000.0,36,15.46,10467.0,3,3,2024-10-01,3.49,1
APP102037,42,Male,Punjab,Self-Employed,29600.0,611,Home Renovation,399000.0,48,11.5,10410.0,0,2,2025-02-12,0.35,1
APP104768,41,Male,West Bengal,Self-Employed,49900.0,725,Vehicle,471000.0,36,11.56,15545.0,4,1,2025-12-13,1.56,0
APP104668,34,Male,Maharashtra,Salaried,63600.0,804,Medical,20000.0,24,12.51,946.0,2,1,2024-11-02,0.04,0
APP102095,38,Male,Delhi,Salaried,37300.0,731,Vehicle,21000.0,84,12.38,375.0,0,2,2024-11-15,0.01,0
APP100870,55,Female,Karnataka,Self-Employed,33600.0,635,Personal,215000.0,12,13.2,19223.0,2,2,2024-10-05,1.72,0
APP104769,42,Male,Delhi,Salaried,68400.0,612,Home Renovation,328000.0,48,12.61,8736.0,0,0,2024-06-22,0.13,0
APP104434,30,Male,Karnataka,Salaried,40700.0,754,Personal,192000.0,36,12.53,6426.0,0,1,2024-01-17,0.16,0
APP103049,39,Male,Punjab,Self-Employed,52100.0,661,Home Renovation,20000.0,48,13.82,545.0,1,3,2024-09-25,0.02,0
APP105883,37,Female,Uttar Pradesh,Salaried,42400.0,646,Education,251000.0,24,12.92,11924.0,0,3,2025-12-14,0.28,0
APP102656,22,Female,Tamil Nadu,Salaried,68200.0,569,Home Renovation,207000.0,36,13.97,7072.0,0,1,2025-06-10,0.1,0
APP104379,55,Female,Karnataka,Self-Employed,36300.0,738,Personal,46000.0,12,11.17,4069.0,0,1,2024-01-08,0.11,0
APP103502,32,Male,Punjab,Salaried,47000.0,658,Vehicle,351000.0,60,13.69,8111.0,0,0,2024-12-01,0.17,0
APP100976,31,Male,Rajasthan,Salaried,47200.0,712,Home Renovation,73000.0,60,12.82,1654.0,1,1,2024-10-23,0.07,0
APP103352,27,Female,Maharashtra,Salaried,12000.0,515,Vehicle,559000.0,12,15.06,50470.0,0,4,2025-08-10,4.21,1
APP100957,46,Female,Maharashtra,Salaried,,683,Home Renovation,306000.0,48,14.59,8453.0,0,0,2025-05-10,0.22,0
APP103699,28,Male,Uttar Pradesh,Self-Employed,97200.0,875,Home Renovation,315000.0,24,10.6,14623.0,0,1,2025-10-02,0.15,0
APP101340,57,Female,West Bengal,Salaried,44600.0,762,Personal,176000.0,24,11.39,8235.0,2,0,2024-12-25,0.55,1
APP101822,28,Male,Karnataka,Self-Employed,39800.0,692,Medical,377000.0,12,10.96,33313.0,0,1,2024-03-18,0.84,1
APP102329,47,Male,Delhi,Salaried,56700.0,682,Vehicle,221000.0,12,11.64,19598.0,2,0,2025-06-01,1.04,1
APP101929,45,Male,Telangana,Salaried,,707,Vehicle,76000.0,36,13.26,2570.0,0,2,2025-11-24,0.05,0
APP103880,44,Male,Tamil Nadu,Salaried,58700.0,765,Medical,224000.0,84,13.5,4136.0,1,1,2024-01-22,0.14,0
APP104984,56,Male,Delhi,Business Owner,21500.0,572,Home Renovation,20000.0,24,15.73,977.0,1,1,2024-11-07,0.09,0
APP104989,40,Female,Gujarat,Self-Employed,39900.0,696,Education,20000.0,12,12.22,1779.0,1,1,2024-02-22,0.09,1
APP100353,55,Male,Karnataka,Self-Employed,62400.0,742,Home Renovation,260000.0,48,12.56,6919.0,0,1,2024-03-29,0.11,1
APP101445,32,Male,Maharashtra,Business Owner,78100.0,690,Education,31000.0,60,11.63,684.0,0,4,2025-01-26,0.01,0
APP102726,34,Female,Maharashtra,Salaried,20800.0,762,Education,203000.0,60,11.49,4463.0,1,1,2024-01-25,0.43,0
APP105564,39,Male,Karnataka,Self-Employed,27700.0,618,Personal,401000.0,12,14.09,36022.0,2,2,2024-01-10,3.9,1
APP104256,37,Female,Maharashtra,Business Owner,38800.0,849,Vehicle,300000.0,36,10.07,9690.0,1,2,2025-01-26,0.5,0
APP103200,57,Male,Delhi,Self-Employed,34500.0,684,Home Renovation,380000.0,24,12.16,17916.0,1,3,2025-04-06,1.04,1
APP104515,54,Female,West Bengal,Business Owner,12000.0,741,Business Expansion,257000.0,84,12.93,4666.0,1,2,2024-09-28,0.78,0
APP105190,36,Female,Karnataka,Self-Employed,59000.0,694,Vehicle,135000.0,24,13.83,6471.0,3,0,2025-10-06,0.44,0
APP101385,45,Female,Gujarat,Salaried,63700.0,823,Vehicle,282000.0,36,10.93,9223.0,0,0,2025-11-13,0.14,0
APP105182,39,Male,Gujarat,Self-Employed,42800.0,689,Business Expansion,235000.0,48,12.02,6191.0,1,0,2025-04-21,0.29,1
APP103721,22,Male,Rajasthan,Salaried,70600.0,736,Education,20000.0,48,11.9,526.0,0,1,2025-03-06,0.01,0
APP100501,34,Female,Maharashtra,Self-Employed,66100.0,667,Home Renovation,219000.0,84,11.72,3833.0,0,0,2024-01-26,0.06,0
APP103524,57,Female,Maharashtra,Self-Employed,70700.0,789,Vehicle,185000.0,24,10.32,8564.0,1,1,2024-03-08,0.24,0
APP105233,29,Male,Karnataka,Salaried,38200.0,576,Home Renovation,55000.0,24,13.62,2631.0,0,0,2024-10-02,0.07,0
APP105983,36,Male,Uttar Pradesh,Self-Employed,53300.0,836,Education,86000.0,60,10.92,1866.0,1,1,2024-11-14,0.07,0
APP102104,25,Male,Gujarat,Salaried,57100.0,635,Vehicle,364000.0,84,14.42,6906.0,2,2,2025-04-12,0.36,0
APP102233,28,Male,Gujarat,Business Owner,,775,Medical,107000.0,24,11.93,5033.0,1,0,2024-10-02,0.12,0
APP105626,55,Female,Maharashtra,Salaried,,784,Home Renovation,20000.0,36,12.55,670.0,0,1,2024-09-27,0.02,0
APP101007,44,Male,Tamil Nadu,Salaried,64800.0,746,Home Renovation,332000.0,36,11.62,10967.0,0,0,2025-10-22,0.17,0
APP105683,37,Female,Tamil Nadu,Salaried,35800.0,698,Home Renovation,492000.0,12,11.58,43617.0,1,2,2024-03-20,2.44,0
APP105137,45,Male,Tamil Nadu,Salaried,24100.0,726,Personal,398000.0,24,13.11,18942.0,0,1,2024-11-15,0.79,0
APP102171,54,Female,Punjab,Business Owner,78900.0,672,Business Expansion,63000.0,36,12.77,2116.0,2,1,2024-07-16,0.08,1
APP103216,31,Male,Tamil Nadu,Salaried,46200.0,546,Personal,398000.0,24,13.96,19102.0,0,2,2024-01-06,0.41,1
APP105576,30,Male,Gujarat,Business Owner,46500.0,743,Business Expansion,89000.0,36,12.88,2994.0,3,0,2024-07-31,0.26,0
APP104367,48,Female,Maharashtra,Self-Employed,66700.0,591,Home Renovation,446000.0,36,12.56,14933.0,1,3,2024-12-21,0.45,0
APP101318,46,Male,Delhi,Business Owner,97100.0,761,Personal,124000.0,24,11.59,5813.0,0,0,2024-12-26,0.06,0
APP103982,39,Female,Maharashtra,Business Owner,70200.0,566,Business Expansion,240000.0,84,12.69,4326.0,1,0,2025-12-28,0.12,0
APP101475,42,Male,Maharashtra,Self-Employed,42200.0,551,Personal,222000.0,12,15.35,20074.0,0,5,2024-10-10,0.48,0
APP100679,47,Female,Maharashtra,Salaried,69300.0,713,Education,358000.0,36,12.23,11930.0,0,3,2024-10-26,0.17,0
APP105913,22,Male,West Bengal,Salaried,72200.0,750,Personal,291000.0,12,14.26,26164.0,0,1,2025-03-02,0.36,1
APP103926,54,Male,Maharashtra,Salaried,62000.0,757,Personal,479000.0,60,11.75,10595.0,0,2,2024-04-23,0.17,0
APP100380,46,Female,Telangana,Salaried,45600.0,621,Home Renovation,273000.0,12,13.14,24402.0,1,1,2025-06-21,1.07,1
APP104967,44,Male,Delhi,Salaried,34300.0,778,Personal,89000.0,36,12.42,2974.0,1,0,2025-11-16,0.17,0
APP104163,22,Male,Telangana,Salaried,60800.0,715,Vehicle,169000.0,36,14.4,5809.0,0,2,2024-06-23,0.1,0
APP101882,33,Female,Tamil Nadu,Salaried,47100.0,618,Home Renovation,20000.0,24,14.12,961.0,0,3,2025-01-18,0.02,0
APP100477,42,Male,Telangana,Salaried,60600.0,733,Personal,304000.0,84,12.54,5455.0,0,3,2025-01-27,0.09,1
APP105455,54,Female,Gujarat,Salaried,68900.0,862,Vehicle,248000.0,12,9.04,21693.0,0,1,2024-07-26,0.31,0
APP102382,39,Male,Karnataka,Salaried,55800.0,684,Business Expansion,242000.0,36,13.04,8159.0,0,1,2024-01-14,0.15,0
APP105754,34,Female,West Bengal,Salaried,39400.0,706,Personal,43000.0,48,12.92,1152.0,1,1,2024-09-19,0.06,0
APP102359,59,Male,Delhi,Salaried,26700.0,774,Medical,416000.0,60,13.12,9491.0,0,0,2024-02-15,0.36,0
APP100425,57,Female,West Bengal,Salaried,19400.0,782,Medical,296000.0,24,12.99,14071.0,4,1,2024-02-08,3.63,1
APP104630,26,Male,Karnataka,Self-Employed,12000.0,676,Business Expansion,270000.0,48,12.54,7182.0,1,3,2024-08-13,1.2,0
APP102255,54,Female,Tamil Nadu,Salaried,39100.0,707,Education,132000.0,36,14.15,4521.0,2,1,2024-04-28,0.35,0
APP101333,55,Male,Delhi,Salaried,41800.0,739,Business Expansion,274000.0,36,12.7,9193.0,3,0,2025-06-19,0.88,1
APP100199,23,Male,Tamil Nadu,Self-Employed,43300.0,725,Personal,260000.0,36,12.6,8710.0,1,2,2025-11-28,0.4,0
APP104389,40,Female,Tamil Nadu,Salaried,61000.0,664,Vehicle,312000.0,24,13.0,14833.0,1,0,2025-09-14,0.49,0
APP101938,59,Female,Rajasthan,Self-Employed,12000.0,672,Personal,20000.0,24,12.04,942.0,0,1,2025-09-01,0.08,0
APP100143,48,Male,Maharashtra,Salaried,12000.0,731,Personal,203000.0,48,11.98,5344.0,3,1,2025-12-21,1.78,0
APP103820,58,Female,Telangana,Business Owner,69700.0,637,Personal,49000.0,36,12.07,1629.0,1,1,2025-01-28,0.05,0
APP104345,45,Male,Karnataka,Self-Employed,23500.0,677,Vehicle,311000.0,48,13.37,8401.0,1,0,2025-03-25,0.71,0
APP105275,30,Male,Gujarat,Self-Employed,15600.0,503,Education,82000.0,36,12.25,2733.0,0,1,2025-09-10,0.18,0
APP100304,23,Female,Maharashtra,Salaried,61500.0,645,Home Renovation,357000.0,24,12.66,16915.0,1,1,2024-01-26,0.55,1
APP101454,35,Male,Tamil Nadu,Self-Employed,71500.0,561,Medical,90000.0,12,15.81,8158.0,0,2,2024-01-19,0.11,1
APP100911,49,Male,Gujarat,Salaried,54600.0,814,Home Renovation,257000.0,48,11.09,6654.0,1,0,2025-06-16,0.24,0
APP105525,59,Male,Maharashtra,Salaried,37600.0,713,Home Renovation,310000.0,24,11.72,14552.0,1,0,2024-12-28,0.77,0
APP102596,41,Female,Tamil Nadu,Business Owner,51500.0,535,Education,43000.0,12,15.73,3896.0,1,1,2024-11-10,0.15,0
APP102309,49,Female,Tamil Nadu,Salaried,32500.0,535,Personal,267000.0,36,14.7,9216.0,0,3,2025-03-22,0.28,0
APP102112,35,Female,Karnataka,Self-Employed,18300.0,804,Home Renovation,305000.0,24,11.61,14302.0,1,3,2025-01-02,1.56,1
APP105606,29,Female,Punjab,Salaried,74700.0,761,Personal,139000.0,60,12.38,3119.0,1,1,2025-04-01,0.08,1
APP100593,47,Male,Telangana,Self-Employed,48100.0,649,Personal,364000.0,48,13.95,9938.0,2,2,2025-04-03,0.62,0
APP103570,28,Female,Delhi,Self-Employed,40200.0,653,Home Renovation,211000.0,24,11.66,9899.0,0,0,2025-10-03,0.25,0
APP103533,44,Male,Maharashtra,Salaried,50500.0,600,Vehicle,216000.0,24,10.06,9973.0,0,3,2025-01-04,0.2,0
APP101288,23,Female,Gujarat,Salaried,36600.0,716,Personal,141000.0,84,12.26,2509.0,0,1,2024-07-24,0.07,0
APP101655,46,Female,Delhi,Business Owner,69900.0,622,Personal,282000.0,36,12.89,9487.0,0,0,2024-12-06,0.14,0
APP104678,52,Male,Rajasthan,Salaried,42900.0,692,Education,158000.0,24,13.49,7548.0,2,1,2024-06-16,0.53,0
APP102131,49,Male,Karnataka,Business Owner,130800.0,900,Education,283000.0,12,10.8,24986.0,0,0,2025-10-04,0.19,0
APP100765,59,Female,Tamil Nadu,Self-Employed,39700.0,649,Personal,114000.0,36,12.46,3812.0,1,3,2025-08-06,0.19,0
APP105849,53,Male,Gujarat,Salaried,12000.0,738,Vehicle,349000.0,24,13.26,16635.0,0,2,2024-04-05,1.39,0
APP105121,32,Male,Delhi,Salaried,33800.0,643,Business Expansion,136000.0,36,14.2,4661.0,2,0,2025-07-23,0.41,1
APP100146,53,Female,Telangana,Salaried,50100.0,720,Personal,20000.0,24,13.76,958.0,1,1,2025-03-10,0.04,0
APP100394,41,Female,Delhi,Salaried,54400.0,601,Medical,345000.0,36,15.2,11993.0,1,1,2024-06-20,0.44,1
APP104622,55,Male,Uttar Pradesh,Salaried,25000.0,652,Home Renovation,480000.0,24,16.4,23594.0,1,1,2025-10-06,1.89,1
APP103808,31,Male,Maharashtra,Salaried,55600.0,709,Education,69000.0,24,11.35,3227.0,2,1,2024-11-09,0.17,0
APP100045,28,Male,Telangana,Salaried,37500.0,658,Home Renovation,407000.0,36,10.96,13317.0,1,0,2025-08-02,0.71,0
APP103494,42,Female,Maharashtra,Salaried,28800.0,611,Personal,262000.0,24,14.4,12629.0,1,0,2024-07-26,0.88,0
APP104411,59,Male,Telangana,Salaried,49300.0,788,Personal,20000.0,48,9.42,502.0,0,1,2025-12-20,0.01,0
APP103336,35,Male,Uttar Pradesh,Self-Employed,24400.0,713,Personal,117000.0,48,11.74,3066.0,0,1,2025-02-21,0.13,1
APP102159,46,Male,Uttar Pradesh,Business Owner,,705,Home Renovation,238000.0,36,12.17,7924.0,0,1,2025-06-05,0.23,0
APP101957,33,Male,Tamil Nadu,Self-Employed,22200.0,741,Vehicle,369000.0,36,12.97,12428.0,0,0,2025-04-07,0.56,0
APP102184,53,Female,Delhi,Salaried,18100.0,607,Vehicle,99000.0,60,13.39,2272.0,0,1,2024-08-19,0.13,0
APP104517,44,Male,Rajasthan,Self-Employed,,501,Personal,267000.0,84,14.33,5052.0,1,1,2025-01-11,0.73,1
APP105845,56,Female,Uttar Pradesh,Salaried,47800.0,767,Personal,31000.0,60,12.06,691.0,1,0,2024-11-24,0.03,0
APP104850,35,Male,Karnataka,Business Owner,12000.0,770,Education,290000.0,60,10.47,6229.0,1,1,2024-03-20,1.04,1
APP103497,24,Male,Delhi,Salaried,43700.0,746,Personal,143000.0,48,11.14,3706.0,0,1,2024-08-11,0.08,0
APP102071,34,Female,Tamil Nadu,Self-Employed,51100.0,750,Vehicle,20000.0,36,11.84,663.0,2,0,2025-03-20,0.04,0
APP101367,48,Male,Karnataka,Self-Employed,30500.0,761,Medical,212000.0,36,13.91,7236.0,2,0,2025-06-17,0.71,0
APP103095,54,Female,West Bengal,Business Owner,12000.0,601,Business Expansion,482000.0,36,16.26,17008.0,2,1,2025-09-24,4.25,1
APP102364,40,Male,Telangana,Business Owner,38900.0,759,Home Renovation,551000.0,12,15.02,49738.0,1,1,2025-03-14,2.56,1
APP105841,47,Female,Uttar Pradesh,Salaried,,746,Medical,302000.0,36,12.22,10062.0,0,1,2025-11-12,0.13,0
APP100930,58,Male,Maharashtra,Salaried,41600.0,757,Home Renovation,42000.0,48,12.34,1113.0,1,1,2025-04-17,0.05,0
APP103512,43,Male,Gujarat,Salaried,42700.0,789,Business Expansion,478000.0,24,12.21,22548.0,0,0,2024-05-11,0.53,0
APP102975,23,Male,Karnataka,Salaried,39400.0,519,Personal,223000.0,48,13.88,6080.0,0,2,2024-10-26,0.15,1
APP104474,41,Male,Uttar Pradesh,Salaried,25300.0,781,Home Renovation,77000.0,12,13.78,6906.0,1,1,2024-12-13,0.55,0
APP103141,51,Male,Rajasthan,Business Owner,99000.0,679,Home Renovation,260000.0,48,11.7,6809.0,0,0,2025-04-19,0.07,0
APP105100,31,Female,Maharashtra,Salaried,,787,Vehicle,20000.0,36,12.07,665.0,0,1,2025-11-23,0.01,0
APP102581,21,Female,Delhi,Self-Employed,79100.0,627,Vehicle,234000.0,36,12.43,7820.0,0,2,2025-11-09,0.1,0
APP100606,45,Male,Maharashtra,Self-Employed,60700.0,695,Education,454000.0,36,12.42,15171.0,1,1,2024-04-05,0.5,0
APP100074,21,Female,West Bengal,Self-Employed,27400.0,691,Vehicle,372000.0,24,13.66,17801.0,1,2,2025-10-22,1.3,1
APP104569,23,Male,Gujarat,Salaried,66300.0,805,Vehicle,324000.0,48,13.42,8760.0,0,2,2025-05-04,0.13,0
APP101322,25,Male,Tamil Nadu,Salaried,86100.0,586,Home Renovation,413000.0,48,14.9,11473.0,1,2,2025-04-17,0.27,0
APP105132,48,Male,Maharashtra,Self-Employed,35000.0,561,Education,21000.0,24,15.17,1020.0,0,2,2024-07-24,0.03,0
APP100113,59,Female,Delhi,Salaried,28700.0,568,Medical,269000.0,48,15.8,7596.0,0,2,2024-11-06,0.26,0
APP103913,22,Male,Gujarat,Self-Employed,56600.0,711,Education,575000.0,12,11.44,50938.0,1,0,2025-08-16,1.8,0
APP100986,41,Female,Rajasthan,Self-Employed,46700.0,761,Personal,534000.0,48,11.86,14026.0,1,1,2025-03-05,0.6,0
APP105509,29,Male,Tamil Nadu,Self-Employed,54900.0,614,Medical,319000.0,48,12.06,8410.0,0,0,2024-05-12,0.15,1
APP100222,46,Female,Maharashtra,Self-Employed,34900.0,718,Business Expansion,20000.0,12,12.97,1786.0,1,2,2025-11-05,0.1,0
APP101992,32,Male,Maharashtra,Salaried,27800.0,759,Vehicle,214000.0,60,11.93,4753.0,0,2,2025-03-24,0.17,0
APP105134,43,Male,Maharashtra,Self-Employed,50400.0,555,Vehicle,134000.0,24,13.2,6383.0,0,2,2025-08-17,0.13,0
APP104131,47,Male,Tamil Nadu,Self-Employed,46700.0,804,Personal,219000.0,12,12.9,19550.0,1,2,2024-05-28,0.84,0
APP105693,59,Female,Telangana,Self-Employed,51900.0,535,Vehicle,371000.0,36,16.97,13222.0,0,1,2025-09-02,0.25,1
APP101761,53,Male,Karnataka,Self-Employed,44400.0,742,Medical,157000.0,84,11.02,2690.0,1,1,2024-06-30,0.12,0
APP104263,54,Female,Telangana,Self-Employed,12000.0,609,Personal,411000.0,24,11.55,19261.0,1,1,2024-07-21,3.21,1
APP104180,45,Male,Maharashtra,Salaried,29400.0,681,Personal,306000.0,12,13.54,27409.0,2,1,2025-05-05,2.8,1
APP104212,40,Male,Karnataka,Self-Employed,12000.0,599,Education,527000.0,36,13.41,17861.0,2,4,2024-05-23,4.47,1
APP104043,51,Male,Punjab,Self-Employed,62200.0,423,Medical,206000.0,12,17.7,18857.0,3,0,2024-09-25,1.21,1
APP103456,33,Male,West Bengal,Salaried,64100.0,865,Vehicle,173000.0,24,9.74,7962.0,2,1,2024-03-03,0.37,0
APP100530,24,Female,Punjab,Business Owner,100600.0,832,Home Renovation,172000.0,36,9.0,5470.0,1,5,2025-11-16,0.11,1
APP102590,52,Female,Gujarat,Salaried,47900.0,654,Personal,336000.0,60,12.82,7614.0,0,1,2024-02-20,0.16,0
APP103954,46,Female,Gujarat,Salaried,38100.0,791,Medical,182000.0,24,9.9,8390.0,2,1,2024-01-27,0.66,1
APP103630,49,Female,Punjab,Business Owner,79400.0,751,Business Expansion,536000.0,36,10.82,17502.0,0,1,2024-06-20,0.22,0
APP102521,59,Male,Rajasthan,Business Owner,52700.0,566,Vehicle,141000.0,48,13.33,3806.0,0,0,2025-12-12,0.07,0
APP103051,23,Male,Rajasthan,Salaried,36900.0,626,Personal,230000.0,24,14.17,11061.0,0,0,2025-07-30,0.3,0
APP105304,23,Male,Uttar Pradesh,Business Owner,76900.0,733,Medical,94000.0,24,14.2,4522.0,0,0,2025-09-26,0.06,0
APP104471,55,Male,Telangana,Salaried,31400.0,652,Business Expansion,47000.0,24,12.86,2231.0,0,0,2025-05-30,0.07,0
APP104960,49,Female,Delhi,Salaried,80900.0,802,Home Renovation,188000.0,36,12.24,6266.0,0,2,2024-08-01,0.08,0
APP105496,25,Male,Maharashtra,Salaried,50600.0,616,Education,198000.0,36,13.85,6753.0,0,2,2024-07-15,0.13,1
APP105074,59,Male,Telangana,Salaried,43800.0,638,Personal,20000.0,48,12.42,531.0,1,3,2025-10-19,0.02,0
APP105716,21,Male,Karnataka,Business Owner,98800.0,581,Education,318000.0,48,16.66,9120.0,1,1,2024-01-10,0.18,1
APP103204,49,Male,Rajasthan,Salaried,33800.0,604,Personal,97000.0,84,12.89,1759.0,1,0,2025-05-13,0.1,0
APP104609,58,Male,Rajasthan,Self-Employed,21300.0,746,Business Expansion,20000.0,60,12.14,446.0,0,1,2024-02-26,0.02,1
APP101779,31,Female,Karnataka,Salaried,31900.0,724,Medical,158000.0,24,13.09,7518.0,0,0,2024-12-08,0.24,0
APP101025,43,Male,Punjab,Self-Employed,15000.0,739,Personal,175000.0,12,11.56,15513.0,1,1,2025-12-23,2.07,1
APP103778,52,Male,Gujarat,Salaried,24600.0,563,Personal,333000.0,24,15.3,16194.0,0,0,2025-02-14,0.66,1
APP100081,44,Male,Maharashtra,Self-Employed,56700.0,742,Home Renovation,412000.0,60,11.19,8997.0,0,0,2025-10-18,0.16,0
APP104560,43,Female,Gujarat,Self-Employed,44000.0,560,Medical,296000.0,24,13.89,14196.0,1,1,2025-01-05,0.65,0
APP102030,46,Female,Maharashtra,Self-Employed,12000.0,650,Education,148000.0,24,12.73,7017.0,1,0,2025-01-20,1.17,0
APP104054,28,Male,West Bengal,Salaried,46900.0,748,Vehicle,435000.0,24,11.23,20321.0,0,1,2024-05-06,0.43,0
APP101792,31,Male,Uttar Pradesh,Salaried,33200.0,691,Personal,235000.0,24,11.45,11002.0,1,1,2024-01-16,0.66,0
APP102716,58,Female,Karnataka,Salaried,14700.0,587,Personal,446000.0,36,13.25,15081.0,0,4,2025-03-07,1.03,1
APP103819,30,Male,Maharashtra,Salaried,39400.0,617,Vehicle,58000.0,24,12.85,2753.0,0,1,2025-04-14,0.07,0
APP102673,34,Male,Uttar Pradesh,Salaried,73400.0,626,Personal,64000.0,36,13.59,2175.0,2,0,2024-11-14,0.09,0
APP105790,55,Female,Gujarat,Self-Employed,33500.0,605,Vehicle,306000.0,12,13.42,27391.0,0,2,2025-10-03,0.82,1
APP103501,55,Male,Telangana,Salaried,38900.0,754,Education,135000.0,60,12.11,3011.0,1,3,2025-09-21,0.15,1
APP102563,57,Male,Tamil Nadu,Salaried,39900.0,694,Vehicle,340000.0,48,13.01,9123.0,0,0,2025-10-09,0.23,0
APP103402,36,Male,Uttar Pradesh,Salaried,38800.0,522,Personal,340000.0,48,14.76,9421.0,0,1,2024-01-16,0.24,1
APP105889,35,Female,Rajasthan,Salaried,25300.0,576,Vehicle,226000.0,60,13.57,5208.0,0,0,2025-05-15,0.21,0
APP101956,24,Male,Delhi,Salaried,53700.0,769,Medical,354000.0,36,10.69,11538.0,0,2,2024-02-06,0.21,0
APP103869,39,Female,Karnataka,Self-Employed,37900.0,651,Medical,335000.0,48,13.57,9082.0,0,3,2024-06-30,0.24,0
APP104136,33,Male,Telangana,Salaried,50200.0,690,Medical,182000.0,48,13.06,4888.0,1,1,2024-12-05,0.19,1
APP105668,28,Female,Maharashtra,Salaried,45400.0,660,Personal,348000.0,12,11.7,30871.0,1,1,2024-08-01,1.36,1
APP105263,34,Female,West Bengal,Salaried,,774,Personal,20000.0,24,10.76,930.0,2,0,2025-06-28,0.06,1
APP103136,41,Male,Delhi,Salaried,37200.0,801,Medical,414000.0,12,12.26,36834.0,2,1,2025-12-22,2.97,0
APP100311,22,Female,Karnataka,Salaried,64600.0,567,Personal,449000.0,36,14.45,15444.0,0,1,2025-04-27,0.24,0
APP101631,44,Male,Karnataka,Salaried,57300.0,793,Personal,254000.0,12,9.42,22262.0,0,0,2024-11-12,0.39,0
APP104260,31,Female,Telangana,Self-Employed,43100.0,656,Education,159000.0,24,13.28,7580.0,1,1,2025-07-17,0.35,0
APP102067,45,Male,Gujarat,Self-Employed,55200.0,764,Medical,229000.0,36,11.83,7587.0,1,1,2024-09-24,0.27,0
APP101426,49,Male,Delhi,Self-Employed,21200.0,680,Vehicle,301000.0,36,12.22,10029.0,2,2,2025-06-04,1.42,1
APP102002,21,Male,Telangana,Salaried,55400.0,611,Vehicle,448000.0,36,13.36,15173.0,0,2,2024-10-10,0.27,1
APP104453,47,Male,Karnataka,Salaried,51500.0,712,Business Expansion,490000.0,84,11.01,8393.0,0,1,2025-10-19,0.16,0
APP103810,38,Male,Rajasthan,Business Owner,37500.0,775,Personal,83000.0,36,9.86,2673.0,0,1,2024-08-20,0.07,1
APP105932,38,Male,Maharashtra,Self-Employed,12000.0,581,Home Renovation,20000.0,36,13.96,683.0,0,1,2025-06-14,0.06,1
APP102337,32,Female,Gujarat,Salaried,63700.0,741,Home Renovation,306000.0,24,13.63,14639.0,0,1,2024-03-04,0.23,0
APP102440,40,Male,Rajasthan,Salaried,46100.0,610,Home Renovation,140000.0,24,13.97,6720.0,3,2,2024-05-18,0.58,1
APP100128,35,Male,Rajasthan,Salaried,28600.0,594,Business Expansion,344000.0,12,13.12,30745.0,0,2,2024-08-17,1.08,1
APP101009,49,Male,Tamil Nadu,Salaried,41700.0,478,Medical,310000.0,84,16.13,6180.0,0,0,2025-01-25,0.15,1
APP101813,55,Male,Maharashtra,Salaried,49800.0,659,Personal,172000.0,12,13.51,15404.0,1,0,2024-06-20,0.62,1
APP101290,50,Male,Rajasthan,Salaried,,668,Business Expansion,62000.0,24,12.28,2927.0,2,0,2025-10-09,0.25,0
APP103873,21,Male,Karnataka,Salaried,40000.0,707,Home Renovation,162000.0,36,11.92,5375.0,3,2,2025-08-13,0.54,0
APP102771,48,Male,Karnataka,Salaried,32400.0,576,Home Renovation,396000.0,60,14.01,9216.0,2,1,2025-07-13,0.85,0
APP100201,56,Male,Rajasthan,Salaried,51500.0,581,Home Renovation,149000.0,36,13.08,5026.0,1,1,2024-05-04,0.2,0
APP105907,58,Male,Maharashtra,Salaried,32800.0,597,Education,219000.0,36,13.98,7483.0,0,3,2024-10-14,0.23,1
APP105857,55,Male,Uttar Pradesh,Self-Employed,25700.0,822,Education,334000.0,48,11.49,8712.0,2,0,2025-12-28,1.02,0
APP100954,26,Female,Punjab,Self-Employed,31100.0,749,Personal,302000.0,24,12.75,14322.0,1,0,2024-12-11,0.92,0
APP102418,39,Female,Karnataka,Salaried,40500.0,694,Business Expansion,199000.0,60,12.82,4510.0,1,1,2024-10-21,0.22,1
APP104020,54,Male,Rajasthan,Salaried,49600.0,691,Personal,336000.0,48,13.17,9042.0,4,1,2024-02-14,0.91,0
APP100829,53,Female,Maharashtra,Salaried,35200.0,610,Business Expansion,60000.0,60,13.4,1378.0,1,1,2024-09-25,0.08,0
APP102361,30,Male,Karnataka,Salaried,38800.0,558,Medical,107000.0,84,15.26,2080.0,1,0,2024-10-31,0.11,0
APP103907,43,Male,Maharashtra,Business Owner,67700.0,651,Personal,349000.0,24,12.86,16569.0,1,1,2024-11-21,0.49,0
APP100970,48,Male,Tamil Nadu,Business Owner,44200.0,560,Personal,226000.0,84,12.51,4051.0,1,4,2024-09-23,0.18,1
APP100202,39,Male,West Bengal,Salaried,53200.0,697,Education,121000.0,12,12.56,10782.0,1,1,2025-09-20,0.41,0
APP100982,56,Male,Maharashtra,Salaried,41900.0,761,Vehicle,164000.0,84,10.89,2799.0,2,1,2024-10-04,0.2,0
APP103696,44,Male,Gujarat,Self-Employed,46800.0,799,Education,86000.0,60,11.72,1901.0,2,3,2024-03-12,0.12,0
APP103318,56,Male,Rajasthan,Salaried,54700.0,553,Business Expansion,443000.0,60,15.55,10667.0,0,0,2024-04-11,0.2,0
APP102380,51,Female,Gujarat,Business Owner,27600.0,578,Education,318000.0,48,13.93,8679.0,1,2,2025-09-25,0.63,1
APP102486,23,Female,Rajasthan,Salaried,50800.0,573,Personal,354000.0,12,14.57,31880.0,1,3,2024-04-10,1.26,1
APP104955,47,Male,Maharashtra,Self-Employed,23400.0,721,Education,172000.0,60,11.15,3753.0,2,2,2024-03-14,0.48,0
APP103097,24,Male,Punjab,Salaried,54400.0,761,Medical,336000.0,84,10.83,5723.0,0,5,2025-05-02,0.11,0
APP105476,26,Female,Telangana,Salaried,40500.0,809,Business Expansion,468000.0,48,10.89,12071.0,0,0,2025-02-20,0.3,0
APP103089,21,Male,Tamil Nadu,Business Owner,,665,Education,365000.0,84,14.36,6913.0,1,3,2025-12-25,0.13,1
APP101187,21,Female,Maharashtra,Self-Employed,28300.0,620,Home Renovation,391000.0,12,12.65,34859.0,1,1,2024-08-30,2.46,1
APP104447,35,Male,Maharashtra,Salaried,40700.0,791,Home Renovation,161000.0,48,13.36,4348.0,1,2,2025-05-01,0.21,0
APP103919,53,Male,Punjab,Business Owner,95300.0,784,Education,290000.0,12,10.67,25586.0,1,1,2025-05-10,0.54,1
APP101595,26,Male,Delhi,Salaried,46800.0,761,Vehicle,363000.0,36,9.89,11694.0,0,0,2025-03-15,0.25,0
APP104092,43,Female,Maharashtra,Salaried,63000.0,677,Home Renovation,206000.0,24,13.82,9873.0,1,3,2025-12-21,0.31,0
APP100042,40,Female,Uttar Pradesh,Self-Employed,38500.0,512,Education,255000.0,60,15.73,6165.0,2,0,2025-02-14,0.48,1
APP105943,35,Male,Punjab,Self-Employed,57900.0,519,Personal,185000.0,24,15.45,9010.0,0,1,2024-10-25,0.16,0
APP103347,52,Female,Maharashtra,Self-Employed,17000.0,648,Personal,140000.0,60,12.66,3161.0,1,0,2024-04-11,0.37,0
APP105471,38,Female,Tamil Nadu,Self-Employed,40500.0,492,Education,201000.0,60,13.67,4643.0,0,2,2024-10-10,0.11,0
APP101273,52,Male,Rajasthan,Salaried,64600.0,480,Vehicle,435000.0,36,15.08,15096.0,0,0,2024-07-11,0.23,1
APP102182,22,Male,Maharashtra,Self-Employed,44500.0,715,Medical,74000.0,36,12.78,2486.0,1,1,2024-11-18,0.11,0
APP100574,31,Female,Tamil Nadu,Business Owner,80600.0,604,Personal,365000.0,24,14.83,17668.0,1,0,2024-04-16,0.44,1
APP101920,55,Male,West Bengal,Salaried,47500.0,636,Home Renovation,20000.0,84,13.16,366.0,2,2,2025-07-06,0.02,1
APP105599,59,Female,Punjab,Salaried,24800.0,632,Vehicle,153000.0,12,15.16,13821.0,0,1,2025-04-13,0.56,0
APP100856,31,Male,Delhi,Self-Employed,45400.0,434,Medical,431000.0,48,16.24,12268.0,1,0,2024-01-10,0.54,1
APP101808,52,Male,Telangana,Self-Employed,23800.0,639,Education,351000.0,24,13.0,16687.0,1,2,2025-06-04,1.4,0
APP102620,26,Male,Karnataka,Self-Employed,45100.0,653,Personal,378000.0,24,13.77,18108.0,0,1,2025-11-19,0.4,1
APP101846,24,Male,Maharashtra,Salaried,43500.0,766,Medical,20000.0,48,11.68,524.0,0,1,2024-01-07,0.01,0
APP104034,27,Male,Maharashtra,Salaried,68800.0,670,Vehicle,367000.0,60,11.63,8095.0,1,1,2024-12-13,0.24,0
APP104199,24,Male,Uttar Pradesh,Business Owner,37600.0,759,Medical,127000.0,24,11.07,5923.0,1,1,2024-07-29,0.32,1
APP104671,24,Male,Tamil Nadu,Business Owner,33200.0,618,Education,178000.0,36,15.06,6176.0,2,2,2024-06-06,0.56,0
APP102458,45,Male,West Bengal,Salaried,37900.0,645,Medical,192000.0,12,12.69,17121.0,0,1,2024-06-20,0.45,1
APP100988,29,Male,Punjab,Business Owner,49400.0,685,Vehicle,364000.0,24,11.7,17084.0,1,2,2024-10-26,0.69,0
APP105362,32,Male,Uttar Pradesh,Salaried,47300.0,608,Education,232000.0,12,14.35,20869.0,2,1,2024-04-27,1.32,1
APP101433,47,Male,Tamil Nadu,Business Owner,12000.0,626,Personal,58000.0,12,14.09,5210.0,2,1,2025-08-18,1.3,0
APP104480,26,Male,Delhi,Salaried,38700.0,713,Personal,161000.0,24,12.26,7598.0,0,2,2024-07-02,0.2,1
APP104152,55,Male,Maharashtra,Salaried,32300.0,652,Personal,174000.0,24,12.62,8241.0,0,1,2024-01-08,0.26,0
APP100711,23,Male,Karnataka,Salaried,42400.0,712,Education,92000.0,60,12.81,2084.0,2,2,2024-02-23,0.15,1
APP102372,57,Male,Maharashtra,Self-Employed,36200.0,757,Personal,121000.0,60,10.46,2598.0,0,1,2025-02-17,0.07,0
APP103850,24,Male,Gujarat,Salaried,52700.0,716,Medical,384000.0,48,11.16,9955.0,2,0,2025-12-27,0.57,0
APP104451,28,Female,Delhi,Self-Employed,40200.0,750,Business Expansion,180000.0,36,12.38,6011.0,0,0,2024-10-20,0.15,0
APP103565,59,Male,West Bengal,Salaried,52000.0,626,Personal,373000.0,12,12.59,33244.0,1,0,2024-06-30,1.28,0
APP101018,42,Female,Karnataka,Business Owner,65000.0,711,Home Renovation,225000.0,60,10.21,4804.0,1,3,2025-05-15,0.15,1
APP103887,36,Male,Gujarat,Salaried,71200.0,711,Education,431000.0,24,12.44,20377.0,0,1,2024-08-11,0.29,1
APP103296,48,Male,Karnataka,Salaried,,684,Education,245000.0,36,13.48,8312.0,1,2,2024-09-23,0.53,0
APP102963,49,Male,Maharashtra,Salaried,43200.0,740,Business Expansion,256000.0,24,10.56,11879.0,1,1,2025-09-21,0.55,0
APP104403,44,Male,Uttar Pradesh,Salaried,43600.0,648,Home Renovation,594000.0,60,12.18,13267.0,1,3,2025-10-21,0.61,0
APP103461,54,Male,Punjab,Business Owner,79600.0,748,Vehicle,346000.0,12,10.82,30551.0,1,1,2024-06-15,0.77,0
APP104137,55,Male,Maharashtra,Self-Employed,30800.0,641,Education,344000.0,36,14.03,11762.0,0,0,2025-05-25,0.38,0
APP105111,55,Male,Gujarat,Business Owner,,747,Personal,142000.0,84,13.2,2599.0,2,1,2024-03-30,0.11,0
APP104610,55,Male,West Bengal,Salaried,80700.0,809,Education,284000.0,36,13.04,9575.0,1,3,2025-05-11,0.24,0
APP101681,32,Male,Tamil Nadu,Salaried,36800.0,662,Vehicle,330000.0,60,13.94,7668.0,1,2,2024-09-22,0.42,1
APP101969,26,Male,Karnataka,Salaried,46200.0,543,Education,265000.0,12,13.61,23745.0,0,0,2024-02-25,0.51,1
APP104782,32,Male,Rajasthan,Self-Employed,31000.0,571,Personal,292000.0,48,13.99,7978.0,0,0,2024-03-08,0.26,1
APP102051,34,Male,Uttar Pradesh,Salaried,35200.0,500,Education,178000.0,84,14.57,3392.0,0,1,2025-11-17,0.1,0
APP104311,51,Male,Telangana,Salaried,24700.0,719,Education,423000.0,48,11.03,10939.0,0,2,2025-04-01,0.44,0
APP102146,22,Female,Gujarat,Salaried,45200.0,614,Education,291000.0,48,13.36,7859.0,2,3,2025-02-12,0.52,0
APP102322,55,Male,Maharashtra,Business Owner,58500.0,604,Home Renovation,410000.0,24,15.24,19926.0,3,1,2024-02-11,1.36,1
APP102696,34,Male,Telangana,Self-Employed,39400.0,682,Education,288000.0,24,13.19,13718.0,1,3,2025-06-04,0.7,0
APP102482,57,Male,Uttar Pradesh,Self-Employed,29000.0,716,Home Renovation,561000.0,36,13.09,18927.0,2,1,2024-01-18,1.96,0
APP101370,37,Male,Maharashtra,Salaried,43800.0,739,Education,308000.0,24,13.31,14688.0,2,1,2024-03-30,1.01,1
APP101566,33,Male,Uttar Pradesh,Salaried,39100.0,767,Personal,293000.0,36,12.25,9767.0,1,0,2025-03-05,0.5,0
APP103596,59,Male,Maharashtra,Self-Employed,63200.0,611,Education,353000.0,84,14.67,6747.0,2,3,2025-04-24,0.32,0
APP103771,29,Male,Telangana,Business Owner,16200.0,658,Home Renovation,182000.0,12,13.32,16283.0,0,1,2025-04-22,1.01,0
APP105985,36,Female,Punjab,Salaried,49700.0,674,Medical,323000.0,84,13.38,5943.0,1,0,2024-02-28,0.24,1
APP104354,34,Male,Telangana,Business Owner,67300.0,727,Vehicle,249000.0,60,11.77,5510.0,2,1,2025-05-20,0.25,0
APP101516,45,Male,Karnataka,Salaried,50900.0,742,Education,390000.0,12,12.35,34715.0,1,2,2025-08-13,1.36,0
APP103993,42,Male,Telangana,Business Owner,63200.0,683,Personal,199000.0,48,12.7,5309.0,0,1,2025-03-14,0.08,0
APP105942,33,Female,Uttar Pradesh,Salaried,12000.0,628,Medical,237000.0,60,15.15,5657.0,2,2,2024-05-01,1.41,1
APP102186,41,Female,Maharashtra,Salaried,54100.0,634,Business Expansion,205000.0,36,14.77,7083.0,1,0,2024-06-26,0.26,0
APP103308,52,Male,Tamil Nadu,Salaried,60800.0,701,Home Renovation,89000.0,36,12.75,2988.0,2,2,2025-01-21,0.15,1
APP103731,40,Female,Punjab,Business Owner,,622,Personal,20000.0,24,13.67,957.0,1,5,2025-05-17,0.02,0
APP101037,22,Male,Tamil Nadu,Salaried,51500.0,634,Medical,291000.0,12,12.3,25896.0,0,2,2025-02-15,0.5,0
APP102437,56,Female,Uttar Pradesh,Salaried,47600.0,546,Home Renovation,20000.0,24,16.79,987.0,0,1,2024-08-18,0.02,0
APP102999,41,Male,West Bengal,Self-Employed,39500.0,648,Medical,69000.0,24,13.12,3284.0,2,0,2025-04-11,0.25,1
APP101510,23,Male,Maharashtra,Self-Employed,46000.0,630,Home Renovation,385000.0,24,12.46,18206.0,1,2,2024-04-18,0.79,0
APP100411,24,Male,Tamil Nadu,Self-Employed,50600.0,743,Vehicle,52000.0,12,12.7,4637.0,1,2,2025-02-13,0.18,1
APP104811,34,Male,Maharashtra,Salaried,23300.0,657,Medical,321000.0,24,13.61,15353.0,0,1,2025-12-07,0.66,0
APP104649,35,Female,Punjab,Salaried,45400.0,704,Education,346000.0,24,13.3,16498.0,1,1,2025-10-28,0.73,1
APP104075,50,Male,West Bengal,Business Owner,47300.0,550,Home Renovation,251000.0,48,15.08,6996.0,0,1,2025-02-20,0.15,1
APP101301,32,Male,Telangana,Salaried,50900.0,571,Medical,146000.0,36,13.96,4987.0,0,1,2024-06-28,0.1,1
APP103259,38,Male,Maharashtra,Salaried,66300.0,790,Home Renovation,119000.0,60,10.57,2562.0,2,2,2024-01-20,0.12,1
APP101317,54,Female,West Bengal,Salaried,29400.0,607,Vehicle,40000.0,48,13.58,1085.0,0,1,2025-02-18,0.04,0
APP103316,33,Female,Uttar Pradesh,Business Owner,83200.0,693,Personal,287000.0,12,11.32,25408.0,2,2,2025-06-06,0.92,1
APP100777,23,Female,Maharashtra,Business Owner,37200.0,640,Personal,295000.0,36,14.5,10154.0,1,0,2025-11-05,0.55,0
APP104934,47,Male,Karnataka,Salaried,59500.0,736,Business Expansion,91000.0,60,12.51,2048.0,0,2,2024-05-30,0.03,0
APP105253,54,Female,Delhi,Salaried,29300.0,755,Vehicle,244000.0,24,9.98,11257.0,0,1,2024-11-17,0.38,0
APP102367,24,Male,Rajasthan,Salaried,64900.0,760,Vehicle,305000.0,36,12.01,10132.0,2,2,2024-05-27,0.47,0
APP102476,44,Female,Telangana,Salaried,36400.0,557,Vehicle,171000.0,12,15.71,15492.0,4,0,2025-07-04,2.13,1
APP104169,44,Male,Karnataka,Salaried,56800.0,888,Personal,335000.0,24,9.39,15364.0,0,1,2024-10-16,0.27,0
APP100025,47,Male,Telangana,Salaried,36600.0,697,Personal,369000.0,36,13.48,12519.0,0,2,2025-02-21,0.34,0
APP103392,49,Male,Rajasthan,Salaried,44500.0,677,Home Renovation,206000.0,36,12.21,6863.0,0,2,2024-08-31,0.15,0
APP101408,33,Female,West Bengal,Self-Employed,55400.0,640,Personal,176000.0,36,13.24,5951.0,1,1,2025-04-19,0.21,0
APP101139,37,Male,Tamil Nadu,Salaried,49100.0,656,Vehicle,402000.0,36,14.67,13871.0,0,1,2024-03-01,0.28,0
APP100505,43,Male,Uttar Pradesh,Salaried,33800.0,740,Personal,20000.0,12,12.65,1783.0,1,1,2025-03-08,0.11,0
APP101560,22,Female,Karnataka,Self-Employed,66000.0,900,Business Expansion,200000.0,36,9.0,6360.0,0,1,2024-09-05,0.1,0
APP101120,29,Male,Gujarat,Salaried,73600.0,756,Personal,340000.0,24,11.86,15983.0,0,2,2024-09-07,0.22,0
APP100601,33,Female,Karnataka,Business Owner,18400.0,708,Personal,67000.0,36,14.59,2309.0,2,0,2025-08-07,0.38,0
APP103941,23,Female,Karnataka,Self-Employed,27900.0,754,Vehicle,124000.0,60,12.44,2786.0,0,0,2024-01-26,0.1,0
APP102737,32,Male,Gujarat,Salaried,38200.0,810,Vehicle,361000.0,48,11.08,9344.0,1,2,2024-01-05,0.49,0
APP103851,48,Male,Delhi,Business Owner,40100.0,766,Personal,399000.0,36,12.48,13344.0,0,2,2024-01-04,0.33,0
APP102613,46,Male,Karnataka,Self-Employed,30700.0,707,Vehicle,352000.0,48,11.18,9128.0,0,0,2024-06-08,0.3,1
APP100348,59,Female,Tamil Nadu,Self-Employed,53000.0,805,Education,178000.0,36,10.86,5816.0,2,3,2025-04-25,0.33,1
APP105940,40,Male,Maharashtra,Salaried,60600.0,747,Vehicle,320000.0,84,13.09,5837.0,1,2,2025-05-04,0.19,1
APP105470,36,Male,Tamil Nadu,Business Owner,42800.0,638,Medical,214000.0,60,13.83,4961.0,2,2,2024-12-13,0.35,1
APP105621,31,Female,Delhi,Salaried,40100.0,623,Home Renovation,162000.0,24,13.46,7737.0,0,3,2025-05-04,0.19,1
APP104875,51,Male,Maharashtra,Self-Employed,31700.0,701,Education,424000.0,36,13.51,14391.0,0,3,2024-06-15,0.45,0
APP100629,37,Female,Karnataka,Self-Employed,51400.0,655,Medical,397000.0,84,14.16,7475.0,1,0,2024-02-26,0.29,0
APP104971,57,Female,Tamil Nadu,Salaried,29400.0,778,Vehicle,369000.0,48,11.97,9712.0,1,1,2024-12-31,0.66,0
APP102548,53,Male,Telangana,Salaried,40400.0,712,Personal,303000.0,60,13.46,6966.0,2,0,2025-01-16,0.52,1
APP104780,36,Female,Maharashtra,Salaried,36400.0,641,Personal,514000.0,48,13.8,13994.0,0,0,2025-04-02,0.38,0
APP100408,52,Male,Tamil Nadu,Salaried,58300.0,728,Personal,20000.0,48,13.61,543.0,0,1,2025-07-30,0.01,0
APP103391,26,Female,Punjab,Business Owner,52700.0,716,Home Renovation,244000.0,24,13.07,11608.0,3,1,2025-10-02,0.88,0
APP100164,59,Male,Uttar Pradesh,Salaried,64400.0,737,Personal,237000.0,36,12.86,7969.0,1,2,2024-11-07,0.25,0
APP105612,23,Female,Gujarat,Self-Employed,27600.0,656,Education,315000.0,24,13.2,15005.0,0,1,2024-11-15,0.54,0
APP102336,46,Female,Uttar Pradesh,Self-Employed,53300.0,785,Home Renovation,429000.0,60,10.95,9317.0,2,2,2025-11-04,0.52,0
APP104049,42,Male,Karnataka,Salaried,53900.0,672,Business Expansion,364000.0,36,12.1,12107.0,3,0,2025-11-24,0.9,1
APP102426,30,Male,Karnataka,Self-Employed,80000.0,683,Home Renovation,111000.0,36,12.52,3714.0,0,1,2025-08-15,0.05,0
APP101087,41,Male,Rajasthan,Business Owner,50200.0,789,Vehicle,356000.0,24,9.95,16419.0,2,2,2024-05-25,0.98,0
APP103770,27,Male,Delhi,Salaried,46100.0,747,Personal,188000.0,48,11.05,4864.0,1,0,2024-11-23,0.21,0
APP104390,59,Female,Delhi,Business Owner,33500.0,749,Vehicle,441000.0,36,13.12,14885.0,0,0,2025-01-09,0.44,0
APP102914,59,Female,Maharashtra,Salaried,66400.0,593,Personal,360000.0,12,14.48,32405.0,2,0,2025-11-21,1.46,0
APP102860,30,Male,Tamil Nadu,Self-Employed,28500.0,680,Vehicle,22000.0,84,12.89,399.0,0,3,2024-05-18,0.01,0
APP102363,24,Female,Gujarat,Self-Employed,74200.0,692,Education,267000.0,84,14.67,5103.0,3,2,2024-08-19,0.28,1
APP104624,28,Male,Uttar Pradesh,Self-Employed,12000.0,684,Vehicle,284000.0,36,12.69,9527.0,1,2,2024-01-28,1.59,1
APP103881,45,Female,Rajasthan,Salaried,65500.0,684,Education,306000.0,60,13.67,7068.0,1,1,2024-08-24,0.22,0
APP104123,47,Male,Tamil Nadu,Salaried,,670,Business Expansion,303000.0,84,14.35,5737.0,0,1,2024-10-28,0.12,1
APP104894,24,Female,Karnataka,Business Owner,114000.0,567,Business Expansion,170000.0,24,14.18,8177.0,0,2,2024-08-20,0.07,0
APP100274,54,Female,Tamil Nadu,Salaried,30800.0,696,Medical,417000.0,12,11.2,36894.0,1,1,2025-08-28,2.4,1
APP101072,44,Male,Delhi,Business Owner,58300.0,640,Home Renovation,644000.0,84,11.8,11300.0,0,1,2024-03-04,0.19,1
APP104784,24,Female,Delhi,Salaried,35900.0,672,Personal,302000.0,48,12.88,8084.0,0,3,2024-04-21,0.23,1
APP100675,54,Male,Karnataka,Business Owner,60200.0,821,Education,206000.0,60,10.5,4428.0,1,3,2024-01-08,0.15,0
APP105359,38,Male,Uttar Pradesh,Salaried,53300.0,691,Personal,303000.0,48,12.57,8064.0,1,1,2024-03-02,0.3,0
APP103382,42,Male,Tamil Nadu,Salaried,47100.0,763,Vehicle,159000.0,36,11.67,5256.0,0,1,2025-05-27,0.11,0
APP103704,22,Male,Rajasthan,Salaried,34500.0,699,Medical,20000.0,60,12.11,446.0,2,0,2024-10-12,0.04,1
APP100585,48,Female,Uttar Pradesh,Business Owner,97400.0,763,Business Expansion,229000.0,24,11.37,10713.0,1,0,2025-11-18,0.22,0
APP100837,31,Male,West Bengal,Salaried,60600.0,724,Vehicle,630000.0,60,12.22,14084.0,0,2,2025-07-22,0.23,0
APP104399,21,Female,Maharashtra,Self-Employed,12000.0,826,Vehicle,20000.0,24,10.8,930.0,0,3,2025-10-25,0.08,0
APP102615,55,Male,Delhi,Salaried,13300.0,676,Personal,390000.0,60,11.51,8579.0,1,2,2024-08-02,1.29,0
APP102965,37,Male,Uttar Pradesh,Self-Employed,64000.0,654,Business Expansion,419000.0,48,12.75,11189.0,0,3,2025-12-01,0.17,0
APP101437,37,Male,Maharashtra,Business Owner,58000.0,742,Medical,424000.0,36,13.0,14286.0,1,1,2025-08-14,0.49,1
APP101553,42,Female,Uttar Pradesh,Salaried,34500.0,537,Vehicle,148000.0,36,14.69,5108.0,0,3,2025-11-09,0.15,1
APP100816,50,Female,Telangana,Salaried,36700.0,736,Personal,193000.0,24,9.84,8892.0,0,0,2024-06-23,0.24,0
APP101243,55,Male,Punjab,Salaried,55400.0,824,Personal,77000.0,36,12.25,2567.0,0,2,2024-02-20,0.05,0
APP104312,54,Female,Rajasthan,Self-Employed,48500.0,677,Home Renovation,305000.0,24,13.9,14630.0,0,2,2025-05-27,0.3,0
APP100302,45,Male,Maharashtra,Business Owner,86500.0,657,Medical,342000.0,24,13.97,16416.0,0,1,2025-04-16,0.19,0
APP102619,58,Male,Maharashtra,Self-Employed,41100.0,827,Medical,263000.0,36,9.06,8371.0,1,1,2024-11-22,0.41,0
APP105655,21,Female,Tamil Nadu,Salaried,19100.0,560,Personal,156000.0,36,13.15,5268.0,0,2,2025-12-19,0.28,1
APP102678,29,Male,Uttar Pradesh,Self-Employed,59700.0,748,Personal,228000.0,48,10.23,5808.0,1,0,2024-06-23,0.19,0
APP102485,25,Female,Tamil Nadu,Self-Employed,19900.0,582,Education,412000.0,60,14.72,9741.0,0,0,2024-02-26,0.49,0
APP103936,28,Female,Rajasthan,Business Owner,79800.0,748,Home Renovation,269000.0,12,12.44,23956.0,0,1,2025-10-02,0.3,0
APP105933,37,Female,Tamil Nadu,Business Owner,104900.0,878,Business Expansion,330000.0,36,9.9,10633.0,2,1,2024-06-28,0.3,0
APP103162,32,Male,Tamil Nadu,Salaried,56500.0,698,Vehicle,99000.0,12,10.55,8729.0,1,1,2024-10-06,0.31,0
APP101063,28,Female,West Bengal,Self-Employed,21400.0,638,Vehicle,441000.0,12,13.05,39399.0,0,0,2024-06-22,1.84,1
APP100872,42,Male,Uttar Pradesh,Salaried,12000.0,796,Personal,181000.0,24,11.61,8487.0,0,1,2025-01-10,0.71,0
APP102819,33,Male,West Bengal,Business Owner,45900.0,739,Personal,168000.0,24,10.12,7762.0,0,0,2025-04-21,0.17,0
APP105248,51,Male,West Bengal,Self-Employed,25600.0,607,Business Expansion,113000.0,36,13.37,3828.0,0,3,2025-06-09,0.15,0
APP100952,30,Female,Karnataka,Business Owner,12000.0,657,Education,121000.0,60,12.85,2744.0,0,1,2024-10-13,0.23,0
APP100159,35,Male,Tamil Nadu,Salaried,35700.0,730,Personal,20000.0,48,12.78,534.0,0,1,2024-10-26,0.01,1
APP100923,24,Male,Maharashtra,Business Owner,53500.0,619,Home Renovation,436000.0,24,14.85,21109.0,1,1,2025-03-06,0.79,0
APP102770,27,Male,Telangana,Salaried,32100.0,689,Business Expansion,349000.0,24,11.37,16326.0,1,0,2024-10-10,1.02,1
APP104155,25,Male,Karnataka,Self-Employed,58300.0,570,Personal,66000.0,12,15.71,5979.0,0,2,2024-08-04,0.1,1
APP105944,47,Female,Karnataka,Salaried,,619,Personal,302000.0,24,13.9,14486.0,0,2,2025-01-16,0.46,0
APP104334,36,Male,Delhi,Self-Employed,37100.0,690,Home Renovation,215000.0,24,13.31,10253.0,1,5,2024-07-09,0.55,0
APP101975,55,Male,Karnataka,Salaried,24500.0,697,Vehicle,304000.0,12,13.72,27255.0,2,0,2025-07-16,3.34,0
APP104119,28,Male,Uttar Pradesh,Salaried,19000.0,804,Personal,420000.0,36,11.74,13898.0,1,1,2024-08-31,1.46,1
APP104888,59,Male,Tamil Nadu,Self-Employed,46400.0,624,Home Renovation,61000.0,36,13.63,2074.0,0,0,2025-06-28,0.04,0
APP103735,40,Male,Telangana,Self-Employed,16500.0,674,Home Renovation,121000.0,84,11.46,2101.0,0,2,2024-09-18,0.13,0
APP102394,38,Female,Delhi,Self-Employed,75300.0,615,Personal,249000.0,24,12.78,11812.0,1,4,2025-05-15,0.31,1
APP105213,43,Male,Tamil Nadu,Salaried,35900.0,761,Home Renovation,259000.0,24,10.69,12034.0,1,3,2024-03-22,0.67,1
APP103603,49,Male,Gujarat,Salaried,63500.0,715,Personal,72000.0,48,12.83,1926.0,0,2,2025-02-07,0.03,0
APP102056,22,Male,Maharashtra,Self-Employed,22000.0,726,Personal,370000.0,24,13.29,17641.0,1,3,2024-02-26,1.6,0
APP104324,33,Male,Uttar Pradesh,Salaried,37400.0,609,Personal,200000.0,48,14.39,5505.0,0,3,2024-06-29,0.15,0
APP100489,39,Female,Telangana,Salaried,43900.0,682,Home Renovation,240000.0,24,14.49,11579.0,0,0,2025-09-15,0.26,0
APP103713,32,Male,West Bengal,Salaried,35200.0,633,Business Expansion,368000.0,24,13.4,17565.0,1,1,2024-02-10,1.0,1
APP100385,34,Male,Rajasthan,Salaried,34800.0,755,Personal,192000.0,24,12.84,9114.0,1,1,2024-02-05,0.52,0
APP103488,43,Male,Maharashtra,Salaried,48200.0,730,Vehicle,251000.0,48,13.72,6824.0,0,2,2025-07-24,0.14,0
APP102283,52,Male,Delhi,Salaried,36000.0,703,Personal,109000.0,84,12.61,1960.0,0,1,2024-05-08,0.05,0
APP104111,26,Male,Uttar Pradesh,Business Owner,54600.0,849,Home Renovation,351000.0,36,11.23,11530.0,0,1,2024-12-17,0.21,0
APP101824,26,Male,Punjab,Business Owner,90900.0,569,Personal,26000.0,24,13.84,1246.0,0,1,2025-05-28,0.01,1
APP104365,50,Male,Gujarat,Salaried,59000.0,811,Vehicle,101000.0,48,9.86,2555.0,3,0,2025-12-27,0.17,0
APP104419,50,Male,Tamil Nadu,Salaried,40500.0,821,Vehicle,171000.0,24,10.61,7939.0,0,1,2024-01-23,0.2,0
APP101588,48,Male,Uttar Pradesh,Self-Employed,51200.0,637,Business Expansion,348000.0,60,15.44,8359.0,0,1,2025-09-17,0.16,1
APP105908,44,Male,Tamil Nadu,Self-Employed,38300.0,668,Personal,38000.0,48,13.08,1021.0,2,0,2025-08-18,0.08,1
APP103348,48,Female,Maharashtra,Self-Employed,12000.0,756,Vehicle,399000.0,24,11.03,18602.0,0,0,2025-06-30,1.55,1
APP105782,34,Male,Uttar Pradesh,Business Owner,55800.0,664,Medical,308000.0,24,14.13,14807.0,1,1,2025-05-31,0.53,1
APP101751,50,Female,Gujarat,Business Owner,59100.0,606,Business Expansion,485000.0,48,13.3,13084.0,2,2,2024-01-19,0.66,1
APP101231,27,Female,Delhi,Business Owner,32700.0,679,Education,210000.0,84,13.61,3890.0,1,0,2025-05-19,0.24,0
APP104089,35,Male,Karnataka,Self-Employed,74000.0,728,Education,248000.0,84,12.96,4506.0,1,2,2024-02-29,0.12,0
APP103160,28,Male,Karnataka,Self-Employed,73500.0,810,Vehicle,529000.0,12,10.54,46640.0,0,2,2024-07-20,0.63,0
APP100963,53,Male,Maharashtra,Self-Employed,,679,Personal,139000.0,84,11.76,2436.0,0,3,2025-08-27,0.19,0
APP104593,59,Female,Rajasthan,Salaried,36400.0,531,Business Expansion,183000.0,36,17.02,6526.0,1,0,2025-07-25,0.36,0
APP100352,50,Male,Gujarat,Salaried,42300.0,672,Personal,269000.0,36,14.28,9230.0,1,2,2024-08-14,0.44,0
APP101838,41,Male,Delhi,Salaried,41500.0,687,Medical,371000.0,12,12.37,33027.0,0,0,2025-02-13,0.8,1
APP103945,54,Male,Tamil Nadu,Salaried,24500.0,488,Personal,277000.0,48,16.17,7874.0,0,3,2024-04-15,0.32,0
APP104840,33,Male,Karnataka,Salaried,28900.0,777,Business Expansion,227000.0,36,10.85,7416.0,0,1,2025-05-25,0.26,0
APP100001,49,Male,Tamil Nadu,Salaried,12000.0,704,Home Renovation,238000.0,36,13.92,8125.0,0,2,2024-09-23,0.68,0
APP105154,58,Female,Delhi,Self-Employed,14200.0,556,Home Renovation,486000.0,24,15.72,23731.0,1,2,2025-05-18,3.34,1
APP104381,23,Male,Maharashtra,Salaried,18300.0,657,Vehicle,99000.0,24,13.0,4707.0,0,0,2024-01-26,0.26,1
APP105804,21,Male,West Bengal,Salaried,58200.0,683,Vehicle,153000.0,48,12.43,4061.0,1,0,2025-06-16,0.14,1
APP100783,39,Male,West Bengal,Self-Employed,14900.0,613,Personal,396000.0,36,12.02,13157.0,1,0,2025-10-24,1.77,1
APP104879,22,Male,Maharashtra,Salaried,76900.0,656,Education,422000.0,36,13.03,14225.0,0,1,2024-07-10,0.18,0
APP102396,31,Male,Uttar Pradesh,Salaried,25800.0,722,Home Renovation,41000.0,48,13.96,1120.0,1,1,2025-08-31,0.09,0
APP104861,42,Male,West Bengal,Salaried,27700.0,775,Home Renovation,547000.0,12,12.21,48654.0,0,1,2024-05-13,1.76,1
APP100068,38,Female,Karnataka,Salaried,56000.0,800,Home Renovation,20000.0,48,12.19,529.0,0,3,2024-07-11,0.01,0
APP100403,56,Male,Rajasthan,Salaried,54000.0,668,Home Renovation,152000.0,12,13.57,13617.0,1,0,2025-11-14,0.5,0
APP103434,40,Male,West Bengal,Self-Employed,30200.0,668,Vehicle,46000.0,36,13.35,1558.0,2,4,2025-06-17,0.15,0
APP102185,30,Male,Karnataka,Business Owner,52900.0,799,Vehicle,312000.0,36,11.14,10235.0,0,1,2025-01-18,0.19,0
APP105411,35,Female,Maharashtra,Salaried,46100.0,738,Vehicle,287000.0,24,12.63,13595.0,1,0,2024-12-05,0.59,0
APP104273,57,Female,Tamil Nadu,Salaried,60700.0,704,Education,88000.0,24,13.99,4225.0,0,2,2024-11-09,0.07,0
APP103428,52,Male,Maharashtra,Salaried,42400.0,569,Home Renovation,391000.0,12,13.04,34930.0,0,1,2025-02-26,0.82,0
APP102139,48,Female,Punjab,Business Owner,12000.0,713,Education,315000.0,36,12.52,10541.0,2,1,2025-05-26,2.64,1
APP101200,37,Male,Delhi,Salaried,40900.0,633,Business Expansion,373000.0,24,12.68,17677.0,1,1,2025-10-16,0.86,0
APP102915,54,Male,Karnataka,Self-Employed,50200.0,743,Personal,330000.0,24,12.97,15684.0,3,1,2024-01-29,1.25,1
APP102300,43,Male,Telangana,Self-Employed,28600.0,685,Education,337000.0,60,13.5,7754.0,1,2,2025-05-15,0.54,0
APP101756,32,Male,Telangana,Salaried,42900.0,794,Vehicle,691000.0,12,13.13,61760.0,0,0,2024-08-21,1.44,0
APP103486,46,Male,Delhi,Self-Employed,48800.0,656,Business Expansion,338000.0,60,11.92,7505.0,3,2,2024-09-16,0.62,0
APP101577,23,Male,Uttar Pradesh,Salaried,53300.0,701,Personal,141000.0,12,13.43,12622.0,0,2,2025-09-21,0.24,0
APP102719,50,Male,Delhi,Self-Employed,28000.0,652,Home Renovation,460000.0,36,13.85,15688.0,1,0,2025-01-18,1.12,1
APP102241,34,Male,Uttar Pradesh,Salaried,56500.0,571,Vehicle,168000.0,36,14.59,5790.0,0,1,2025-03-17,0.1,1
APP102774,42,Male,Uttar Pradesh,Salaried,12600.0,764,Personal,448000.0,48,12.76,11965.0,2,5,2025-04-02,2.85,1
APP101507,35,Male,Karnataka,Self-Employed,14200.0,751,Personal,183000.0,48,12.46,4861.0,1,1,2025-02-26,0.68,0
APP103749,26,Female,Karnataka,Self-Employed,33900.0,638,Personal,321000.0,48,14.6,8869.0,0,1,2025-03-09,0.26,0
APP102493,41,Female,Delhi,Self-Employed,42200.0,610,Personal,242000.0,12,14.54,21790.0,0,1,2024-07-01,0.52,0
APP105109,48,Male,West Bengal,Self-Employed,61900.0,634,Personal,130000.0,36,12.8,4368.0,2,2,2025-04-17,0.21,0
APP100538,46,Male,Karnataka,Self-Employed,22400.0,539,Vehicle,100000.0,24,13.57,4781.0,1,0,2025-01-29,0.43,0
APP101330,44,Male,Delhi,Self-Employed,47200.0,636,Vehicle,237000.0,24,13.63,11338.0,0,3,2024-01-13,0.24,1
APP102303,42,Female,Karnataka,Salaried,45800.0,571,Home Renovation,115000.0,24,14.58,5553.0,0,3,2025-08-19,0.12,0
APP102499,53,Male,Karnataka,Salaried,67700.0,757,Home Renovation,354000.0,36,12.49,11841.0,0,1,2025-10-20,0.17,0
APP101612,38,Female,Telangana,Self-Employed,16500.0,541,Medical,197000.0,24,14.65,9519.0,0,0,2024-07-29,0.58,0
APP101488,25,Male,Tamil Nadu,Self-Employed,42700.0,715,Vehicle,599000.0,36,12.03,19904.0,1,0,2024-12-15,0.93,1
APP102018,56,Male,Maharashtra,Salaried,29800.0,603,Personal,299000.0,12,15.12,27004.0,2,0,2024-11-22,2.72,1
APP101744,58,Female,Gujarat,Self-Employed,30900.0,599,Education,427000.0,24,14.07,20516.0,2,0,2024-07-07,1.99,1
APP104827,26,Female,Delhi,Salaried,33200.0,634,Medical,168000.0,24,14.01,8067.0,1,3,2024-09-23,0.49,0
APP105684,36,Male,Punjab,Business Owner,83800.0,765,Vehicle,20000.0,36,12.24,667.0,1,0,2024-06-24,0.02,0
APP105488,29,Male,West Bengal,Business Owner,67900.0,876,Home Renovation,382000.0,24,11.65,17920.0,1,0,2024-08-25,0.53,0
APP105899,43,Male,Karnataka,Self-Employed,40100.0,829,Home Renovation,563000.0,12,11.17,49804.0,1,0,2024-12-15,2.48,1
APP104606,35,Male,Gujarat,Self-Employed,24000.0,745,Vehicle,282000.0,24,10.92,13133.0,0,3,2024-02-27,0.55,1
APP101393,30,Male,Uttar Pradesh,Salaried,55600.0,658,Vehicle,394000.0,24,12.89,18711.0,0,3,2025-04-04,0.34,0
APP101508,47,Male,Delhi,Salaried,34600.0,600,Education,316000.0,84,13.22,5787.0,0,1,2024-07-16,0.17,1
APP101194,50,Male,Karnataka,Self-Employed,17200.0,790,Personal,231000.0,36,9.33,7381.0,1,3,2025-04-26,0.86,0
APP105217,28,Female,Delhi,Salaried,13300.0,696,Medical,212000.0,60,11.86,4701.0,0,1,2024-07-17,0.35,1
APP105797,21,Male,Gujarat,Salaried,,860,Personal,86000.0,48,9.69,2168.0,3,2,2025-09-06,0.15,0
APP103800,43,Male,Maharashtra,Salaried,30600.0,767,Personal,299000.0,48,11.28,7769.0,0,1,2025-04-02,0.25,0
APP105136,46,Male,Delhi,Salaried,12000.0,624,Vehicle,436000.0,60,12.36,9778.0,1,1,2025-06-08,1.63,0
APP104677,48,Female,Rajasthan,Self-Employed,12000.0,633,Vehicle,264000.0,60,13.44,6066.0,0,0,2025-07-11,0.51,0
APP105559,39,Female,Maharashtra,Self-Employed,84500.0,610,Home Renovation,49000.0,36,12.44,1638.0,1,2,2024-12-05,0.04,0
APP101931,55,Male,Telangana,Salaried,24600.0,665,Medical,168000.0,84,10.8,2859.0,1,1,2025-01-07,0.23,0
APP102812,44,Male,Maharashtra,Self-Employed,61300.0,562,Personal,236000.0,60,15.58,5687.0,1,1,2025-12-16,0.19,0
APP103974,29,Female,Delhi,Self-Employed,37400.0,677,Vehicle,63000.0,24,12.7,2986.0,0,0,2024-06-06,0.08,1
APP102539,48,Male,Delhi,Business Owner,69300.0,900,Vehicle,161000.0,60,10.54,3464.0,1,1,2024-01-14,0.1,0
APP102669,58,Male,Uttar Pradesh,Salaried,27600.0,670,Education,592000.0,24,13.99,28421.0,1,4,2024-10-17,2.06,1
APP103719,55,Male,Punjab,Self-Employed,57000.0,806,Home Renovation,193000.0,60,11.92,4285.0,2,1,2024-12-11,0.23,0
APP103248,31,Male,Maharashtra,Salaried,48100.0,626,Vehicle,281000.0,36,15.09,9753.0,3,0,2024-06-28,0.81,0
APP104759,45,Male,Tamil Nadu,Self-Employed,12200.0,737,Personal,277000.0,84,11.97,4885.0,0,0,2024-12-29,0.4,1
APP102822,31,Male,Karnataka,Salaried,34600.0,621,Vehicle,163000.0,36,13.78,5554.0,1,3,2025-12-24,0.32,0
APP100573,43,Female,Rajasthan,Self-Employed,16300.0,699,Education,250000.0,36,11.44,8237.0,0,0,2025-04-13,0.51,0
APP100696,25,Female,Delhi,Salaried,52600.0,781,Business Expansion,230000.0,24,11.63,10787.0,1,2,2025-09-09,0.41,0
APP105634,37,Female,Punjab,Self-Employed,39000.0,809,Vehicle,395000.0,36,12.1,13139.0,1,2,2024-08-18,0.67,0
APP105379,53,Male,Gujarat,Salaried,71800.0,737,Personal,291000.0,36,11.68,9621.0,2,0,2024-08-11,0.4,0
APP105467,39,Male,Uttar Pradesh,Self-Employed,15500.0,672,Personal,517000.0,60,13.24,11827.0,2,2,2024-08-01,2.29,0
APP105356,45,Male,Karnataka,Self-Employed,,758,Personal,447000.0,36,11.16,14668.0,1,3,2025-06-29,0.6,1
APP102187,48,Male,Karnataka,Salaried,30700.0,608,Medical,398000.0,12,14.83,35891.0,0,2,2024-01-16,1.17,1
APP104022,45,Male,Gujarat,Salaried,35000.0,855,Medical,364000.0,24,11.46,17043.0,0,1,2025-07-13,0.49,0
APP105681,57,Female,Maharashtra,Salaried,53700.0,686,Vehicle,166000.0,36,15.48,5794.0,0,3,2025-06-09,0.11,0
APP102045,50,Male,Punjab,Salaried,54600.0,597,Home Renovation,202000.0,24,12.45,9551.0,0,3,2025-10-13,0.17,0
APP100282,24,Female,West Bengal,Self-Employed,42800.0,617,Personal,442000.0,36,14.69,15255.0,1,0,2024-06-30,0.71,1
APP100258,41,Female,Punjab,Self-Employed,47700.0,669,Personal,182000.0,12,12.41,16205.0,2,2,2024-03-29,1.02,0
APP102664,28,Female,Uttar Pradesh,Salaried,22600.0,623,Business Expansion,531000.0,12,13.64,47587.0,0,1,2024-11-08,2.11,1
APP105019,53,Male,West Bengal,Salaried,47500.0,774,Education,324000.0,60,10.41,6950.0,0,4,2024-07-03,0.15,1
APP103233,38,Female,West Bengal,Salaried,49700.0,762,Business Expansion,308000.0,48,11.87,8091.0,1,2,2025-09-09,0.33,0
APP100725,21,Female,Karnataka,Salaried,36600.0,733,Home Renovation,411000.0,24,11.37,19227.0,1,1,2024-03-24,1.05,0
APP101636,40,Male,Tamil Nadu,Self-Employed,43700.0,671,Education,234000.0,48,12.78,6252.0,0,1,2025-01-06,0.14,1
APP104773,32,Female,Telangana,Salaried,25500.0,644,Vehicle,577000.0,36,14.18,19771.0,0,2,2025-04-28,0.78,0
APP100055,38,Female,Tamil Nadu,Self-Employed,,654,Medical,106000.0,36,13.67,3606.0,1,1,2025-03-01,0.28,0
APP104905,48,Male,Tamil Nadu,Salaried,48000.0,767,Education,245000.0,24,11.39,11463.0,1,0,2024-10-11,0.48,0
APP101411,51,Male,Delhi,Salaried,66100.0,740,Medical,664000.0,36,12.04,22067.0,1,1,2024-03-26,0.67,0
APP102214,41,Female,Karnataka,Business Owner,83400.0,713,Business Expansion,283000.0,48,12.79,7563.0,2,4,2025-06-23,0.27,0
APP105890,47,Male,Delhi,Self-Employed,,639,Personal,207000.0,36,11.49,6825.0,0,1,2024-10-30,0.57,1
APP102935,28,Male,Gujarat,Salaried,,850,Personal,189000.0,24,11.44,8848.0,0,1,2024-05-27,0.17,0
APP100888,45,Male,Delhi,Self-Employed,16200.0,670,Personal,152000.0,36,13.4,5151.0,1,2,2024-01-03,0.64,0
APP102954,57,Male,Maharashtra,Self-Employed,37800.0,610,Vehicle,20000.0,24,13.17,952.0,1,1,2024-07-13,0.05,0
APP101687,23,Male,West Bengal,Self-Employed,12000.0,766,Vehicle,150000.0,24,13.43,7162.0,0,2,2024-01-02,0.6,0
APP101819,23,Female,Tamil Nadu,Business Owner,109800.0,589,Education,185000.0,36,14.46,6364.0,2,1,2025-05-25,0.17,0
APP103703,37,Male,Maharashtra,Self-Employed,46700.0,661,Medical,182000.0,48,11.91,4785.0,0,2,2025-02-17,0.1,0
APP101972,22,Female,Uttar Pradesh,Salaried,67100.0,618,Medical,228000.0,48,14.5,6288.0,1,2,2025-06-10,0.19,0
APP100714,47,Male,Karnataka,Salaried,29100.0,746,Vehicle,84000.0,12,12.66,7489.0,0,1,2025-09-18,0.26,0
APP104701,54,Male,Uttar Pradesh,Salaried,72800.0,748,Medical,319000.0,48,13.71,8671.0,0,0,2024-09-19,0.12,0
APP102286,42,Male,Karnataka,Salaried,73900.0,599,Medical,453000.0,48,15.58,12741.0,0,3,2025-05-19,0.17,0
APP105659,49,Male,Gujarat,Self-Employed,55700.0,767,Vehicle,472000.0,48,13.25,12721.0,1,0,2025-11-23,0.46,0
APP105461,43,Male,Delhi,Salaried,22200.0,821,Home Renovation,210000.0,36,11.54,6929.0,0,1,2024-01-04,0.31,0
APP104929,33,Female,Maharashtra,Salaried,52500.0,793,Personal,94000.0,48,13.43,2542.0,1,1,2024-08-30,0.1,0
APP102848,56,Female,Tamil Nadu,Business Owner,51900.0,646,Vehicle,20000.0,48,13.67,543.0,1,0,2024-12-18,0.02,0
APP104713,52,Male,Maharashtra,Self-Employed,69000.0,608,Home Renovation,397000.0,36,13.57,13486.0,1,0,2024-01-01,0.39,0
APP100123,24,Female,Maharashtra,Business Owner,80800.0,637,Personal,424000.0,24,13.06,20170.0,2,2,2025-04-29,0.75,0
APP104430,37,Male,Uttar Pradesh,Self-Employed,38500.0,575,Personal,283000.0,48,15.77,7987.0,3,0,2025-05-14,0.83,1
APP105581,44,Male,Maharashtra,Salaried,52300.0,741,Medical,118000.0,60,14.15,2755.0,0,1,2025-10-21,0.05,0
APP104400,35,Male,Tamil Nadu,Salaried,82100.0,651,Vehicle,20000.0,12,11.61,1773.0,0,0,2025-04-13,0.02,0
APP100980,41,Female,West Bengal,Salaried,33100.0,724,Education,341000.0,48,13.49,9231.0,0,1,2025-05-22,0.28,0
APP100175,53,Male,Maharashtra,Self-Employed,36000.0,669,Vehicle,101000.0,12,12.78,9011.0,0,1,2024-12-06,0.25,0
APP100581,32,Male,Karnataka,Salaried,34700.0,577,Business Expansion,123000.0,24,12.65,5827.0,0,2,2025-06-08,0.17,0
APP104838,43,Female,Rajasthan,Salaried,54600.0,734,Home Renovation,259000.0,60,12.95,5886.0,0,1,2025-02-11,0.11,0
APP101616,42,Male,Karnataka,Salaried,29000.0,753,Vehicle,20000.0,48,12.43,531.0,2,1,2024-06-07,0.05,0
APP105324,46,Female,Rajasthan,Salaried,12000.0,613,Home Renovation,75000.0,36,14.82,2593.0,0,1,2024-11-20,0.22,0
APP102876,58,Male,Maharashtra,Salaried,59100.0,588,Education,335000.0,24,15.74,16361.0,1,0,2024-05-29,0.55,0
APP105083,42,Female,Uttar Pradesh,Salaried,34300.0,682,Education,242000.0,60,12.14,5400.0,2,2,2025-08-10,0.47,0
APP103243,22,Male,Karnataka,Salaried,23000.0,683,Home Renovation,402000.0,36,13.09,13562.0,0,1,2024-03-25,0.59,0
APP101861,50,Female,Delhi,Business Owner,32400.0,577,Education,371000.0,36,13.54,12597.0,2,2,2025-08-25,1.17,1
APP103575,54,Male,Tamil Nadu,Self-Employed,30800.0,688,Vehicle,231000.0,24,13.18,11002.0,0,1,2024-12-26,0.36,1
APP103606,26,Male,Delhi,Self-Employed,49900.0,579,Personal,232000.0,24,14.72,11218.0,2,2,2025-03-21,0.67,1
APP105713,27,Male,Maharashtra,Self-Employed,12000.0,639,Personal,99000.0,24,14.58,4780.0,0,2,2025-12-14,0.4,1
APP102974,43,Male,Karnataka,Self-Employed,54100.0,662,Business Expansion,361000.0,12,13.2,32277.0,1,0,2024-02-02,1.19,1
APP104505,24,Female,Gujarat,Self-Employed,12000.0,599,Personal,288000.0,24,15.9,14088.0,1,2,2024-08-19,2.35,1
APP104771,37,Male,Tamil Nadu,Salaried,42100.0,618,Personal,201000.0,36,12.76,6749.0,1,3,2024-06-09,0.32,0
APP100297,52,Male,Uttar Pradesh,Salaried,50900.0,779,Personal,178000.0,36,13.95,6079.0,0,3,2024-09-22,0.12,0
APP100925,22,Male,Delhi,Salaried,65500.0,657,Home Renovation,349000.0,36,12.95,11751.0,0,2,2024-02-14,0.18,0
APP104118,22,Female,Maharashtra,Business Owner,96500.0,649,Vehicle,327000.0,24,12.72,15503.0,2,1,2024-10-03,0.48,1
APP104950,59,Male,West Bengal,Salaried,49400.0,760,Education,255000.0,12,11.25,22567.0,1,1,2024-07-02,0.91,0
APP102115,39,Female,Karnataka,Business Owner,53700.0,722,Business Expansion,244000.0,84,12.73,4403.0,0,1,2024-11-10,0.08,0
APP104824,49,Male,Rajasthan,Self-Employed,42400.0,759,Personal,401000.0,48,11.96,10552.0,0,1,2024-07-21,0.25,0
APP101307,31,Male,West Bengal,Salaried,62500.0,746,Medical,267000.0,24,12.44,12624.0,1,1,2025-06-25,0.4,0
APP104767,41,Female,Karnataka,Salaried,56400.0,584,Personal,335000.0,48,14.69,9271.0,3,2,2025-08-11,0.66,0
APP101672,26,Female,Uttar Pradesh,Self-Employed,42700.0,671,Home Renovation,299000.0,60,13.37,6860.0,0,1,2024-07-13,0.16,1
APP101199,57,Male,Gujarat,Salaried,40500.0,654,Personal,521000.0,24,12.86,24735.0,0,2,2024-07-04,0.61,1
APP102229,52,Female,Delhi,Salaried,36800.0,679,Personal,280000.0,60,12.55,6307.0,1,0,2025-09-22,0.34,0
APP105946,48,Male,Tamil Nadu,Self-Employed,41100.0,695,Medical,146000.0,12,13.72,13090.0,1,2,2024-08-13,0.64,1
APP100293,51,Male,Uttar Pradesh,Self-Employed,12100.0,779,Home Renovation,488000.0,36,11.75,16150.0,1,1,2025-05-20,2.67,0
APP102690,34,Female,Maharashtra,Salaried,16200.0,690,Education,538000.0,48,12.56,14316.0,1,1,2024-12-17,1.77,1
APP104222,57,Male,Maharashtra,Salaried,52900.0,797,Medical,89000.0,36,11.8,2948.0,0,0,2025-07-06,0.06,0
APP102579,53,Female,Rajasthan,Business Owner,42100.0,632,Home Renovation,24000.0,48,13.67,652.0,1,4,2024-04-06,0.03,0
APP104882,22,Female,Uttar Pradesh,Salaried,69900.0,783,Personal,616000.0,12,11.72,54650.0,2,0,2025-12-27,2.35,1
APP100692,30,Male,Punjab,Salaried,37800.0,759,Business Expansion,101000.0,48,12.24,2672.0,0,2,2025-02-18,0.07,0
APP100686,37,Male,Uttar Pradesh,Self-Employed,59100.0,765,Home Renovation,249000.0,36,13.38,8435.0,3,1,2024-01-19,0.57,0
APP100817,58,Male,Telangana,Salaried,58900.0,587,Business Expansion,368000.0,48,13.88,10034.0,0,1,2024-09-15,0.17,1
APP100216,43,Female,Punjab,Salaried,43400.0,658,Personal,338000.0,36,12.75,11348.0,0,3,2024-05-11,0.26,0
APP103325,45,Female,West Bengal,Salaried,34800.0,810,Medical,484000.0,84,11.48,8410.0,0,1,2024-12-05,0.24,0
APP104248,51,Female,Maharashtra,Business Owner,67400.0,661,Business Expansion,391000.0,48,11.57,10214.0,2,0,2024-12-17,0.45,0
APP105400,45,Male,Maharashtra,Salaried,45300.0,485,Personal,436000.0,48,14.87,12105.0,0,2,2024-01-16,0.27,0
APP103889,41,Male,Uttar Pradesh,Business Owner,84900.0,524,Education,271000.0,12,13.45,24262.0,1,2,2025-11-11,0.57,0
APP105549,39,Female,West Bengal,Salaried,80100.0,733,Personal,141000.0,24,11.51,6605.0,0,2,2025-08-17,0.08,0
APP105771,42,Male,Gujarat,Self-Employed,29500.0,729,Education,438000.0,12,11.98,38912.0,1,3,2024-04-30,2.64,1
APP100478,33,Female,Tamil Nadu,Salaried,41300.0,695,Personal,132000.0,36,12.9,4441.0,0,1,2025-10-17,0.11,1
APP104933,40,Male,Karnataka,Business Owner,37500.0,734,Medical,172000.0,12,13.66,15416.0,0,2,2024-07-03,0.41,0
APP105363,33,Male,West Bengal,Salaried,19200.0,695,Business Expansion,516000.0,24,12.39,24384.0,0,0,2025-12-29,1.27,0
APP103198,26,Female,Telangana,Self-Employed,62700.0,582,Home Renovation,328000.0,12,13.14,29318.0,2,0,2024-05-03,1.4,1
APP100812,31,Male,Gujarat,Self-Employed,45300.0,619,Medical,464000.0,12,13.33,41515.0,1,0,2025-08-25,1.83,0
APP104346,52,Male,Rajasthan,Self-Employed,,725,Business Expansion,67000.0,36,13.25,2266.0,1,2,2024-06-07,0.05,0
APP100843,30,Female,Karnataka,Salaried,37000.0,553,Business Expansion,20000.0,24,13.9,959.0,1,0,2025-04-24,0.05,0
APP103056,52,Male,Delhi,Salaried,61700.0,822,Vehicle,238000.0,24,10.53,11041.0,1,3,2024-09-01,0.36,0
APP102375,44,Male,Gujarat,Salaried,12000.0,652,Vehicle,136000.0,60,13.65,3140.0,0,1,2024-01-05,0.26,0
APP104069,38,Female,Telangana,Self-Employed,12000.0,686,Business Expansion,383000.0,60,12.36,8589.0,1,1,2025-01-19,1.43,1
APP102032,38,Male,Maharashtra,Salaried,62700.0,447,Medical,93000.0,36,15.89,3265.0,1,1,2025-06-11,0.1,1
APP100967,25,Female,Rajasthan,Self-Employed,36100.0,486,Education,292000.0,36,16.15,10287.0,0,0,2024-12-07,0.28,1
APP105449,38,Male,West Bengal,Self-Employed,51500.0,620,Medical,262000.0,60,14.92,6222.0,0,1,2025-01-04,0.12,0
APP105293,23,Female,Telangana,Salaried,44900.0,758,Business Expansion,428000.0,36,10.56,13923.0,2,2,2024-08-31,0.93,0
APP100972,29,Male,Maharashtra,Salaried,12000.0,716,Personal,238000.0,60,11.74,5263.0,1,2,2025-06-02,0.88,0
APP101896,46,Male,West Bengal,Salaried,37000.0,683,Personal,207000.0,84,13.77,3853.0,2,1,2025-03-31,0.31,0
APP104342,36,Male,Uttar Pradesh,Business Owner,60400.0,624,Medical,439000.0,36,14.68,15149.0,0,0,2024-12-08,0.25,1
APP102704,42,Male,Delhi,Self-Employed,60800.0,533,Personal,20000.0,24,12.3,944.0,0,1,2025-05-03,0.02,0
APP105938,24,Male,Maharashtra,Business Owner,92700.0,703,Home Renovation,341000.0,12,14.82,30749.0,0,0,2024-08-10,0.33,0
APP105001,51,Male,Telangana,Salaried,32600.0,788,Vehicle,20000.0,36,9.83,644.0,3,0,2025-05-10,0.08,1
APP103374,47,Male,Punjab,Salaried,50300.0,741,Home Renovation,213000.0,24,11.87,10014.0,0,0,2024-12-19,0.2,0
APP104954,44,Male,Tamil Nadu,Salaried,34000.0,650,Personal,252000.0,24,11.6,11815.0,0,2,2025-10-02,0.35,0
APP104999,34,Female,Delhi,Business Owner,52100.0,718,Education,375000.0,60,10.56,8071.0,1,0,2025-01-30,0.31,0
APP105259,45,Male,Maharashtra,Salaried,31400.0,795,Business Expansion,413000.0,48,10.82,10638.0,1,1,2024-04-03,0.68,0
APP102951,26,Female,Karnataka,Salaried,32200.0,729,Personal,20000.0,84,11.31,346.0,0,1,2025-03-25,0.01,0
APP101345,49,Male,Uttar Pradesh,Business Owner,32800.0,674,Personal,175000.0,60,11.81,3876.0,1,0,2024-02-29,0.24,1
APP100125,57,Male,Tamil Nadu,Business Owner,57900.0,676,Business Expansion,370000.0,48,13.35,9991.0,1,4,2025-09-19,0.35,0
APP100975,42,Female,Telangana,Salaried,37400.0,704,Vehicle,276000.0,84,13.02,5024.0,2,1,2025-03-22,0.4,0
APP105102,47,Female,Gujarat,Business Owner,,684,Home Renovation,523000.0,24,12.87,24832.0,0,1,2025-09-07,0.32,0
APP100509,32,Female,Delhi,Self-Employed,65200.0,576,Vehicle,205000.0,24,14.17,9859.0,0,1,2024-11-28,0.15,1
APP100122,52,Male,Rajasthan,Self-Employed,,706,Business Expansion,245000.0,84,13.83,4568.0,1,3,2025-02-07,0.2,1
APP105389,33,Male,Delhi,Business Owner,16400.0,716,Personal,406000.0,48,12.36,10763.0,0,2,2025-07-07,0.66,0
APP105778,50,Female,Maharashtra,Salaried,28400.0,719,Education,188000.0,24,11.67,8821.0,0,1,2025-06-03,0.31,1
APP101710,40,Male,Karnataka,Self-Employed,70500.0,689,Vehicle,141000.0,24,14.42,6798.0,0,2,2024-02-25,0.1,1
APP102100,22,Male,Uttar Pradesh,Salaried,62400.0,575,Medical,20000.0,36,14.13,685.0,2,2,2025-12-25,0.03,0
APP100869,55,Male,Maharashtra,Self-Employed,44300.0,711,Home Renovation,168000.0,84,13.28,3082.0,0,1,2025-10-25,0.07,0
APP105440,26,Male,Telangana,Salaried,74400.0,842,Personal,260000.0,60,9.33,5439.0,1,2,2025-07-10,0.15,0
APP101030,49,Male,Delhi,Self-Employed,28300.0,562,Medical,111000.0,36,15.07,3852.0,0,4,2025-03-16,0.14,1
APP103463,52,Male,Maharashtra,Salaried,46000.0,602,Business Expansion,364000.0,48,14.86,10105.0,0,1,2025-11-21,0.22,0
APP104852,29,Female,Telangana,Self-Employed,47100.0,424,Personal,594000.0,48,16.06,16852.0,1,4,2024-10-18,0.72,1
APP101998,43,Male,West Bengal,Salaried,32000.0,691,Education,20000.0,36,14.62,690.0,0,1,2025-11-05,0.02,0
APP103590,56,Female,Maharashtra,Salaried,63500.0,673,Personal,316000.0,84,12.74,5704.0,0,1,2025-07-15,0.09,0
APP101156,46,Female,Telangana,Salaried,40500.0,759,Personal,303000.0,48,11.74,7941.0,0,1,2024-12-24,0.2,0
APP103156,50,Male,West Bengal,Salaried,,734,Home Renovation,319000.0,12,10.22,28078.0,2,0,2025-08-21,1.83,0
APP104428,50,Male,Rajasthan,Salaried,16900.0,686,Home Renovation,328000.0,24,14.98,15901.0,1,4,2024-10-16,1.88,1
APP101575,54,Male,Karnataka,Salaried,43200.0,566,Home Renovation,167000.0,24,14.26,8039.0,2,0,2024-02-15,0.56,1
APP105637,38,Female,Uttar Pradesh,Self-Employed,34000.0,586,Education,172000.0,60,13.37,3946.0,0,0,2024-07-08,0.12,0
APP100061,51,Male,Karnataka,Salaried,49700.0,867,Personal,177000.0,36,9.0,5629.0,3,0,2024-11-21,0.45,1
APP100472,-55,Male,Gujarat,Self-Employed,16800.0,678,Medical,192000.0,60,13.51,4419.0,2,2,2024-07-25,0.79,1
APP103454,49,Male,Maharashtra,Salaried,44100.0,759,Home Renovation,152000.0,48,12.82,4064.0,2,0,2025-08-15,0.28,0
APP100865,31,Female,Gujarat,Salaried,43400.0,711,Vehicle,223000.0,48,12.49,5926.0,0,2,2025-03-07,0.14,1
APP103583,24,Female,West Bengal,Salaried,69500.0,648,Personal,122000.0,36,12.46,4079.0,1,0,2025-02-10,0.12,0
APP105712,38,Female,Uttar Pradesh,Salaried,53500.0,551,Medical,20000.0,48,14.54,552.0,1,3,2024-08-26,0.02,1
APP103614,23,Male,Tamil Nadu,Salaried,19700.0,675,Personal,520000.0,48,14.02,14215.0,1,2,2024-11-29,1.44,1
APP104837,39,Female,Maharashtra,Salaried,58500.0,678,Education,53000.0,24,14.97,2569.0,0,0,2025-01-10,0.04,0
APP105810,27,Male,Delhi,Self-Employed,27700.0,772,Education,117000.0,12,13.0,10450.0,0,0,2025-03-19,0.38,0
APP103388,50,Male,Delhi,Self-Employed,52700.0,622,Vehicle,411000.0,36,13.75,13997.0,0,3,2025-01-27,0.27,0
APP102180,29,Male,West Bengal,Business Owner,30000.0,797,Personal,451000.0,36,11.24,14816.0,0,1,2024-04-01,0.49,0
APP104743,53,Male,Maharashtra,Self-Employed,12000.0,734,Medical,462000.0,24,13.17,22001.0,1,0,2024-07-26,3.67,1
APP103281,30,Female,Maharashtra,Self-Employed,46600.0,674,Home Renovation,315000.0,36,11.4,10372.0,0,1,2025-05-06,0.22,0
APP104974,34,Female,Maharashtra,Salaried,50500.0,465,Personal,115000.0,48,14.95,3198.0,4,0,2024-03-01,0.32,0
APP101628,50,Male,Tamil Nadu,Salaried,61200.0,769,Personal,20000.0,12,11.76,1775.0,0,1,2024-08-10,0.03,0
APP102438,26,Female,Telangana,Salaried,73500.0,585,Vehicle,326000.0,48,14.91,9058.0,0,5,2025-12-20,0.12,0
APP101149,26,Male,West Bengal,Self-Employed,51500.0,783,Business Expansion,385000.0,60,10.86,8344.0,1,0,2025-01-30,0.32,0
APP101160,21,Male,Tamil Nadu,Self-Employed,42100.0,531,Home Renovation,223000.0,36,16.11,7852.0,0,4,2025-12-02,0.19,0
APP100256,53,Male,Tamil Nadu,Salaried,20600.0,765,Education,133000.0,36,12.26,4434.0,0,2,2025-10-24,0.22,0
APP102598,33,Male,Tamil Nadu,Self-Employed,47900.0,748,Vehicle,42000.0,48,10.64,1078.0,2,2,2025-08-12,0.07,0
APP104729,42,Male,Uttar Pradesh,Salaried,50600.0,614,Medical,184000.0,24,11.42,8612.0,0,1,2024-01-28,0.17,0
APP105405,43,Female,Maharashtra,Business Owner,,690,Personal,23000.0,24,12.46,1088.0,1,3,2024-05-02,0.05,0
APP104873,55,Male,Delhi,Salaried,42400.0,540,Vehicle,226000.0,12,14.23,20316.0,0,0,2024-12-10,0.48,0
APP101105,58,Male,Tamil Nadu,Salaried,38300.0,668,Education,217000.0,60,13.09,4947.0,0,2,2025-11-06,0.13,1
APP105877,27,Male,Rajasthan,Self-Employed,31800.0,613,Personal,21000.0,36,13.96,717.0,0,1,2024-03-07,0.02,0
APP103407,31,Male,Rajasthan,Self-Employed,20400.0,581,Vehicle,40000.0,60,15.17,955.0,1,0,2024-07-30,0.09,0
APP100557,41,Female,Maharashtra,Self-Employed,60400.0,750,Vehicle,172000.0,60,12.39,3860.0,2,1,2024-12-24,0.19,1
APP101850,39,Female,Gujarat,Salaried,89300.0,661,Personal,72000.0,24,12.58,3409.0,0,2,2025-08-28,0.04,0
APP102088,52,Male,Maharashtra,Salaried,14100.0,846,Personal,429000.0,24,9.81,19759.0,0,1,2024-01-09,1.4,1
APP102899,29,Male,Uttar Pradesh,Self-Employed,48500.0,679,Vehicle,504000.0,48,12.18,13317.0,0,0,2024-12-05,0.27,0
APP103220,50,Male,Uttar Pradesh,Salaried,30400.0,639,Education,420000.0,12,14.23,37756.0,0,0,2024-10-07,1.24,1
APP100261,27,Female,Rajasthan,Self-Employed,60900.0,620,Personal,186000.0,48,10.38,4751.0,0,0,2024-04-25,0.08,0
APP105063,28,Female,Telangana,Self-Employed,31900.0,747,Education,355000.0,24,13.18,16907.0,3,0,2025-03-17,2.12,1
APP100627,26,Male,Gujarat,Salaried,28800.0,599,Home Renovation,20000.0,24,13.24,953.0,3,0,2025-10-22,0.13,0
APP101889,29,Female,Tamil Nadu,Salaried,45400.0,613,Vehicle,228000.0,12,14.36,20510.0,0,0,2024-11-24,0.45,0
APP103042,29,Male,Telangana,Salaried,63300.0,701,Education,20000.0,36,11.93,664.0,0,0,2025-11-17,0.01,0
APP104305,44,Female,Delhi,Self-Employed,46300.0,617,Education,330000.0,36,14.86,11417.0,3,2,2025-01-09,0.99,0
APP102078,33,Male,Gujarat,Salaried,62400.0,583,Medical,151000.0,48,14.76,4184.0,1,1,2025-08-09,0.13,1
APP103585,41,Male,Karnataka,Salaried,33900.0,658,Vehicle,166000.0,24,12.35,7841.0,0,0,2024-06-16,0.23,0
APP104304,30,Male,West Bengal,Self-Employed,59300.0,785,Medical,493000.0,48,10.83,12701.0,1,0,2025-02-27,0.43,1
APP101606,45,Female,Delhi,Self-Employed,35000.0,642,Vehicle,20000.0,24,13.48,955.0,2,1,2025-03-01,0.08,0
APP101020,27,Female,Punjab,Salaried,38400.0,612,Personal,211000.0,12,12.86,18832.0,4,1,2024-08-14,2.45,0
APP100608,30,Female,Telangana,Salaried,36500.0,709,Education,20000.0,48,11.59,523.0,0,3,2024-02-03,0.01,0
APP101403,-49,Female,Delhi,Self-Employed,65400.0,601,Personal,175000.0,84,14.29,3308.0,0,1,2024-06-24,0.05,0
APP104968,41,Female,Karnataka,Salaried,,572,Personal,242000.0,36,15.65,8466.0,0,1,2024-07-28,0.18,0
APP103254,29,Female,Gujarat,Self-Employed,75200.0,799,Home Renovation,378000.0,60,13.19,8637.0,0,1,2025-10-04,0.11,0
APP102096,49,Male,Uttar Pradesh,Salaried,47300.0,636,Education,264000.0,84,12.17,4684.0,0,0,2024-11-23,0.1,0
APP100209,53,Male,Uttar Pradesh,Self-Employed,46600.0,702,Personal,399000.0,24,11.8,18745.0,2,0,2024-11-29,1.21,0
APP103798,40,Male,Punjab,Self-Employed,22900.0,679,Personal,168000.0,24,13.81,8051.0,0,0,2025-07-20,0.35,0
APP103539,25,Female,Telangana,Salaried,35100.0,616,Personal,287000.0,36,12.88,9654.0,1,0,2025-03-03,0.55,1
APP100153,28,Male,Delhi,Salaried,35900.0,544,Vehicle,96000.0,36,13.6,3262.0,0,0,2025-04-02,0.09,1
APP101590,27,Female,Uttar Pradesh,Business Owner,83200.0,681,Personal,161000.0,48,12.96,4316.0,1,1,2024-10-09,0.1,0
APP102442,45,Male,Karnataka,Salaried,45400.0,786,Home Renovation,198000.0,12,11.08,17507.0,2,0,2025-05-16,1.16,0
APP101147,47,Female,Tamil Nadu,Salaried,56300.0,687,Vehicle,316000.0,48,11.33,8218.0,0,1,2025-04-24,0.15,0
APP103427,50,Male,Telangana,Salaried,60700.0,533,Home Renovation,319000.0,12,16.36,28998.0,0,1,2024-10-22,0.48,1
APP101967,23,Male,Gujarat,Self-Employed,59600.0,757,Personal,530000.0,48,12.23,14017.0,1,1,2025-03-10,0.47,0
APP103206,47,Male,Telangana,Salaried,51300.0,661,Vehicle,267000.0,24,14.42,12872.0,1,0,2025-09-27,0.5,0
APP102433,59,Male,Delhi,Self-Employed,12000.0,740,Vehicle,135000.0,60,12.12,3011.0,1,2,2024-05-07,0.5,1
APP101633,57,Male,Tamil Nadu,Salaried,31400.0,640,Personal,53000.0,36,13.28,1793.0,0,3,2024-08-31,0.06,0
APP103292,46,Male,Rajasthan,Business Owner,59800.0,680,Education,586000.0,36,12.65,19646.0,1,0,2025-07-10,0.66,1
APP100597,40,Female,Maharashtra,Self-Employed,32600.0,678,Medical,200000.0,24,13.15,9522.0,0,1,2025-11-12,0.29,0
APP103137,39,Male,Gujarat,Business Owner,62600.0,519,Personal,390000.0,48,14.68,10791.0,0,1,2024-04-02,0.17,0
APP101656,28,Male,Karnataka,Self-Employed,36100.0,742,Education,207000.0,36,11.1,6787.0,0,2,2024-03-30,0.19,0
APP104776,36,Female,West Bengal,Business Owner,49500.0,656,Personal,127000.0,36,13.26,4295.0,0,1,2025-09-25,0.09,0
APP105166,47,Male,Tamil Nadu,Salaried,48000.0,714,Medical,490000.0,36,11.87,16245.0,0,0,2025-10-04,0.34,1
APP103297,36,Female,Punjab,Self-Employed,12000.0,699,Business Expansion,364000.0,60,12.24,8141.0,0,0,2024-05-18,0.68,1
APP101565,53,Male,Maharashtra,Self-Employed,62300.0,734,Personal,192000.0,24,11.91,9030.0,1,1,2025-03-20,0.29,0
APP101518,34,Male,Maharashtra,Salaried,51100.0,612,Home Renovation,266000.0,84,15.13,5152.0,0,0,2024-06-19,0.1,0
APP105067,55,Female,Delhi,Salaried,50600.0,558,Medical,156000.0,12,12.74,13914.0,2,3,2024-03-23,0.82,1
APP104317,38,Male,Uttar Pradesh,Self-Employed,15200.0,601,Home Renovation,383000.0,24,17.84,19091.0,0,0,2024-12-30,1.26,0
APP100225,32,Male,Maharashtra,Salaried,15800.0,688,Personal,170000.0,60,13.8,3938.0,1,2,2025-07-30,0.5,1
APP105355,25,Male,Telangana,Self-Employed,57400.0,765,Business Expansion,213000.0,36,10.91,6964.0,1,0,2024-08-07,0.24,1
APP102517,22,Male,Gujarat,Business Owner,73500.0,708,Business Expansion,45000.0,24,13.26,2145.0,0,0,2024-07-10,0.03,0
APP105055,23,Female,Rajasthan,Salaried,51800.0,805,Education,332000.0,12,9.18,29062.0,5,0,2024-04-08,3.37,0
APP102393,53,Male,Delhi,Self-Employed,54600.0,742,Personal,431000.0,24,13.8,20653.0,0,2,2025-07-16,0.38,0
APP101760,24,Female,Delhi,Salaried,67200.0,809,Home Renovation,333000.0,12,12.3,29633.0,2,0,2024-06-19,1.32,1
APP101360,28,Male,Karnataka,Self-Employed,30200.0,720,Education,174000.0,12,12.83,15527.0,3,2,2025-04-22,2.06,1
APP103304,57,Male,Delhi,Business Owner,122900.0,866,Medical,267000.0,84,10.41,4489.0,2,1,2025-11-26,0.11,0
APP102324,54,Male,Maharashtra,Self-Employed,14400.0,678,Personal,356000.0,60,12.38,7988.0,1,1,2025-03-22,1.11,0
APP103558,43,Female,Delhi,Business Owner,43800.0,525,Home Renovation,284000.0,36,14.15,9727.0,0,0,2024-01-05,0.22,0
APP105153,45,Female,Karnataka,Business Owner,62400.0,621,Home Renovation,262000.0,48,12.61,6978.0,1,1,2025-02-01,0.22,0
APP101833,35,Male,Uttar Pradesh,Salaried,31600.0,730,Vehicle,112000.0,84,11.66,1957.0,1,2,2024-10-01,0.12,0
APP103661,36,Female,Telangana,Self-Employed,29700.0,732,Vehicle,276000.0,36,11.09,9048.0,1,2,2024-07-23,0.61,0
APP102009,28,Female,Karnataka,Salaried,50500.0,645,Personal,404000.0,60,12.63,9116.0,1,1,2025-11-24,0.36,0
APP103657,23,Male,Delhi,Business Owner,104300.0,624,Home Renovation,295000.0,36,14.93,10216.0,0,0,2025-03-13,0.1,0
APP104301,52,Male,Maharashtra,Salaried,47000.0,624,Personal,379000.0,24,12.96,18011.0,0,0,2025-11-21,0.38,0
APP104187,38,Female,Karnataka,Self-Employed,21000.0,673,Vehicle,315000.0,36,10.09,10177.0,1,3,2025-08-13,0.97,1
APP105733,33,Male,Maharashtra,Self-Employed,58100.0,721,Education,534000.0,48,11.82,14015.0,2,1,2025-04-30,0.72,0
APP103857,21,Female,Gujarat,Business Owner,99500.0,809,Home Renovation,171000.0,24,9.71,7868.0,1,2,2025-11-22,0.16,0
APP100693,37,Female,Uttar Pradesh,Business Owner,54100.0,543,Personal,417000.0,36,15.12,14480.0,5,1,2024-10-22,1.61,0
APP105465,29,Female,Delhi,Salaried,43800.0,609,Personal,198000.0,12,13.86,17765.0,1,0,2025-03-30,0.81,1
APP102612,54,Male,Maharashtra,Salaried,27800.0,584,Business Expansion,303000.0,24,13.1,14419.0,2,2,2025-05-03,1.56,1
APP101186,37,Male,Delhi,Salaried,52800.0,549,Medical,295000.0,36,15.38,10281.0,1,2,2025-07-14,0.39,1
APP101369,33,Male,Rajasthan,Salaried,50300.0,688,Home Renovation,110000.0,48,14.43,3030.0,0,2,2024-05-04,0.06,0
APP101907,39,Male,Uttar Pradesh,Salaried,55400.0,634,Vehicle,20000.0,12,12.8,1784.0,2,2,2024-08-01,0.1,0
APP104088,35,Male,Uttar Pradesh,Self-Employed,33600.0,747,Vehicle,312000.0,36,12.3,10408.0,2,3,2024-08-27,0.93,1
APP102477,35,Male,Delhi,Business Owner,117200.0,566,Personal,234000.0,36,15.44,8162.0,4,0,2024-03-08,0.35,1
APP100016,44,Male,Karnataka,Salaried,50900.0,621,Business Expansion,433000.0,60,12.67,9779.0,0,1,2024-12-22,0.19,1
APP102514,25,Male,Maharashtra,Business Owner,65100.0,675,Personal,361000.0,60,12.41,8105.0,2,1,2025-01-26,0.37,1
APP105562,27,Female,Uttar Pradesh,Self-Employed,14200.0,699,Business Expansion,141000.0,48,13.31,3804.0,1,0,2025-12-26,0.54,0
APP102205,28,Male,Karnataka,Salaried,33500.0,602,Personal,319000.0,36,13.29,10793.0,0,1,2025-09-24,0.32,1
APP103595,52,Male,Tamil Nadu,Self-Employed,22400.0,723,Education,52000.0,24,10.37,2408.0,0,3,2024-07-05,0.11,0
APP101486,26,Male,Maharashtra,Salaried,59000.0,575,Personal,330000.0,36,15.24,11478.0,0,3,2024-08-23,0.19,0
APP101676,22,Male,Tamil Nadu,Salaried,33700.0,594,Vehicle,308000.0,84,14.34,5830.0,1,2,2024-04-08,0.35,0
APP102353,44,Male,Gujarat,Salaried,38600.0,708,Education,353000.0,84,12.62,6349.0,0,2,2025-10-18,0.16,0
APP100656,54,Female,Maharashtra,Salaried,54500.0,600,Business Expansion,433000.0,12,14.36,38951.0,0,0,2025-07-17,0.71,1
APP101571,58,Male,Maharashtra,Self-Employed,54200.0,593,Business Expansion,521000.0,36,14.81,18012.0,2,2,2024-07-14,1.0,1
APP101737,36,Female,Karnataka,Salaried,36900.0,580,Personal,268000.0,60,15.11,6391.0,0,5,2025-04-26,0.17,1
APP103855,34,Female,Tamil Nadu,Self-Employed,17400.0,700,Personal,388000.0,24,13.18,18479.0,0,1,2024-04-10,1.06,1
APP104495,39,Female,Rajasthan,Salaried,64300.0,776,Business Expansion,244000.0,36,11.68,8067.0,1,0,2025-10-01,0.25,0
APP102846,50,Male,Karnataka,Salaried,57100.0,751,Personal,190000.0,36,10.81,6203.0,2,0,2024-07-09,0.33,0
APP102980,31,Male,Telangana,Salaried,36500.0,791,Personal,119000.0,84,9.46,1942.0,0,0,2025-09-29,0.05,0
APP100618,45,Male,Maharashtra,Self-Employed,40200.0,676,Business Expansion,255000.0,48,13.0,6841.0,2,2,2024-09-13,0.51,1
APP104604,21,Male,Karnataka,Salaried,59900.0,766,Vehicle,20000.0,36,12.75,671.0,0,0,2025-07-22,0.01,1
APP102847,53,Male,Karnataka,Self-Employed,12000.0,624,Business Expansion,140000.0,24,13.41,6683.0,2,2,2024-03-19,1.67,1
APP105303,33,Female,Telangana,Self-Employed,60200.0,615,Personal,384000.0,48,15.36,10757.0,1,2,2024-06-19,0.36,1
APP100867,54,Female,Uttar Pradesh,Salaried,48400.0,644,Home Renovation,247000.0,60,11.47,5428.0,2,4,2024-01-05,0.34,0
APP102507,54,Female,Maharashtra,Salaried,,785,Medical,65000.0,60,11.43,1427.0,2,2,2024-01-06,0.15,0
APP104982,34,Female,Maharashtra,Business Owner,75600.0,872,Personal,20000.0,84,10.72,340.0,0,1,2025-08-28,0.0,0
APP102110,31,Female,Punjab,Business Owner,60100.0,693,Vehicle,275000.0,36,12.51,9201.0,0,1,2025-03-18,0.15,0
APP104695,30,Male,Uttar Pradesh,Salaried,,696,Vehicle,147000.0,60,11.25,3214.0,2,0,2024-09-23,0.16,0
APP105072,40,Male,Telangana,Self-Employed,41600.0,778,Vehicle,371000.0,36,12.3,12376.0,0,1,2025-01-12,0.3,0
APP100457,44,Female,Maharashtra,Salaried,33400.0,669,Home Renovation,347000.0,36,12.19,11557.0,2,2,2024-06-04,1.04,0
APP105450,44,Male,Delhi,Salaried,81300.0,794,Education,276000.0,24,12.47,13053.0,1,2,2024-03-22,0.32,0
APP104966,59,Male,Maharashtra,Salaried,,623,Personal,307000.0,24,14.07,14750.0,0,0,2025-09-30,0.31,0
APP100790,53,Male,Gujarat,Salaried,49700.0,668,Personal,406000.0,12,13.82,36419.0,1,1,2024-10-26,1.47,0
APP105130,27,Male,Rajasthan,Salaried,13400.0,642,Vehicle,146000.0,24,13.05,6945.0,2,1,2024-10-12,1.55,0
APP103607,26,Female,Punjab,Self-Employed,35300.0,724,Medical,387000.0,48,12.69,10323.0,2,1,2024-09-12,0.88,0
APP103822,47,Male,Delhi,Self-Employed,54900.0,534,Personal,179000.0,24,16.26,8787.0,1,1,2025-09-22,0.32,0
APP102260,38,Male,Karnataka,Self-Employed,64800.0,655,Education,57000.0,36,12.78,1915.0,1,2,2025-11-06,0.06,0
APP105521,27,Male,Maharashtra,Self-Employed,44100.0,790,Personal,158000.0,36,9.26,5043.0,3,1,2025-04-09,0.46,0
APP102808,46,Female,Gujarat,Salaried,49000.0,735,Business Expansion,349000.0,60,13.14,7966.0,1,1,2024-10-11,0.33,0
APP103518,59,Male,Rajasthan,Self-Employed,59600.0,513,Business Expansion,217000.0,36,14.22,7440.0,2,1,2024-10-15,0.37,1
APP104746,43,Male,Telangana,Salaried,47300.0,644,Vehicle,392000.0,24,15.45,19091.0,1,0,2025-01-12,0.81,1
APP100733,29,Male,Maharashtra,Salaried,,724,Education,360000.0,36,12.7,12078.0,1,0,2025-02-19,0.47,0
APP105846,47,Male,Maharashtra,Self-Employed,31900.0,744,Medical,329000.0,24,12.07,15498.0,0,1,2024-02-05,0.49,0
APP104475,22,Male,Tamil Nadu,Salaried,44100.0,558,Personal,113000.0,24,17.04,5589.0,1,1,2024-10-06,0.25,1
APP103958,25,Male,Tamil Nadu,Salaried,44600.0,638,Personal,309000.0,84,12.6,5554.0,0,1,2025-05-25,0.12,0
APP102133,58,Female,Karnataka,Self-Employed,29700.0,549,Medical,429000.0,24,14.36,20671.0,0,0,2025-08-04,0.7,0
APP104267,30,Male,Delhi,Self-Employed,42400.0,471,Vehicle,266000.0,24,15.32,12938.0,0,1,2024-07-08,0.31,0
APP101944,52,Male,Maharashtra,Self-Employed,59500.0,814,Personal,272000.0,24,12.27,12838.0,0,0,2024-11-16,0.22,0
APP102279,41,Male,Uttar Pradesh,Business Owner,36200.0,685,Business Expansion,181000.0,12,12.55,16128.0,1,0,2024-05-09,0.89,0
APP100659,21,Male,Delhi,Self-Employed,60200.0,850,Vehicle,139000.0,24,10.13,6422.0,0,0,2024-01-07,0.11,0
APP102430,46,Male,Maharashtra,Salaried,44400.0,629,Medical,398000.0,24,12.34,18798.0,0,1,2024-03-29,0.42,1
APP103751,22,Male,Uttar Pradesh,Self-Employed,21200.0,731,Personal,20000.0,24,14.99,970.0,0,1,2024-12-30,0.05,0
APP102528,52,Female,Maharashtra,Business Owner,80300.0,738,Vehicle,275000.0,48,11.18,7132.0,0,1,2024-02-10,0.09,0
APP105257,22,Female,Maharashtra,Business Owner,50300.0,664,Home Renovation,442000.0,24,14.85,21400.0,0,2,2024-09-23,0.43,1
APP100642,41,Female,Karnataka,Salaried,59200.0,558,Personal,84000.0,24,15.41,4089.0,2,1,2025-02-10,0.21,0
APP100168,37,Male,Telangana,Self-Employed,22100.0,650,Personal,209000.0,36,13.51,7093.0,0,0,2025-08-02,0.32,0
APP101517,50,Female,Tamil Nadu,Salaried,31600.0,651,Personal,257000.0,24,13.39,12265.0,1,0,2025-12-21,0.78,0
APP101800,32,Male,Delhi,Self-Employed,27000.0,587,Personal,20000.0,60,14.02,466.0,1,2,2024-08-11,0.03,0
APP103394,53,Male,Rajasthan,Business Owner,58300.0,676,Medical,75000.0,60,14.1,1749.0,0,0,2025-04-30,0.03,0
APP101917,42,Male,Delhi,Salaried,27400.0,725,Business Expansion,222000.0,48,12.27,5876.0,0,3,2025-02-19,0.21,0
APP100272,47,Male,Telangana,Salaried,37700.0,507,Personal,403000.0,24,14.75,19492.0,0,1,2024-11-09,0.52,1
APP102468,47,Male,West Bengal,Salaried,54000.0,585,Medical,356000.0,24,14.85,17236.0,2,1,2025-10-21,0.96,1
APP105801,46,Male,Rajasthan,Salaried,49600.0,808,Vehicle,302000.0,36,10.33,9792.0,0,1,2025-04-30,0.2,1
APP105701,25,Female,Uttar Pradesh,Business Owner,138700.0,390,Vehicle,20000.0,60,17.74,505.0,1,3,2025-11-20,0.01,1
APP101066,53,Male,Gujarat,Business Owner,61100.0,684,Personal,460000.0,36,9.35,14703.0,2,2,2024-04-07,0.72,1
APP100494,45,Male,Delhi,Salaried,31200.0,723,Personal,20000.0,36,11.93,664.0,0,2,2024-01-24,0.02,0
APP104911,46,Male,Maharashtra,Salaried,36000.0,734,Education,506000.0,60,12.45,11371.0,1,1,2025-04-05,0.63,0
APP101912,55,Male,Rajasthan,Salaried,59900.0,736,Home Renovation,518000.0,48,12.69,13817.0,0,4,2024-06-30,0.23,0
APP103646,45,Female,Telangana,Salaried,49400.0,550,Vehicle,265000.0,60,14.51,6236.0,1,1,2024-01-26,0.25,0
APP100038,34,Female,Telangana,Salaried,39300.0,689,Personal,102000.0,24,14.38,4916.0,1,0,2024-12-02,0.25,0
APP100306,52,Male,Delhi,Salaried,52500.0,714,Personal,435000.0,60,11.72,9615.0,1,1,2024-08-08,0.37,1
APP103740,42,Female,Maharashtra,Business Owner,66500.0,576,Personal,157000.0,12,14.42,14128.0,0,2,2024-10-10,0.21,1
APP104102,21,Female,Karnataka,Salaried,52200.0,549,Medical,424000.0,48,14.28,11646.0,1,1,2024-08-17,0.45,1
APP103152,48,Female,Delhi,Business Owner,52500.0,685,Personal,42000.0,24,13.06,1998.0,0,0,2024-02-02,0.04,0
APP102829,32,Male,Telangana,Business Owner,76300.0,709,Personal,262000.0,24,10.77,12183.0,0,1,2025-08-10,0.16,1
APP100781,54,Male,Gujarat,Self-Employed,69500.0,811,Home Renovation,59000.0,24,12.6,2794.0,0,1,2024-10-02,0.04,0
APP100534,39,Male,Delhi,Salaried,54700.0,526,Personal,20000.0,84,14.65,382.0,0,1,2025-07-09,0.01,1
APP100583,48,Female,Rajasthan,Salaried,44400.0,739,Personal,56000.0,36,11.27,1841.0,2,0,2025-04-09,0.12,0
APP105388,58,Male,Uttar Pradesh,Salaried,30600.0,755,Business Expansion,250000.0,36,13.52,8486.0,0,1,2024-12-10,0.28,0
APP104143,42,Male,Telangana,Self-Employed,21800.0,705,Business Expansion,132000.0,12,12.94,11786.0,0,0,2025-12-21,0.54,0
APP104418,37,Male,Karnataka,Salaried,41500.0,695,Vehicle,302000.0,36,12.48,10100.0,1,1,2024-12-02,0.49,0
APP103796,48,Female,Delhi,Salaried,38300.0,700,Education,261000.0,24,12.94,12401.0,1,3,2024-10-01,0.65,0
APP105777,51,Female,Rajasthan,Business Owner,69000.0,554,Home Renovation,571000.0,36,13.94,19499.0,0,1,2025-11-18,0.28,1
APP105905,45,Female,Gujarat,Self-Employed,49600.0,585,Education,105000.0,60,13.67,2425.0,1,2,2025-12-16,0.1,0
APP102861,22,Male,Tamil Nadu,Self-Employed,19400.0,627,Personal,390000.0,12,13.67,34956.0,1,2,2024-05-03,3.6,1
APP100316,59,Female,Karnataka,Salaried,55100.0,675,Home Renovation,182000.0,24,13.4,8687.0,1,1,2024-10-09,0.32,0
APP102197,39,Female,Tamil Nadu,Salaried,28300.0,615,Personal,265000.0,36,14.11,9071.0,1,2,2025-05-29,0.64,0
APP102564,41,Male,Delhi,Business Owner,68800.0,900,Home Renovation,237000.0,48,10.66,6086.0,0,0,2024-05-13,0.09,0
APP105444,23,Male,West Bengal,Self-Employed,27800.0,684,Personal,207000.0,24,11.89,9734.0,0,3,2025-09-12,0.35,0
APP105774,49,Male,Telangana,Self-Employed,69900.0,520,Medical,131000.0,12,14.42,11788.0,0,0,2025-05-12,0.17,0
APP101794,44,Male,Uttar Pradesh,Salaried,55200.0,755,Education,283000.0,60,11.51,6225.0,2,1,2025-03-13,0.34,0
APP105617,36,Male,Karnataka,Salaried,56800.0,835,Business Expansion,138000.0,36,10.87,4509.0,1,2,2024-07-06,0.16,0
APP105118,32,Male,Telangana,Business Owner,91000.0,568,Personal,288000.0,24,14.23,13859.0,0,0,2024-04-10,0.15,0
APP100271,28,Female,Karnataka,Salaried,41600.0,520,Medical,141000.0,24,13.67,6748.0,0,1,2025-06-02,0.16,1
APP100548,21,Female,Maharashtra,Salaried,48900.0,540,Home Renovation,192000.0,84,14.71,3674.0,2,1,2025-04-12,0.23,0
APP101692,30,Male,Uttar Pradesh,Business Owner,80500.0,690,Medical,291000.0,36,11.08,9538.0,2,1,2024-02-18,0.36,0
APP103525,21,Male,West Bengal,Self-Employed,28700.0,702,Business Expansion,479000.0,12,12.23,42610.0,1,1,2025-09-10,2.97,1
APP103012,31,Male,Rajasthan,Salaried,44700.0,545,Home Renovation,295000.0,48,14.54,8141.0,1,1,2024-07-02,0.36,0
APP105786,42,Female,Uttar Pradesh,Self-Employed,69800.0,649,Personal,320000.0,36,14.38,10996.0,0,0,2025-03-09,0.16,0
APP105799,41,Male,West Bengal,Salaried,65400.0,705,Business Expansion,179000.0,48,11.5,4670.0,2,1,2025-10-28,0.21,0
APP102390,39,Female,Delhi,Salaried,49800.0,581,Personal,553000.0,60,14.54,13023.0,2,2,2025-11-12,0.78,1
APP103876,47,Female,West Bengal,Business Owner,75400.0,858,Vehicle,303000.0,36,10.25,9813.0,0,0,2024-09-03,0.13,0
APP104694,50,Male,Delhi,Self-Employed,12000.0,687,Personal,202000.0,60,13.51,4649.0,0,2,2024-09-28,0.39,0
APP100894,58,Male,Telangana,Salaried,51900.0,656,Home Renovation,393000.0,36,10.83,12835.0,0,1,2025-06-27,0.25,0
APP104666,33,Male,Maharashtra,Salaried,51000.0,687,Personal,544000.0,24,12.5,25735.0,1,0,2024-12-22,1.01,0
APP101999,48,Female,Uttar Pradesh,Salaried,70100.0,661,Personal,125000.0,24,13.82,5991.0,0,1,2024-04-13,0.09,0
APP102122,36,Female,Delhi,Self-Employed,46100.0,764,Personal,298000.0,48,12.94,7986.0,1,0,2024-02-18,0.35,0
APP104157,30,Male,Uttar Pradesh,Salaried,31800.0,414,Home Renovation,319000.0,84,16.39,6407.0,1,2,2025-01-11,0.4,0
APP101247,34,Male,Gujarat,Self-Employed,63200.0,717,Vehicle,387000.0,36,11.9,12835.0,2,3,2024-05-17,0.61,0
APP104487,24,Male,Telangana,Salaried,37700.0,809,Personal,494000.0,36,12.18,16450.0,0,1,2024-08-28,0.44,0
APP101259,49,Female,Gujarat,Self-Employed,47300.0,676,Personal,134000.0,36,15.08,4650.0,2,0,2025-06-21,0.29,0
APP100809,22,Female,Rajasthan,Salaried,44000.0,808,Medical,24000.0,36,13.17,811.0,0,0,2024-06-21,0.02,0
APP101049,30,Male,Karnataka,Salaried,49700.0,584,Business Expansion,220000.0,36,15.95,7729.0,1,2,2024-09-08,0.31,1
APP101878,40,Male,Telangana,Self-Employed,50600.0,754,Medical,368000.0,84,12.93,6681.0,1,1,2025-02-24,0.26,0
APP102879,50,Male,Gujarat,Salaried,53900.0,848,Personal,120000.0,36,10.27,3887.0,1,2,2024-05-27,0.14,0
APP100107,34,Male,Tamil Nadu,Salaried,72300.0,829,Personal,367000.0,12,10.11,32284.0,0,1,2025-11-24,0.45,0
APP100673,54,Male,Tamil Nadu,Salaried,59500.0,767,Business Expansion,342000.0,60,12.01,7609.0,1,3,2024-11-09,0.26,0
APP105718,24,Male,Gujarat,Salaried,42700.0,671,Vehicle,438000.0,12,12.73,39066.0,1,2,2025-11-12,1.83,1
APP104761,55,Male,West Bengal,Self-Employed,12000.0,503,Vehicle,20000.0,12,14.3,1799.0,0,0,2024-02-27,0.15,1
APP104605,41,Male,Karnataka,Business Owner,104400.0,580,Business Expansion,187000.0,84,15.87,3700.0,0,0,2025-04-27,0.04,0
APP105180,28,Male,Telangana,Salaried,57800.0,675,Personal,249000.0,84,13.78,4636.0,0,2,2024-06-21,0.08,0
APP101532,28,Male,Maharashtra,Salaried,55600.0,649,Vehicle,20000.0,24,13.46,955.0,2,1,2025-06-29,0.05,1
APP104962,32,Male,Delhi,Business Owner,40800.0,678,Business Expansion,121000.0,84,14.71,2315.0,1,2,2024-05-12,0.11,0
APP101855,49,Male,Telangana,Self-Employed,44600.0,715,Personal,20000.0,36,13.82,682.0,2,1,2025-12-19,0.05,0
APP100211,38,Male,West Bengal,Business Owner,52300.0,761,Education,317000.0,36,11.98,10526.0,1,2,2025-09-01,0.4,0
APP103147,56,Female,Delhi,Salaried,75100.0,734,Education,178000.0,36,11.94,5907.0,1,0,2025-08-01,0.16,1
APP102256,31,Female,Karnataka,Salaried,,722,Personal,110000.0,12,11.13,9729.0,0,4,2024-11-02,0.19,1
APP102105,39,Male,Punjab,Salaried,42300.0,593,Personal,647000.0,60,14.37,15179.0,0,1,2024-03-18,0.36,0
APP103268,55,Female,Karnataka,Business Owner,68100.0,674,Education,276000.0,36,14.88,9551.0,0,0,2024-07-11,0.14,0
APP105757,26,Male,Maharashtra,Salaried,37500.0,677,Home Renovation,416000.0,24,14.08,19989.0,1,1,2024-11-16,1.07,0
APP101973,58,Female,Maharashtra,Salaried,20900.0,697,Personal,192000.0,60,12.23,4293.0,0,1,2025-09-02,0.21,0
APP104685,51,Male,West Bengal,Self-Employed,76900.0,719,Business Expansion,20000.0,60,12.89,454.0,0,1,2024-08-15,0.01,0
APP101501,47,Female,Uttar Pradesh,Salaried,18600.0,619,Education,155000.0,60,13.18,3541.0,0,0,2024-05-16,0.19,0
APP104182,31,Male,Rajasthan,Business Owner,23100.0,855,Vehicle,283000.0,36,10.71,9226.0,1,1,2024-05-29,0.8,0
APP100646,33,Female,West Bengal,Salaried,60400.0,647,Education,196000.0,60,12.82,4442.0,0,1,2024-08-27,0.07,0
APP103633,53,Female,Maharashtra,Business Owner,41900.0,832,Medical,136000.0,36,12.33,4539.0,1,2,2024-05-17,0.22,0
APP100771,37,Female,Delhi,Salaried,58700.0,766,Medical,323000.0,36,11.79,10696.0,0,0,2024-08-10,0.18,0
APP100703,36,Female,Karnataka,Self-Employed,48700.0,752,Vehicle,443000.0,36,11.98,14710.0,0,2,2024-04-16,0.3,1
APP103587,58,Male,Gujarat,Salaried,46300.0,708,Education,149000.0,24,12.14,7024.0,3,0,2024-10-08,0.61,0
APP101249,44,Male,Maharashtra,Salaried,62100.0,686,Vehicle,235000.0,24,14.05,11289.0,0,0,2024-12-01,0.18,1
APP104804,48,Male,Telangana,Salaried,70200.0,740,Home Renovation,636000.0,48,12.48,16899.0,1,2,2025-01-18,0.48,0
APP102472,38,Male,West Bengal,Self-Employed,35300.0,711,Vehicle,134000.0,36,12.63,4491.0,0,1,2025-04-21,0.13,0
APP101860,56,Male,Maharashtra,Self-Employed,50900.0,670,Vehicle,197000.0,60,13.74,4557.0,0,3,2025-07-21,0.09,0
APP100709,24,Female,Gujarat,Self-Employed,53400.0,635,Personal,280000.0,24,13.35,13358.0,2,2,2025-11-24,0.75,0
APP102672,55,Male,Tamil Nadu,Business Owner,23400.0,701,Personal,401000.0,24,12.54,18978.0,0,2,2024-12-15,0.81,0
APP104514,45,Female,West Bengal,Self-Employed,61800.0,822,Home Renovation,235000.0,36,9.47,7524.0,0,1,2025-01-31,0.12,0
APP101461,49,Female,Punjab,Business Owner,46800.0,771,Education,172000.0,48,12.03,4532.0,0,2,2024-06-01,0.1,0
APP101484,57,Male,Rajasthan,Salaried,72600.0,702,Vehicle,496000.0,36,12.63,16624.0,1,1,2024-02-28,0.46,1
APP102545,45,Male,Maharashtra,Self-Employed,38800.0,655,Personal,363000.0,12,14.39,32659.0,2,2,2025-03-09,2.53,1
APP100230,55,Male,Punjab,Self-Employed,29400.0,613,Vehicle,43000.0,24,13.84,2061.0,1,0,2025-09-12,0.14,0
APP101356,54,Male,Rajasthan,Salaried,48800.0,761,Vehicle,70000.0,12,13.01,6253.0,1,1,2025-01-16,0.26,0
APP103011,41,Male,Maharashtra,Business Owner,77000.0,754,Business Expansion,20000.0,36,12.0,664.0,2,1,2024-12-19,0.03,0
APP100851,21,Female,Telangana,Self-Employed,55100.0,736,Education,20000.0,84,12.12,354.0,0,0,2025-03-02,0.01,0
APP101004,45,Female,Uttar Pradesh,Self-Employed,29400.0,618,Home Renovation,187000.0,12,13.41,16738.0,1,0,2025-05-24,1.14,0
APP101996,36,Male,Karnataka,Salaried,54900.0,649,Personal,525000.0,24,12.01,24716.0,0,0,2025-05-16,0.45,1
APP101834,56,Male,Maharashtra,Salaried,70200.0,587,Personal,317000.0,24,15.31,15417.0,3,0,2025-08-26,0.88,1
APP103973,48,Female,Maharashtra,Self-Employed,64400.0,691,Personal,295000.0,36,13.47,10007.0,1,0,2025-01-27,0.31,0
APP104532,46,Female,Uttar Pradesh,Salaried,65500.0,710,Home Renovation,413000.0,48,11.86,10848.0,2,1,2025-03-04,0.5,1
APP101316,30,Male,West Bengal,Self-Employed,12000.0,653,Personal,473000.0,60,12.93,10745.0,0,2,2024-11-06,0.9,1
APP103327,42,Male,Rajasthan,Self-Employed,12000.0,617,Vehicle,442000.0,24,12.55,20920.0,3,1,2025-04-21,6.97,1
APP101623,49,Male,Delhi,Salaried,26200.0,681,Business Expansion,20000.0,12,12.83,1785.0,2,2,2025-12-02,0.2,1
APP101480,48,Male,Delhi,Salaried,37500.0,628,Personal,172000.0,48,13.87,4689.0,1,1,2025-08-22,0.25,1
APP103833,38,Male,Punjab,Salaried,,544,Home Renovation,163000.0,24,15.67,7955.0,0,0,2024-05-25,0.22,0
APP105099,34,Male,Maharashtra,Business Owner,58300.0,691,Education,60000.0,36,12.38,2004.0,1,0,2025-01-23,0.07,0
APP101278,49,Female,Maharashtra,Self-Employed,37400.0,672,Vehicle,27000.0,24,13.15,1286.0,2,1,2025-07-08,0.1,0
APP103080,45,Male,Maharashtra,Business Owner,104400.0,582,Education,283000.0,36,14.05,9679.0,0,0,2025-11-21,0.09,0
APP101823,22,Male,Rajasthan,Self-Employed,12000.0,567,Home Renovation,328000.0,84,14.91,6313.0,2,0,2025-01-11,1.58,1
APP101053,43,Female,Rajasthan,Self-Employed,12000.0,729,Vehicle,450000.0,84,10.93,7689.0,1,1,2024-11-15,1.28,0
APP104145,51,Male,Karnataka,Salaried,42600.0,799,Education,187000.0,12,12.48,16657.0,0,1,2024-05-20,0.39,0
APP100475,40,Male,Tamil Nadu,Salaried,23900.0,698,Personal,203000.0,48,12.9,5436.0,2,1,2025-04-03,0.68,0
APP102282,43,Female,Tamil Nadu,Salaried,51600.0,828,Home Renovation,121000.0,36,9.0,3848.0,1,1,2025-09-13,0.15,0
APP103711,40,Male,Gujarat,Salaried,59600.0,793,Vehicle,346000.0,24,11.48,16204.0,0,4,2025-01-29,0.27,0
APP103146,30,Male,Delhi,Self-Employed,50300.0,715,Personal,392000.0,48,13.81,10675.0,4,1,2025-07-25,1.06,1
APP100335,22,Male,Maharashtra,Self-Employed,43700.0,898,Medical,147000.0,24,10.36,6808.0,1,1,2024-05-31,0.31,0
APP102617,49,Male,Punjab,Self-Employed,43800.0,629,Home Renovation,363000.0,84,16.0,7210.0,0,1,2025-04-27,0.16,1
APP103662,28,Male,West Bengal,Self-Employed,35800.0,659,Education,98000.0,60,13.1,2235.0,0,1,2025-01-15,0.06,0
APP100088,25,Male,Telangana,Business Owner,65300.0,693,Business Expansion,150000.0,36,11.33,4934.0,0,2,2024-04-14,0.08,0
APP100874,28,Male,Uttar Pradesh,Salaried,26600.0,639,Education,20000.0,36,12.19,666.0,0,2,2024-11-15,0.03,0
APP100543,48,Female,Rajasthan,Salaried,48900.0,749,Vehicle,161000.0,24,11.4,7534.0,1,0,2025-12-21,0.31,0
APP103000,28,Female,Gujarat,Self-Employed,67400.0,581,Personal,222000.0,12,14.4,19975.0,2,2,2024-07-05,0.89,1
APP102760,35,Male,Karnataka,Self-Employed,45300.0,632,Medical,285000.0,60,13.48,6555.0,3,2,2025-06-16,0.58,1
APP103512,43,Male,Gujarat,Salaried,42700.0,789,Business Expansion,478000.0,24,12.21,22548.0,0,0,2024-05-11,0.53,0
APP101880,27,Male,Gujarat,Self-Employed,62200.0,663,Medical,520000.0,12,13.31,46521.0,1,0,2025-04-24,1.5,1
APP105910,37,Female,Karnataka,Business Owner,100300.0,632,Personal,279000.0,60,14.45,6557.0,2,2,2025-06-25,0.2,1
APP100926,30,Male,Delhi,Self-Employed,,546,Medical,192000.0,36,15.07,6662.0,0,0,2024-10-16,0.12,0
APP100319,55,Male,Tamil Nadu,Self-Employed,58000.0,715,Home Renovation,321000.0,24,11.87,15091.0,1,1,2024-07-08,0.52,0
APP104615,46,Female,Maharashtra,Salaried,34100.0,789,Business Expansion,361000.0,24,11.36,16886.0,1,1,2025-03-12,0.99,0
APP100878,50,Female,Rajasthan,Salaried,33900.0,717,Medical,376000.0,12,12.6,33513.0,2,0,2024-06-14,2.97,1
APP103994,26,Male,Maharashtra,Salaried,42500.0,811,Personal,20000.0,60,9.98,425.0,3,3,2025-04-07,0.04,1
APP104921,50,Female,Maharashtra,Business Owner,19800.0,580,Education,609000.0,12,12.43,54231.0,0,1,2025-01-06,2.74,1
APP103246,29,Male,Maharashtra,Salaried,65400.0,634,Education,419000.0,24,13.92,20102.0,0,2,2025-03-30,0.31,0
APP103078,21,Male,Karnataka,Salaried,30500.0,747,Personal,279000.0,36,12.75,9367.0,0,2,2025-11-25,0.31,1
APP103761,41,Male,Punjab,Business Owner,63200.0,731,Education,96000.0,36,11.57,3169.0,3,1,2025-06-25,0.2,1
APP104730,26,Female,Gujarat,Business Owner,41500.0,819,Education,166000.0,24,13.45,7927.0,3,1,2025-08-08,0.76,1
APP105565,45,Male,Tamil Nadu,Self-Employed,47300.0,614,Home Renovation,20000.0,36,14.44,688.0,1,2,2024-03-23,0.03,0
APP104234,50,Male,Karnataka,Self-Employed,,587,Business Expansion,138000.0,60,15.01,3284.0,2,3,2024-08-08,0.16,0
APP104259,39,Male,Rajasthan,Salaried,33900.0,672,Education,194000.0,36,14.34,6663.0,1,2,2025-10-13,0.39,0
APP101618,52,Male,West Bengal,Self-Employed,38200.0,716,Medical,94000.0,24,10.48,4358.0,2,1,2024-05-04,0.34,0
APP103726,46,Male,Delhi,Salaried,42500.0,525,Home Renovation,500000.0,60,13.5,11505.0,0,1,2024-04-02,0.27,0
APP105853,36,Female,Karnataka,Self-Employed,52600.0,741,Business Expansion,152000.0,12,12.01,13506.0,2,0,2024-10-22,0.77,0
APP101045,59,Male,Karnataka,Salaried,48200.0,678,Personal,347000.0,12,14.27,31200.0,1,0,2025-01-07,1.29,0
APP105056,21,Male,Gujarat,Salaried,,626,Personal,276000.0,24,14.15,13271.0,1,0,2025-09-26,0.86,0
APP101750,30,Male,Maharashtra,Business Owner,80800.0,593,Home Renovation,561000.0,36,14.86,19409.0,0,0,2025-01-28,0.24,0
APP105151,49,Male,Rajasthan,Self-Employed,83800.0,645,Vehicle,93000.0,60,14.57,2192.0,2,1,2025-06-13,0.08,0
APP103878,45,Female,Punjab,Salaried,52000.0,801,Personal,263000.0,12,13.11,23504.0,1,1,2024-12-05,0.9,0
APP103917,50,Female,Tamil Nadu,Business Owner,,807,Personal,20000.0,48,10.86,516.0,1,1,2024-11-22,0.02,0
APP105189,49,Female,Karnataka,Salaried,30000.0,864,Education,189000.0,24,12.78,8966.0,1,1,2025-12-07,0.6,0
APP101043,28,Female,Telangana,Self-Employed,81200.0,685,Home Renovation,481000.0,24,13.82,23053.0,1,0,2024-08-29,0.57,0
APP103010,32,Female,Karnataka,Salaried,61000.0,706,Vehicle,343000.0,36,13.23,11595.0,2,0,2025-11-27,0.57,0
APP105155,58,Male,Gujarat,Self-Employed,24200.0,705,Education,243000.0,84,12.03,4294.0,1,0,2024-04-19,0.35,0
APP103290,45,Female,Maharashtra,Salaried,12000.0,524,Personal,266000.0,24,13.21,12672.0,0,1,2025-11-28,1.06,1
APP105749,21,Male,Delhi,Salaried,35900.0,630,Education,20000.0,12,12.35,1780.0,0,1,2025-10-27,0.05,0
APP104751,50,Female,Tamil Nadu,Salaried,57000.0,598,Personal,115000.0,60,14.35,2697.0,1,1,2025-08-08,0.09,1
APP102064,30,Male,Maharashtra,Salaried,78800.0,699,Business Expansion,46000.0,24,11.69,2159.0,1,1,2024-04-26,0.05,0
APP102964,33,Male,Punjab,Self-Employed,12000.0,666,Vehicle,564000.0,12,11.87,50076.0,2,1,2024-04-04,12.52,0
APP100641,37,Male,Telangana,Salaried,51400.0,676,Personal,353000.0,48,11.13,9146.0,1,1,2025-10-29,0.36,1
APP100137,26,Male,West Bengal,Self-Employed,61900.0,697,Home Renovation,194000.0,36,11.91,6435.0,0,0,2025-10-16,0.1,1
APP100880,41,Male,Punjab,Self-Employed,33400.0,645,Home Renovation,20000.0,60,13.52,460.0,0,0,2024-10-17,0.01,1
APP101976,54,Female,Delhi,Business Owner,33500.0,502,Vehicle,160000.0,36,15.88,5616.0,0,1,2024-09-06,0.17,1
APP101581,29,Male,Tamil Nadu,Business Owner,68300.0,708,Personal,297000.0,24,13.22,14151.0,0,1,2024-04-17,0.21,0
APP104793,32,Female,Gujarat,Salaried,38700.0,659,Personal,113000.0,84,14.34,2139.0,0,0,2024-04-11,0.06,0
APP101097,31,Male,Delhi,Salaried,75200.0,751,Vehicle,66000.0,60,11.57,1454.0,0,1,2024-03-21,0.02,0
APP105638,34,Female,Punjab,Business Owner,65400.0,771,Education,172000.0,48,10.83,4431.0,0,0,2025-05-18,0.07,0
APP101392,43,Male,Delhi,Self-Employed,12000.0,738,Education,95000.0,84,11.93,1673.0,0,0,2025-12-28,0.14,0
APP102083,24,Female,Punjab,Business Owner,35300.0,735,Personal,246000.0,24,11.11,11478.0,0,2,2024-05-26,0.33,0
APP101266,22,Female,Punjab,Self-Employed,40600.0,661,Vehicle,143000.0,36,13.37,4844.0,2,0,2024-03-21,0.36,0
APP104231,28,Female,Uttar Pradesh,Salaried,27100.0,659,Personal,418000.0,24,13.4,19951.0,3,1,2025-04-12,2.94,1
APP102574,36,Female,Telangana,Salaried,55600.0,762,Personal,279000.0,36,12.21,9295.0,2,0,2025-01-17,0.5,0
APP102135,57,Male,West Bengal,Salaried,38200.0,744,Home Renovation,20000.0,24,11.25,934.0,2,1,2024-11-23,0.07,0
APP101503,45,Female,Delhi,Salaried,28600.0,625,Education,20000.0,48,11.77,524.0,1,0,2024-03-26,0.04,1
APP105399,41,Male,Tamil Nadu,Business Owner,40100.0,662,Vehicle,295000.0,12,11.95,26203.0,0,2,2025-09-02,0.65,0
APP103367,51,Female,Gujarat,Self-Employed,57200.0,782,Business Expansion,50000.0,24,12.64,2369.0,1,0,2025-12-29,0.08,0
APP103729,49,Male,Karnataka,Business Owner,54000.0,736,Personal,20000.0,36,12.88,673.0,1,1,2024-04-18,0.02,0
APP100148,47,Male,Gujarat,Salaried,65000.0,801,Vehicle,169000.0,24,11.27,7898.0,0,1,2024-03-01,0.12,0
APP100303,51,Male,Gujarat,Salaried,,736,Vehicle,219000.0,12,11.82,19439.0,0,3,2024-09-24,0.82,0
APP105113,27,Female,Karnataka,Salaried,42600.0,587,Education,395000.0,36,13.4,13385.0,1,1,2024-06-07,0.63,1
APP101924,31,Male,Punjab,Salaried,42300.0,789,Home Renovation,524000.0,12,12.29,46628.0,0,1,2025-06-14,1.1,1
APP105148,23,Male,Delhi,Salaried,43900.0,596,Medical,207000.0,12,14.79,18663.0,0,0,2025-10-21,0.43,0
APP105761,58,Male,Gujarat,Salaried,66900.0,567,Business Expansion,20000.0,24,15.84,978.0,0,1,2024-01-23,0.01,0
APP102637,53,Male,Delhi,Business Owner,47900.0,747,Business Expansion,213000.0,36,11.23,6997.0,0,1,2024-07-22,0.15,0
APP101904,30,Male,Maharashtra,Salaried,56600.0,801,Business Expansion,20000.0,12,10.63,1764.0,1,1,2024-05-05,0.06,0
APP105627,25,Male,Karnataka,Business Owner,70000.0,888,Home Renovation,358000.0,36,9.83,11523.0,0,0,2025-07-27,0.16,1
APP104294,44,Female,Tamil Nadu,Business Owner,57700.0,603,Medical,302000.0,24,16.51,14861.0,1,1,2025-10-22,0.52,1
APP103842,54,Male,Tamil Nadu,Self-Employed,27500.0,677,Personal,278000.0,48,15.16,7760.0,1,3,2024-02-12,0.56,0
APP105833,26,Male,Rajasthan,Salaried,53300.0,756,Personal,20000.0,12,11.84,1775.0,0,1,2025-04-23,0.03,0
APP101768,46,Male,Uttar Pradesh,Salaried,57700.0,672,Home Renovation,413000.0,24,12.68,19573.0,1,1,2025-05-14,0.68,0
APP102875,49,Female,Tamil Nadu,Self-Employed,,743,Vehicle,450000.0,24,12.36,21259.0,0,3,2024-01-22,0.59,1
APP102240,24,Female,Rajasthan,Business Owner,90400.0,666,Education,36000.0,12,12.71,3211.0,1,1,2024-01-03,0.07,0
APP104500,53,Male,Rajasthan,Salaried,58900.0,547,Personal,623000.0,60,14.05,14512.0,1,2,2024-11-21,0.49,0
APP105999,22,Female,West Bengal,Salaried,25200.0,655,Vehicle,320000.0,24,13.11,15230.0,1,0,2024-12-08,1.21,0
APP103198,26,Female,Telangana,Self-Employed,62700.0,582,Home Renovation,328000.0,12,13.14,29318.0,2,0,2024-05-03,1.4,1
APP100483,32,Male,Maharashtra,Salaried,30500.0,729,Medical,404000.0,24,11.02,18833.0,1,0,2024-06-19,1.23,0
APP101280,30,Male,Punjab,Salaried,63000.0,631,Vehicle,154000.0,36,12.74,5170.0,0,2,2024-04-07,0.08,1
APP105127,24,Male,Gujarat,Self-Employed,38300.0,719,Personal,306000.0,36,13.99,10457.0,0,0,2025-01-22,0.27,0
APP103680,22,Male,Gujarat,Self-Employed,47500.0,713,Personal,127000.0,24,10.31,5879.0,1,0,2025-05-28,0.25,0
APP100791,42,Female,Uttar Pradesh,Self-Employed,14800.0,705,Medical,115000.0,36,13.79,3919.0,0,1,2025-09-24,0.26,1
APP104895,27,Female,Gujarat,Salaried,43200.0,736,Business Expansion,222000.0,24,12.65,10518.0,1,0,2024-05-14,0.49,1
APP101201,30,Male,Delhi,Self-Employed,34000.0,800,Business Expansion,230000.0,12,9.21,20136.0,1,1,2025-11-06,1.18,0
APP104518,29,Male,Maharashtra,Salaried,49000.0,775,Education,265000.0,60,11.22,5791.0,0,1,2025-10-18,0.12,0
APP103912,41,Male,Karnataka,Self-Employed,46000.0,615,Home Renovation,55000.0,48,10.91,1419.0,0,1,2024-01-08,0.03,0
APP102362,58,Female,Delhi,Business Owner,24200.0,669,Home Renovation,414000.0,36,13.63,14075.0,1,1,2024-10-28,1.16,0
APP103069,50,Male,Gujarat,Business Owner,20100.0,712,Personal,297000.0,12,12.9,26513.0,0,2,2024-09-07,1.32,1
APP103429,56,Female,West Bengal,Self-Employed,48300.0,623,Home Renovation,422000.0,48,12.41,11198.0,1,1,2025-02-25,0.46,1
APP105971,36,Female,West Bengal,Salaried,54000.0,713,Medical,333000.0,24,13.12,15850.0,0,1,2025-11-04,0.29,0
APP105838,33,Male,Punjab,Salaried,33400.0,830,Personal,188000.0,12,9.0,16441.0,1,0,2024-11-18,0.98,0
APP102591,29,Female,Maharashtra,Salaried,47200.0,854,Home Renovation,191000.0,84,10.97,3267.0,1,0,2025-09-23,0.14,0
APP102710,40,Male,Delhi,Business Owner,12000.0,673,Home Renovation,98000.0,48,12.89,2624.0,0,4,2024-12-09,0.22,0
APP101529,31,Male,West Bengal,Salaried,59000.0,771,Personal,172000.0,48,10.95,4441.0,0,1,2024-10-12,0.08,0
APP104998,41,Male,Tamil Nadu,Self-Employed,26600.0,650,Personal,366000.0,60,13.99,8514.0,0,1,2024-06-04,0.32,0
APP102809,59,Female,Rajasthan,Salaried,51300.0,528,Personal,374000.0,48,13.84,10190.0,0,2,2024-02-17,0.2,0
APP100685,50,Male,Telangana,Salaried,95600.0,677,Business Expansion,61000.0,12,11.27,5399.0,4,2,2024-03-23,0.28,0
APP101551,35,Male,Maharashtra,Salaried,41000.0,869,Vehicle,216000.0,24,9.35,9903.0,2,0,2024-03-23,0.72,0
APP104255,32,Female,Maharashtra,Salaried,70500.0,687,Medical,459000.0,24,12.98,21817.0,1,1,2025-02-19,0.62,0
APP105095,59,Male,Maharashtra,Self-Employed,26500.0,793,Medical,245000.0,24,9.91,11295.0,1,4,2024-12-03,0.85,0
APP103871,24,Male,Karnataka,Salaried,28200.0,772,Personal,256000.0,12,12.43,22797.0,0,0,2025-12-15,0.81,1
APP105122,57,Male,Uttar Pradesh,Self-Employed,12000.0,798,Vehicle,386000.0,60,10.16,8232.0,1,2,2024-03-11,1.37,0
APP100560,31,Male,Uttar Pradesh,Salaried,37400.0,748,Education,264000.0,48,10.12,6711.0,1,1,2024-08-07,0.36,0
APP102250,52,Female,Delhi,Salaried,66900.0,628,Home Renovation,205000.0,36,13.22,6929.0,0,2,2024-11-21,0.1,0
APP105648,33,Female,Delhi,Salaried,32600.0,809,Home Renovation,450000.0,48,11.84,11815.0,0,2,2025-01-25,0.36,0
APP103500,41,Male,Karnataka,Salaried,61600.0,643,Business Expansion,50000.0,48,13.59,1356.0,0,0,2025-03-15,0.02,0
APP102689,58,Male,Karnataka,Business Owner,96500.0,900,Business Expansion,331000.0,24,9.0,15122.0,0,2,2024-10-08,0.16,0
APP104208,40,Female,Delhi,Self-Employed,52400.0,750,Medical,266000.0,84,11.66,4647.0,0,1,2024-10-24,0.09,1
APP105875,59,Male,Uttar Pradesh,Business Owner,72000.0,619,Personal,250000.0,24,13.59,11955.0,1,0,2024-11-21,0.33,1
APP103379,25,Male,Karnataka,Business Owner,66000.0,694,Personal,203000.0,48,13.4,5486.0,1,1,2024-03-17,0.17,0
APP103193,56,Male,West Bengal,Self-Employed,20300.0,704,Home Renovation,70000.0,24,12.44,3310.0,0,1,2024-06-25,0.16,0
APP101446,56,Male,Maharashtra,Business Owner,35400.0,719,Education,409000.0,24,13.52,19545.0,0,4,2025-08-31,0.55,0
APP101952,28,Male,Karnataka,Salaried,43400.0,713,Personal,232000.0,60,12.7,5243.0,1,1,2024-01-16,0.24,0
APP100922,53,Male,Maharashtra,Self-Employed,36000.0,775,Personal,253000.0,12,11.24,22389.0,1,1,2024-04-23,1.24,0
APP101624,35,Female,Tamil Nadu,Self-Employed,65000.0,629,Education,482000.0,24,13.68,23069.0,0,0,2024-07-30,0.35,1
APP100310,47,Male,West Bengal,Salaried,47600.0,845,Business Expansion,346000.0,36,10.94,11318.0,0,0,2024-12-28,0.24,0
APP101319,23,Female,Maharashtra,Self-Employed,29900.0,637,Home Renovation,33000.0,24,14.28,1589.0,1,1,2024-03-17,0.11,1
APP103531,49,Male,West Bengal,Salaried,46900.0,764,Personal,290000.0,36,12.68,9727.0,2,2,2025-07-06,0.62,1
APP101663,57,Female,Maharashtra,Self-Employed,19700.0,795,Business Expansion,371000.0,60,10.62,7996.0,0,2,2024-07-28,0.41,0
APP100815,26,Male,Uttar Pradesh,Salaried,58300.0,878,Business Expansion,63000.0,60,10.91,1367.0,1,0,2025-03-20,0.05,0
APP105480,30,Female,Tamil Nadu,Self-Employed,12000.0,726,Education,317000.0,12,11.38,28073.0,1,1,2024-07-23,4.68,1
APP102266,50,Male,Telangana,Salaried,53000.0,694,Medical,270000.0,36,12.47,9029.0,2,2,2025-02-12,0.51,1
APP101473,34,Female,Telangana,Business Owner,44100.0,805,Business Expansion,538000.0,84,11.38,9320.0,0,2,2024-01-29,0.21,1
APP101773,53,Male,Tamil Nadu,Self-Employed,40200.0,654,Education,75000.0,24,13.71,3591.0,1,0,2025-09-12,0.18,0
APP104775,31,Male,Tamil Nadu,Salaried,87200.0,647,Medical,301000.0,84,13.62,5578.0,0,0,2025-08-21,0.06,0
APP105579,45,Male,Gujarat,Self-Employed,48200.0,648,Education,395000.0,24,13.98,18961.0,2,4,2025-06-08,1.18,0
APP101093,22,Male,Gujarat,Business Owner,84300.0,754,Education,136000.0,36,12.41,4544.0,2,0,2024-04-23,0.16,0
APP104176,32,Male,Punjab,Self-Employed,76900.0,651,Personal,317000.0,12,13.56,28397.0,1,0,2025-05-27,0.74,0
APP101950,23,Male,Gujarat,Business Owner,19000.0,833,Education,426000.0,24,12.71,20195.0,2,2,2025-10-02,3.19,1
APP103884,25,Female,Karnataka,Business Owner,71000.0,731,Personal,208000.0,60,10.28,4448.0,0,3,2024-06-26,0.06,0
APP105460,39,Female,Uttar Pradesh,Salaried,60400.0,653,Home Renovation,435000.0,48,12.8,11627.0,0,1,2024-11-21,0.19,0
APP105647,23,Female,Karnataka,Business Owner,82700.0,654,Education,332000.0,36,14.06,11357.0,0,0,2024-04-23,0.14,1
APP102800,34,Female,Karnataka,Salaried,25900.0,832,Home Renovation,20000.0,12,10.72,1765.0,0,1,2025-05-22,0.07,0
APP101239,38,Male,Delhi,Self-Employed,16700.0,590,Personal,90000.0,24,14.59,4346.0,0,0,2025-02-14,0.26,0
APP100329,34,Male,Uttar Pradesh,Self-Employed,43000.0,749,Medical,192000.0,48,11.96,5052.0,2,3,2025-11-17,0.35,0
APP103102,55,Male,Karnataka,Salaried,62500.0,873,Personal,229000.0,36,12.12,7619.0,1,0,2024-11-17,0.24,0
APP100242,40,Male,West Bengal,Salaried,53500.0,575,Business Expansion,176000.0,48,16.07,4994.0,1,0,2024-01-06,0.19,1
APP105657,35,Female,Gujarat,Self-Employed,29200.0,804,Personal,194000.0,60,12.06,4321.0,1,0,2024-11-12,0.3,0
APP104737,33,Male,Tamil Nadu,Business Owner,58100.0,618,Vehicle,270000.0,60,13.6,6227.0,0,1,2025-09-20,0.11,0
APP104792,27,Male,Delhi,Salaried,33300.0,700,Business Expansion,279000.0,60,12.58,6288.0,1,0,2025-06-08,0.38,0
APP102257,30,Female,Tamil Nadu,Salaried,40300.0,752,Education,116000.0,36,10.66,3779.0,0,3,2024-11-27,0.09,0
APP102818,59,Female,Maharashtra,Salaried,29500.0,590,Business Expansion,206000.0,36,14.19,7060.0,0,0,2025-04-12,0.24,0
APP103824,37,Female,Uttar Pradesh,Salaried,64500.0,813,Medical,392000.0,36,9.49,12555.0,1,1,2024-07-27,0.39,0
APP100753,34,Female,Gujarat,Salaried,35100.0,647,Medical,139000.0,48,14.24,3815.0,1,1,2025-06-29,0.22,0
APP104531,32,Male,Punjab,Salaried,34500.0,669,Personal,239000.0,48,11.58,6245.0,2,1,2024-06-23,0.54,1
APP101563,33,Female,Maharashtra,Salaried,15700.0,529,Business Expansion,203000.0,36,16.39,7176.0,0,1,2024-04-15,0.46,0
APP101934,38,Female,Rajasthan,Salaried,39000.0,689,Vehicle,494000.0,24,12.81,23442.0,1,0,2025-02-01,1.2,0
APP105791,21,Male,Maharashtra,Self-Employed,37300.0,643,Home Renovation,100000.0,36,14.64,3449.0,0,0,2025-08-31,0.09,0
APP103493,37,Male,Karnataka,Salaried,,666,Personal,39000.0,12,13.36,3490.0,3,0,2025-06-15,0.23,0
APP103022,46,Male,Uttar Pradesh,Self-Employed,13900.0,696,Business Expansion,109000.0,24,13.63,5214.0,1,0,2024-05-05,0.75,1
APP104647,33,Female,Gujarat,Salaried,60700.0,730,Home Renovation,321000.0,60,11.77,7103.0,2,2,2025-07-31,0.35,0
APP102648,50,Female,Tamil Nadu,Salaried,30500.0,760,Vehicle,206000.0,36,12.75,6916.0,2,1,2024-02-12,0.68,1
APP101856,48,Female,Karnataka,Self-Employed,20800.0,662,Vehicle,266000.0,36,13.33,9005.0,0,1,2024-10-27,0.43,0
APP104697,38,Male,Gujarat,Business Owner,120400.0,643,Medical,65000.0,36,12.95,2189.0,0,0,2025-07-09,0.02,0
APP103563,34,Male,Maharashtra,Salaried,37100.0,737,Business Expansion,371000.0,24,12.92,17624.0,2,1,2024-03-16,1.43,0
APP101964,58,Male,Delhi,Self-Employed,36400.0,598,Personal,323000.0,12,14.64,29099.0,1,0,2024-06-02,1.6,1
APP101013,41,Female,Gujarat,Self-Employed,12000.0,783,Education,214000.0,60,13.14,4885.0,0,0,2025-02-12,0.41,0
APP101427,42,Male,Uttar Pradesh,Salaried,42000.0,496,Education,387000.0,84,16.33,7760.0,1,1,2025-03-22,0.37,1
APP103322,28,Female,Maharashtra,Self-Employed,47800.0,599,Vehicle,273000.0,84,14.22,5149.0,2,0,2025-07-27,0.32,0
APP101295,21,Female,West Bengal,Salaried,55400.0,648,Home Renovation,309000.0,24,12.18,14572.0,0,2,2025-03-17,0.26,0
APP100466,52,Female,Gujarat,Salaried,62700.0,631,Medical,20000.0,48,12.11,528.0,0,3,2025-01-17,0.01,1
APP104028,52,Female,Maharashtra,Salaried,35600.0,785,Personal,20000.0,48,11.83,525.0,0,2,2024-06-19,0.01,0
APP100174,52,Female,West Bengal,Self-Employed,41900.0,794,Personal,20000.0,36,13.07,675.0,1,1,2025-08-19,0.03,0
APP104880,30,Male,Tamil Nadu,Salaried,32400.0,532,Education,206000.0,36,12.32,6874.0,1,1,2025-05-09,0.42,0
APP100277,53,Female,Tamil Nadu,Salaried,46700.0,560,Home Renovation,326000.0,48,13.35,8803.0,0,1,2025-02-06,0.19,1
APP101069,54,Male,Gujarat,Self-Employed,18900.0,759,Vehicle,97000.0,48,11.33,2523.0,0,1,2024-07-12,0.13,0
APP101548,37,Female,Punjab,Salaried,47200.0,596,Personal,548000.0,12,14.25,49268.0,0,0,2025-10-01,1.04,1
APP101024,50,Male,Maharashtra,Salaried,35400.0,738,Personal,172000.0,48,11.74,4507.0,0,3,2024-10-30,0.13,0
APP105036,42,Female,Karnataka,Salaried,41600.0,837,Vehicle,300000.0,24,10.85,13961.0,2,1,2025-08-17,1.01,0
APP102834,25,Male,Tamil Nadu,Self-Employed,,722,Medical,326000.0,36,13.5,11063.0,1,0,2024-07-22,0.29,1
APP101466,59,Male,Punjab,Salaried,61000.0,598,Personal,119000.0,48,14.13,3260.0,0,1,2025-01-13,0.05,1
APP105484,29,Female,West Bengal,Business Owner,55500.0,734,Personal,171000.0,60,13.77,3959.0,2,1,2025-11-26,0.21,0
APP105002,34,Female,Maharashtra,Self-Employed,51700.0,525,Vehicle,121000.0,84,15.11,2342.0,2,2,2024-10-30,0.14,1
APP101713,29,Female,Tamil Nadu,Self-Employed,,548,Medical,373000.0,84,13.52,6891.0,1,1,2024-11-16,0.43,0
APP103424,28,Female,Uttar Pradesh,Business Owner,72200.0,457,Education,161000.0,60,15.53,3875.0,0,1,2025-02-13,0.05,0
APP102611,40,Female,Maharashtra,Self-Employed,50400.0,649,Home Renovation,287000.0,12,13.44,25693.0,0,0,2025-03-28,0.51,0
APP100388,50,Female,Telangana,Salaried,38000.0,557,Business Expansion,233000.0,36,15.68,8155.0,1,2,2025-02-12,0.43,1
APP102070,51,Female,Rajasthan,Salaried,34800.0,592,Home Renovation,188000.0,48,14.2,5156.0,2,1,2025-09-01,0.44,0
APP103970,46,Male,West Bengal,Self-Employed,39500.0,703,Personal,122000.0,24,12.8,5789.0,1,1,2025-07-24,0.29,0
APP103495,54,Female,Punjab,Business Owner,89800.0,722,Medical,522000.0,36,12.15,17375.0,2,0,2025-07-28,0.58,1
APP102821,39,Male,Karnataka,Salaried,73300.0,723,Education,143000.0,84,12.98,2600.0,0,0,2024-02-08,0.04,0
APP104976,32,Male,Gujarat,Salaried,31800.0,664,Business Expansion,230000.0,60,14.26,5383.0,0,0,2024-06-11,0.17,1
APP101424,50,Female,Telangana,Salaried,55300.0,657,Education,392000.0,60,12.84,8887.0,0,1,2025-01-19,0.16,0
APP103542,57,Female,West Bengal,Self-Employed,12000.0,679,Vehicle,249000.0,84,12.88,4514.0,2,1,2025-05-12,1.13,1
APP105925,49,Male,Uttar Pradesh,Self-Employed,12000.0,642,Home Renovation,327000.0,84,13.38,6017.0,0,1,2024-06-09,0.5,1
APP103574,52,Female,Delhi,Salaried,59000.0,633,Vehicle,291000.0,36,12.53,9739.0,2,2,2025-10-12,0.5,0
APP100050,24,Female,Punjab,Self-Employed,12000.0,569,Personal,212000.0,84,11.49,3685.0,0,1,2025-11-25,0.31,0
APP101887,29,Female,Rajasthan,Salaried,40700.0,717,Personal,195000.0,36,11.46,6427.0,0,0,2025-01-18,0.16,0
APP103695,49,Male,Maharashtra,Business Owner,28700.0,866,Education,83000.0,60,11.67,1832.0,1,1,2024-01-28,0.13,0
APP104229,42,Female,Karnataka,Self-Employed,40500.0,749,Vehicle,434000.0,24,11.6,20349.0,3,0,2024-07-20,2.01,0
APP105201,50,Male,Maharashtra,Salaried,57400.0,674,Education,542000.0,24,14.04,26033.0,0,3,2024-05-26,0.45,1
APP104799,28,Female,Gujarat,Salaried,54900.0,820,Personal,191000.0,24,12.48,9034.0,0,1,2025-02-03,0.16,0
APP100482,39,Male,Uttar Pradesh,Salaried,68800.0,694,Education,235000.0,36,13.13,7933.0,0,1,2025-09-29,0.12,0
APP103393,28,Male,Uttar Pradesh,Salaried,38800.0,693,Personal,323000.0,48,12.36,8563.0,0,2,2025-09-05,0.22,1
APP105241,38,Female,Punjab,Salaried,44600.0,745,Personal,273000.0,36,11.68,9026.0,0,0,2024-04-30,0.2,0
APP102251,51,Female,Tamil Nadu,Salaried,30700.0,622,Home Renovation,259000.0,36,14.72,8943.0,0,0,2025-08-10,0.29,1
APP104162,39,Female,Punjab,Salaried,40100.0,741,Personal,259000.0,24,12.55,12259.0,1,2,2024-10-31,0.61,1
APP102313,57,Male,Uttar Pradesh,Self-Employed,41800.0,678,Medical,478000.0,60,13.88,11093.0,1,2,2024-09-26,0.53,0
APP102849,38,Female,Uttar Pradesh,Salaried,69800.0,451,Personal,216000.0,24,15.4,10514.0,2,1,2025-10-04,0.45,0
APP105661,38,Male,Maharashtra,Business Owner,27600.0,699,Vehicle,622000.0,48,11.95,16364.0,1,1,2024-11-27,1.19,0
APP103103,28,Female,Delhi,Salaried,55800.0,763,Education,111000.0,48,12.15,2931.0,1,2,2025-07-11,0.11,0
APP105003,26,Female,Telangana,Business Owner,34500.0,662,Personal,73000.0,60,13.62,1684.0,1,0,2024-08-05,0.1,0
APP104127,47,Male,Delhi,Self-Employed,71900.0,663,Personal,364000.0,60,13.6,8394.0,0,3,2024-09-07,0.12,1
APP103867,23,Male,Tamil Nadu,Salaried,41900.0,725,Vehicle,456000.0,84,11.76,7991.0,0,1,2024-09-14,0.19,0
APP102465,41,Male,Tamil Nadu,Salaried,36300.0,534,Education,20000.0,36,18.15,725.0,1,1,2025-07-15,0.04,1
APP102929,55,Male,Punjab,Business Owner,48300.0,843,Personal,259000.0,60,12.11,5776.0,0,0,2024-02-01,0.12,0
APP105863,53,Male,Gujarat,Salaried,57700.0,486,Vehicle,103000.0,36,16.78,3661.0,3,1,2025-09-14,0.25,1
APP104106,41,Female,Gujarat,Salaried,43300.0,698,Medical,20000.0,60,13.03,455.0,1,5,2024-04-03,0.02,0
APP100064,34,Male,West Bengal,Self-Employed,57400.0,844,Home Renovation,244000.0,36,11.25,8017.0,1,0,2024-08-08,0.28,0
APP105724,48,Male,Karnataka,Business Owner,71000.0,620,Medical,231000.0,36,13.94,7888.0,1,2,2024-09-25,0.22,0
APP100776,30,Female,Karnataka,Salaried,26100.0,644,Personal,201000.0,48,12.46,5339.0,3,4,2025-11-14,0.82,1
APP104173,25,Female,West Bengal,Salaried,45900.0,596,Personal,363000.0,24,14.53,17520.0,1,0,2024-09-05,0.76,0
APP104587,46,Male,Telangana,Salaried,31800.0,663,Education,217000.0,60,14.31,5084.0,0,2,2024-02-25,0.16,0
APP102734,36,Male,Gujarat,Self-Employed,52600.0,834,Education,89000.0,48,9.7,2244.0,1,2,2024-09-08,0.09,0
APP102580,48,Female,Maharashtra,Self-Employed,48600.0,605,Home Renovation,376000.0,84,13.36,6914.0,0,1,2024-02-20,0.14,0
APP104616,33,Female,Delhi,Salaried,28100.0,742,Home Renovation,159000.0,36,11.19,5220.0,1,4,2024-01-16,0.37,1
APP103483,24,Female,Tamil Nadu,Self-Employed,36700.0,702,Home Renovation,372000.0,12,13.69,33347.0,4,1,2025-01-22,4.54,1
APP105894,56,Male,Tamil Nadu,Salaried,19800.0,721,Medical,112000.0,48,12.06,2953.0,1,2,2024-03-07,0.3,0
APP102344,36,Male,Uttar Pradesh,Salaried,48400.0,649,Personal,576000.0,24,14.98,27923.0,1,0,2025-01-08,1.15,0
APP104687,59,Female,Tamil Nadu,Salaried,,731,Personal,336000.0,24,12.89,15957.0,1,0,2025-08-18,0.82,1
APP102815,44,Female,Karnataka,Self-Employed,49000.0,621,Personal,164000.0,24,13.91,7867.0,1,1,2024-03-03,0.32,0
APP105679,42,Female,Maharashtra,Self-Employed,61700.0,768,Home Renovation,315000.0,36,11.85,10440.0,0,1,2024-08-20,0.17,0
APP105381,48,Male,Maharashtra,Salaried,42000.0,707,Home Renovation,93000.0,36,14.28,3191.0,1,1,2025-12-05,0.15,0
APP104026,57,Male,Uttar Pradesh,Salaried,58800.0,813,Personal,216000.0,12,12.35,19227.0,2,1,2025-03-08,0.98,0
APP100724,26,Male,Telangana,Salaried,52600.0,634,Vehicle,374000.0,36,13.24,12645.0,0,0,2024-08-27,0.24,0
APP105545,38,Female,Telangana,Salaried,43200.0,788,Education,95000.0,36,11.01,3111.0,2,1,2025-04-15,0.22,0
APP105524,59,Male,Delhi,Self-Employed,12000.0,699,Medical,286000.0,12,11.46,25339.0,1,1,2024-03-26,4.22,0
APP105991,27,Male,Uttar Pradesh,Salaried,42600.0,809,Personal,197000.0,12,12.76,17573.0,0,0,2025-07-31,0.41,0
APP105308,27,Female,Gujarat,Business Owner,76000.0,604,Personal,85000.0,84,12.34,1516.0,0,2,2025-12-02,0.02,1
APP105887,36,Female,Uttar Pradesh,Self-Employed,42600.0,477,Home Renovation,343000.0,24,16.41,16862.0,0,3,2025-05-05,0.4,1
APP101735,40,Male,Maharashtra,Salaried,35600.0,550,Personal,379000.0,36,15.99,13323.0,0,1,2024-09-26,0.37,0
APP103124,23,Female,Punjab,Salaried,57300.0,812,Education,135000.0,24,11.67,6334.0,1,1,2024-08-25,0.22,0
APP104940,22,Male,Karnataka,Self-Employed,60600.0,560,Medical,315000.0,24,15.25,15311.0,0,0,2024-07-15,0.25,0
APP105078,47,Male,Maharashtra,Salaried,77500.0,787,Vehicle,497000.0,24,11.05,23176.0,0,1,2025-01-16,0.3,1
APP104802,36,Male,Maharashtra,Business Owner,100000.0,572,Home Renovation,346000.0,36,15.18,12025.0,2,1,2024-02-06,0.36,0
APP100273,47,Male,Karnataka,Salaried,41000.0,649,Personal,377000.0,12,12.98,33669.0,1,1,2024-11-16,1.64,0
APP102944,44,Male,Telangana,Salaried,58300.0,663,Personal,331000.0,12,12.43,29476.0,1,1,2024-08-13,1.01,0
APP105768,55,Male,Gujarat,Salaried,48700.0,788,Personal,265000.0,12,11.64,23500.0,2,2,2025-09-07,1.45,1
APP105059,22,Female,Karnataka,Self-Employed,58300.0,723,Personal,178000.0,84,13.38,3275.0,0,0,2025-04-16,0.06,0
APP105518,57,Female,Gujarat,Self-Employed,45800.0,622,Medical,204000.0,84,14.12,3836.0,1,2,2024-04-01,0.17,0
APP101452,53,Male,Tamil Nadu,Salaried,31100.0,700,Medical,378000.0,12,13.15,33789.0,0,0,2024-04-17,1.09,0
APP102715,34,Male,West Bengal,Salaried,36300.0,701,Business Expansion,402000.0,24,12.4,18999.0,3,2,2024-07-26,2.09,1
APP104245,40,Male,Gujarat,Self-Employed,28700.0,658,Vehicle,198000.0,84,13.28,3632.0,0,0,2024-12-22,0.13,0
APP102692,28,Female,Karnataka,Salaried,55700.0,779,Personal,142000.0,48,10.19,3614.0,2,0,2025-12-03,0.19,1
APP102767,40,Female,Telangana,Salaried,65600.0,544,Personal,271000.0,36,15.11,9409.0,1,1,2025-04-11,0.29,0
APP100218,50,Male,Uttar Pradesh,Business Owner,44400.0,701,Personal,180000.0,48,12.27,4764.0,0,4,2024-10-30,0.11,1
APP100239,28,Female,Maharashtra,Self-Employed,49300.0,599,Home Renovation,297000.0,60,13.15,6780.0,2,0,2025-02-26,0.41,1
APP101131,57,Male,Tamil Nadu,Salaried,22600.0,620,Business Expansion,143000.0,24,12.16,6742.0,0,1,2025-12-20,0.3,1
APP105732,38,Male,Maharashtra,Self-Employed,18800.0,743,Home Renovation,307000.0,12,11.15,27155.0,0,0,2024-09-03,1.44,1
APP103264,48,Male,Telangana,Self-Employed,28300.0,480,Vehicle,203000.0,24,13.89,9736.0,2,0,2024-10-01,1.03,1
APP102239,56,Male,Maharashtra,Salaried,41100.0,889,Personal,275000.0,48,10.48,7038.0,0,0,2024-09-07,0.17,0
APP105349,26,Female,Karnataka,Self-Employed,13600.0,770,Vehicle,320000.0,24,11.82,15037.0,2,1,2025-06-11,3.32,1
APP105149,36,Male,Delhi,Business Owner,61700.0,669,Education,143000.0,48,13.56,3876.0,1,0,2025-10-12,0.13,0
APP101383,53,Male,Karnataka,Self-Employed,35300.0,764,Business Expansion,378000.0,48,11.62,9884.0,0,1,2024-05-29,0.28,0
APP103074,27,Female,Maharashtra,Salaried,45500.0,731,Personal,700000.0,60,12.88,15884.0,0,0,2025-05-20,0.35,0
APP104860,57,Female,Maharashtra,Salaried,60300.0,544,Personal,132000.0,24,16.71,6508.0,1,1,2025-02-25,0.22,0
APP101357,44,Female,West Bengal,Self-Employed,68200.0,533,Home Renovation,338000.0,48,13.88,9216.0,1,0,2025-09-15,0.27,0
APP104871,50,Female,Gujarat,Salaried,26100.0,764,Personal,20000.0,84,12.72,361.0,1,1,2024-07-20,0.03,0
APP102630,32,Male,Telangana,Self-Employed,29600.0,713,Education,208000.0,60,12.13,4641.0,1,2,2024-03-29,0.31,0
APP102832,59,Male,Maharashtra,Salaried,35800.0,683,Personal,155000.0,60,11.13,3380.0,1,1,2025-03-13,0.19,0
APP100624,55,Female,Delhi,Salaried,45500.0,729,Personal,443000.0,24,11.81,20814.0,1,1,2025-02-05,0.91,1
APP100839,33,Female,Maharashtra,Salaried,44300.0,578,Business Expansion,24000.0,12,15.02,2166.0,0,0,2025-04-15,0.05,0
APP104723,24,Male,Gujarat,Salaried,82900.0,592,Personal,35000.0,48,13.92,955.0,0,2,2025-11-05,0.01,0
APP100323,27,Male,Gujarat,Salaried,61400.0,625,Personal,192000.0,24,11.99,9037.0,0,2,2025-12-12,0.15,0
APP100867,54,Female,Uttar Pradesh,Salaried,48400.0,644,Home Renovation,247000.0,60,11.47,5428.0,2,4,2024-01-05,0.34,0
APP101867,45,Male,Telangana,Salaried,28500.0,826,Education,319000.0,24,10.89,14852.0,2,2,2025-09-12,1.56,0
APP105256,42,Male,Punjab,Self-Employed,64100.0,614,Medical,219000.0,36,13.53,7435.0,1,0,2025-01-25,0.23,0
APP102826,32,Male,Rajasthan,Self-Employed,42000.0,547,Vehicle,330000.0,84,15.72,6502.0,0,3,2024-01-05,0.15,0
APP105172,24,Male,Karnataka,Salaried,62400.0,772,Education,215000.0,48,11.93,5654.0,0,1,2025-02-01,0.09,0
APP105513,57,Female,Maharashtra,Self-Employed,28900.0,751,Medical,294000.0,36,10.66,9578.0,0,1,2024-05-03,0.33,1
APP100437,43,Female,Karnataka,Salaried,43200.0,686,Personal,186000.0,12,12.31,16553.0,0,0,2024-02-02,0.38,0
APP100119,33,Male,Tamil Nadu,Salaried,40100.0,650,Vehicle,365000.0,36,14.81,12619.0,1,3,2025-09-24,0.63,1
APP105474,26,Female,Uttar Pradesh,Self-Employed,22000.0,701,Home Renovation,404000.0,84,12.87,7321.0,0,1,2024-03-14,0.33,0
APP105673,34,Male,Rajasthan,Salaried,51300.0,590,Personal,20000.0,36,14.6,689.0,0,2,2025-09-04,0.01,1
APP101839,43,Male,Tamil Nadu,Salaried,41800.0,757,Business Expansion,365000.0,48,13.59,9899.0,3,2,2025-12-22,0.95,0
APP101026,39,Female,Maharashtra,Self-Employed,38500.0,593,Business Expansion,193000.0,36,13.49,6549.0,0,2,2024-09-28,0.17,0
APP103301,47,Male,Gujarat,Salaried,88300.0,601,Education,285000.0,48,14.47,7855.0,0,1,2024-08-23,0.09,1
APP104172,48,Male,Punjab,Salaried,22600.0,615,Home Renovation,353000.0,24,13.97,16944.0,1,0,2024-05-18,1.5,1
APP103101,31,Male,Gujarat,Salaried,62100.0,728,Education,462000.0,36,12.63,15484.0,0,0,2024-05-07,0.25,0
APP100900,37,Male,Uttar Pradesh,Salaried,47600.0,718,Home Renovation,336000.0,48,12.03,8853.0,3,1,2024-08-28,0.74,0
APP104467,42,Female,Rajasthan,Salaried,75700.0,630,Personal,163000.0,36,13.52,5533.0,1,1,2025-09-02,0.15,1
APP101204,44,Female,Punjab,Salaried,29400.0,834,Business Expansion,20000.0,36,9.45,640.0,1,2,2024-11-28,0.04,0
APP105989,46,Male,Telangana,Salaried,35100.0,558,Vehicle,430000.0,36,14.36,14772.0,2,0,2024-01-10,1.26,1
APP105839,27,Female,West Bengal,Salaried,38000.0,817,Personal,382000.0,24,11.63,17916.0,0,0,2024-07-31,0.47,0
APP105037,22,Male,Tamil Nadu,Self-Employed,31200.0,628,Personal,20000.0,60,14.15,467.0,2,0,2024-11-16,0.04,0
APP104050,32,Female,Uttar Pradesh,Business Owner,78600.0,782,Home Renovation,314000.0,24,12.97,14924.0,2,2,2025-06-26,0.57,0
APP100552,45,Male,Maharashtra,Self-Employed,39400.0,564,Personal,263000.0,24,14.66,12710.0,1,3,2024-02-14,0.65,0
APP100406,30,Female,Tamil Nadu,Self-Employed,53400.0,563,Business Expansion,23000.0,24,13.65,1100.0,2,1,2024-06-23,0.06,0
APP105491,24,Male,Maharashtra,Self-Employed,31500.0,642,Personal,205000.0,24,13.33,9778.0,0,1,2025-09-27,0.31,0
APP101613,26,Female,West Bengal,Salaried,55800.0,605,Medical,329000.0,84,14.76,6304.0,1,1,2025-10-16,0.23,0
APP102934,25,Female,Rajasthan,Salaried,47100.0,707,Personal,20000.0,48,13.5,542.0,0,1,2025-11-26,0.01,0
APP105064,49,Female,Tamil Nadu,Business Owner,82800.0,858,Personal,20000.0,36,11.55,660.0,1,2,2024-12-07,0.02,0
APP103298,37,Male,Maharashtra,Salaried,49600.0,580,Medical,255000.0,24,13.33,12163.0,1,0,2024-10-04,0.49,0
APP102833,48,Female,Punjab,Salaried,68600.0,727,Personal,106000.0,36,12.17,3529.0,2,0,2025-06-26,0.15,0
APP102349,24,Male,Telangana,Business Owner,105200.0,689,Vehicle,352000.0,36,13.68,11976.0,0,0,2024-03-28,0.11,0
APP104785,59,Male,Telangana,Salaried,40600.0,820,Education,211000.0,60,9.0,4380.0,1,0,2024-12-22,0.22,0
APP103109,39,Male,Delhi,Self-Employed,61000.0,615,Vehicle,237000.0,60,13.43,5445.0,0,1,2024-10-10,0.09,0
APP101738,28,Male,Rajasthan,Self-Employed,31200.0,624,Personal,328000.0,12,14.04,29456.0,1,1,2025-04-17,1.89,1
APP100236,53,Male,Telangana,Salaried,33400.0,686,Business Expansion,92000.0,36,12.12,3061.0,1,2,2025-04-23,0.18,0
APP103163,51,Female,Tamil Nadu,Self-Employed,31100.0,796,Personal,194000.0,12,9.66,17025.0,0,3,2025-11-28,0.55,0
APP100499,59,Female,Karnataka,Business Owner,12000.0,718,Personal,149000.0,36,13.1,5028.0,2,2,2024-03-10,1.26,0
APP104918,22,Female,Delhi,Self-Employed,60000.0,739,Home Renovation,293000.0,36,12.57,9812.0,1,1,2025-07-12,0.33,0
APP103625,53,Female,Tamil Nadu,Salaried,35600.0,698,Vehicle,158000.0,48,13.32,4264.0,0,1,2024-07-18,0.12,0
APP103127,34,Male,Gujarat,Salaried,19800.0,678,Personal,37000.0,24,12.47,1750.0,0,2,2024-10-30,0.09,1
APP100794,26,Male,Karnataka,Self-Employed,35600.0,758,Personal,50000.0,36,11.84,1657.0,2,1,2025-09-09,0.14,1
APP103358,33,Female,Delhi,Self-Employed,67500.0,519,Medical,330000.0,36,13.58,11211.0,1,1,2025-05-14,0.33,1
APP103291,56,Male,Tamil Nadu,Self-Employed,68700.0,729,Business Expansion,315000.0,36,13.41,10676.0,0,2,2024-07-28,0.16,1
APP103972,45,Male,Karnataka,Self-Employed,41900.0,768,Vehicle,20000.0,48,10.68,514.0,0,1,2024-07-07,0.01,0
APP100990,46,Female,Telangana,Business Owner,17300.0,722,Medical,45000.0,48,10.85,1160.0,0,2,2025-02-06,0.07,1
APP104663,55,Male,Punjab,Self-Employed,56100.0,660,Medical,208000.0,48,13.15,5596.0,0,0,2024-07-09,0.1,0
APP102435,21,Male,Karnataka,Self-Employed,12000.0,742,Personal,227000.0,60,12.1,5061.0,1,0,2024-09-10,0.84,0
APP103376,35,Female,Maharashtra,Self-Employed,18700.0,678,Business Expansion,210000.0,12,13.23,18779.0,2,0,2025-04-29,3.01,1
APP100390,32,Male,Uttar Pradesh,Self-Employed,49900.0,721,Medical,336000.0,36,10.9,10984.0,0,0,2024-09-10,0.22,0
APP104839,54,Female,Telangana,Salaried,39200.0,714,Business Expansion,483000.0,12,12.2,42959.0,1,0,2025-02-22,2.19,0
APP102400,24,Female,Tamil Nadu,Salaried,62500.0,900,Home Renovation,20000.0,84,11.06,343.0,0,1,2024-07-31,0.01,0
APP101217,45,Female,Uttar Pradesh,Salaried,70300.0,619,Business Expansion,170000.0,24,12.97,8080.0,2,1,2024-02-19,0.34,0
APP100235,44,Female,Telangana,Salaried,44400.0,424,Vehicle,196000.0,36,15.61,6853.0,0,0,2024-02-09,0.15,1
APP100331,43,Female,Tamil Nadu,Salaried,45900.0,673,Medical,150000.0,48,12.78,4008.0,2,1,2024-04-13,0.26,0
APP104576,58,Male,Uttar Pradesh,Self-Employed,29600.0,794,Home Renovation,541000.0,48,10.71,13906.0,2,0,2025-04-29,1.41,1
APP103188,39,Male,Uttar Pradesh,Self-Employed,40500.0,846,Education,155000.0,36,12.59,5192.0,0,1,2024-03-29,0.13,0
APP100044,27,Female,Karnataka,Salaried,39200.0,551,Education,230000.0,12,15.53,20817.0,0,2,2025-10-19,0.53,1
APP105675,50,Male,Gujarat,Self-Employed,44600.0,658,Medical,122000.0,84,13.55,2256.0,2,1,2025-11-15,0.15,0
APP104216,48,Female,Uttar Pradesh,Salaried,60300.0,682,Home Renovation,269000.0,36,12.48,8996.0,1,0,2024-09-09,0.3,1
APP103436,42,Male,Maharashtra,Salaried,59500.0,658,Personal,240000.0,60,13.36,5505.0,2,0,2025-01-02,0.28,0
APP103072,28,Male,Maharashtra,Self-Employed,45800.0,713,Vehicle,50000.0,48,11.27,1299.0,0,1,2025-08-03,0.03,1
APP103134,50,Male,Delhi,Salaried,56200.0,631,Personal,305000.0,36,14.22,10457.0,2,0,2025-10-22,0.56,0
APP105368,46,Male,Delhi,Salaried,37000.0,705,Vehicle,46000.0,36,12.99,1550.0,0,1,2025-03-22,0.04,0
APP104045,41,Male,Telangana,Salaried,57000.0,725,Business Expansion,486000.0,24,11.26,22710.0,2,2,2024-03-30,1.2,0
APP105022,37,Male,Tamil Nadu,Salaried,41100.0,609,Vehicle,384000.0,60,12.32,8604.0,1,2,2024-12-04,0.42,0
APP101594,24,Male,Telangana,Salaried,43400.0,620,Personal,258000.0,48,11.99,6793.0,0,1,2025-07-04,0.16,1
APP100223,22,Female,Karnataka,Salaried,37400.0,672,Education,299000.0,24,12.29,14115.0,2,1,2025-11-04,1.13,0
APP104862,24,Female,Delhi,Salaried,48800.0,751,Medical,125000.0,48,13.09,3359.0,0,0,2024-09-19,0.07,0
APP104709,26,Male,Telangana,Self-Employed,32700.0,663,Personal,374000.0,84,13.76,6959.0,1,2,2025-11-13,0.43,0
APP102891,43,Male,Delhi,Self-Employed,53500.0,593,Education,20000.0,48,14.49,551.0,0,0,2024-07-23,0.01,0
APP101245,59,Female,Uttar Pradesh,Self-Employed,36100.0,882,Vehicle,176000.0,60,10.02,3741.0,1,2,2025-04-29,0.21,0
APP101540,31,Female,Telangana,Salaried,32300.0,715,Vehicle,89000.0,12,10.88,7861.0,1,1,2025-02-04,0.49,1
APP103537,43,Male,Telangana,Self-Employed,48600.0,840,Personal,133000.0,36,11.99,4417.0,2,0,2024-09-07,0.27,0
APP104148,52,Female,Telangana,Self-Employed,18300.0,819,Medical,331000.0,36,10.17,10707.0,1,3,2024-03-12,1.17,1
APP104625,35,Male,Maharashtra,Self-Employed,26100.0,777,Personal,173000.0,48,11.44,4508.0,0,1,2024-12-27,0.17,0
APP102533,24,Male,Karnataka,Self-Employed,28100.0,784,Personal,294000.0,48,12.12,7759.0,1,0,2024-03-29,0.55,0
APP105965,46,Male,Karnataka,Self-Employed,12000.0,709,Medical,296000.0,24,13.72,14173.0,0,1,2025-07-31,1.18,0
APP100818,22,Female,Gujarat,Self-Employed,12000.0,900,Education,258000.0,12,10.56,22750.0,2,0,2025-02-12,5.69,1
APP103458,56,Female,Maharashtra,Salaried,45000.0,769,Business Expansion,147000.0,36,10.9,4806.0,0,0,2025-12-30,0.11,0
APP100155,29,Female,Maharashtra,Salaried,62800.0,793,Personal,333000.0,36,11.5,10981.0,0,1,2025-06-07,0.17,0
APP105911,44,Male,Gujarat,Self-Employed,25200.0,587,Education,170000.0,84,13.89,3175.0,1,0,2024-02-01,0.25,0
APP100248,38,Female,Uttar Pradesh,Business Owner,111500.0,830,Personal,166000.0,24,11.79,7798.0,1,0,2024-11-02,0.14,0
APP104857,40,Male,Delhi,Salaried,28200.0,630,Home Renovation,267000.0,48,13.89,7281.0,1,1,2025-05-29,0.52,1
APP103927,29,Male,Gujarat,Self-Employed,17000.0,747,Personal,397000.0,48,11.06,10272.0,0,0,2024-05-12,0.6,0
APP104014,47,Male,Delhi,Self-Employed,34500.0,810,Medical,220000.0,24,10.76,10229.0,0,0,2024-09-12,0.3,1
APP102636,46,Female,Maharashtra,Salaried,27300.0,706,Business Expansion,345000.0,12,11.86,30630.0,0,1,2024-04-15,1.12,0
APP105226,53,Female,Gujarat,Self-Employed,,732,Personal,359000.0,84,9.62,5890.0,3,0,2025-09-22,0.5,0
APP104638,46,Male,Uttar Pradesh,Self-Employed,20100.0,710,Medical,103000.0,12,13.01,9200.0,1,4,2024-02-07,0.92,1
APP100793,26,Female,Gujarat,Salaried,60000.0,777,Personal,284000.0,84,9.5,4642.0,3,1,2025-08-12,0.31,0
APP101725,32,Male,West Bengal,Salaried,54600.0,895,Home Renovation,266000.0,48,9.89,6732.0,1,1,2024-09-24,0.25,0
APP103189,29,Male,Telangana,Salaried,31000.0,574,Vehicle,233000.0,48,14.43,6417.0,0,2,2025-10-30,0.21,1
APP102649,35,Female,Maharashtra,Self-Employed,46600.0,626,Vehicle,657000.0,60,13.6,15151.0,0,0,2024-12-24,0.33,0
APP100628,48,Female,Maharashtra,Salaried,37300.0,663,Vehicle,208000.0,24,14.2,10006.0,1,1,2024-07-13,0.54,0
APP105743,23,Female,Gujarat,Business Owner,59600.0,752,Personal,371000.0,36,12.63,12434.0,1,1,2025-10-23,0.42,1
APP102339,34,Female,Telangana,Business Owner,58400.0,638,Personal,340000.0,84,14.01,6373.0,0,1,2024-01-19,0.11,1
APP105885,30,Male,Uttar Pradesh,Salaried,36000.0,698,Vehicle,118000.0,24,13.21,5622.0,0,1,2025-01-03,0.16,0
APP105463,45,Female,Rajasthan,Salaried,56000.0,703,Business Expansion,306000.0,24,13.24,14582.0,1,1,2025-12-10,0.52,0
APP101620,48,Female,West Bengal,Salaried,86000.0,727,Business Expansion,298000.0,60,13.09,6794.0,1,0,2024-04-05,0.16,0
APP101451,31,Female,Punjab,Self-Employed,41800.0,626,Home Renovation,260000.0,36,14.85,8994.0,2,1,2024-01-14,0.65,0
APP102902,54,Male,Delhi,Salaried,56800.0,571,Business Expansion,406000.0,24,16.08,19895.0,1,1,2024-09-18,0.7,0
APP105167,53,Male,Tamil Nadu,Salaried,30800.0,554,Business Expansion,394000.0,48,14.31,10828.0,1,1,2025-03-28,0.7,1
APP104650,39,Male,Tamil Nadu,Salaried,49600.0,697,Business Expansion,210000.0,36,11.87,6962.0,2,1,2024-10-07,0.42,0
APP101828,45,Male,Tamil Nadu,Business Owner,127900.0,671,Personal,115000.0,24,11.15,5368.0,1,1,2025-10-05,0.08,0
APP100826,24,Female,Telangana,Salaried,,814,Home Renovation,569000.0,48,11.57,14864.0,2,0,2025-03-22,2.09,0
APP101639,56,Female,Telangana,Business Owner,12000.0,725,Business Expansion,190000.0,60,11.86,4213.0,1,1,2025-02-24,0.7,0
APP103864,48,Male,Tamil Nadu,Self-Employed,12000.0,858,Vehicle,511000.0,36,9.0,16250.0,3,2,2024-06-06,5.42,1
APP102913,44,Male,Uttar Pradesh,Self-Employed,54100.0,733,Business Expansion,260000.0,84,12.5,4660.0,1,2,2025-08-24,0.17,0
APP103791,49,Male,Gujarat,Salaried,62900.0,581,Business Expansion,399000.0,36,13.3,13502.0,2,0,2025-07-01,0.64,0
APP102939,21,Male,Rajasthan,Business Owner,57300.0,668,Business Expansion,367000.0,24,13.3,17500.0,1,1,2024-12-26,0.61,0
APP103420,37,Male,Delhi,Salaried,50000.0,629,Vehicle,103000.0,24,14.03,4947.0,1,0,2025-04-22,0.2,1
APP103996,56,Female,West Bengal,Salaried,36400.0,669,Vehicle,410000.0,60,11.46,9009.0,0,2,2024-08-31,0.25,0
APP103767,48,Male,Maharashtra,Salaried,44100.0,598,Business Expansion,409000.0,60,16.05,9957.0,0,2,2025-12-19,0.23,1
APP100535,59,Male,Gujarat,Self-Employed,12000.0,639,Personal,428000.0,12,12.21,38069.0,0,1,2024-04-10,3.17,1
APP102663,21,Male,Maharashtra,Business Owner,65100.0,631,Medical,38000.0,84,13.51,702.0,1,0,2024-09-01,0.02,0
APP100154,47,Male,Uttar Pradesh,Self-Employed,22000.0,638,Education,199000.0,48,14.22,5460.0,1,2,2024-07-13,0.5,1
APP103241,56,Male,Maharashtra,Salaried,30200.0,584,Personal,161000.0,84,13.64,2985.0,2,1,2024-08-01,0.3,1
APP103149,40,Male,Punjab,Salaried,66800.0,717,Education,198000.0,24,11.41,9266.0,2,0,2024-12-12,0.42,0
APP102952,35,Female,Maharashtra,Salaried,52700.0,636,Personal,188000.0,36,12.41,6281.0,3,1,2025-02-22,0.48,0
APP101311,27,Female,Tamil Nadu,Business Owner,45800.0,781,Medical,373000.0,24,13.28,17782.0,1,2,2025-05-21,0.78,0
APP100322,33,Male,Delhi,Self-Employed,28200.0,575,Business Expansion,134000.0,84,12.75,2420.0,1,3,2025-12-10,0.17,0
APP104110,25,Male,Tamil Nadu,Salaried,13400.0,798,Vehicle,199000.0,36,11.03,6518.0,1,1,2024-10-19,0.97,1
APP103330,49,Female,Uttar Pradesh,Salaried,59100.0,606,Business Expansion,177000.0,24,13.38,8447.0,1,1,2024-01-05,0.29,1
APP103985,35,Male,Uttar Pradesh,Salaried,31200.0,842,Business Expansion,474000.0,36,11.44,15617.0,0,0,2024-05-03,0.5,0
APP101798,35,Male,Telangana,Salaried,50700.0,812,Personal,359000.0,24,11.35,16791.0,1,2,2024-12-20,0.66,1
APP100082,31,Female,Maharashtra,Salaried,22600.0,643,Business Expansion,164000.0,60,12.46,3686.0,2,1,2025-04-25,0.49,1
APP102560,44,Male,Maharashtra,Self-Employed,41600.0,834,Personal,393000.0,24,10.05,18144.0,1,3,2025-11-16,0.87,1
APP101943,58,Male,Punjab,Business Owner,141800.0,805,Home Renovation,38000.0,12,10.73,3354.0,0,1,2024-06-30,0.02,0
APP101988,36,Female,Telangana,Self-Employed,57200.0,721,Education,192000.0,36,14.37,6597.0,1,3,2024-09-23,0.23,0
APP103536,54,Female,Tamil Nadu,Self-Employed,26000.0,741,Home Renovation,272000.0,36,10.07,8786.0,0,1,2024-11-18,0.34,0
APP105479,51,Male,Telangana,Business Owner,33600.0,705,Business Expansion,313000.0,48,12.62,8338.0,1,3,2025-01-02,0.5,0
APP101574,35,Male,Karnataka,Self-Employed,30600.0,610,Business Expansion,281000.0,48,12.2,7427.0,0,2,2024-11-16,0.24,0
APP102977,52,Female,Maharashtra,Salaried,32400.0,656,Personal,309000.0,60,14.06,7200.0,1,3,2024-12-10,0.44,0
APP102723,34,Male,West Bengal,Salaried,16800.0,691,Vehicle,41000.0,36,13.31,1388.0,1,2,2025-10-05,0.17,0
APP103405,46,Male,Telangana,Salaried,32700.0,520,Personal,235000.0,12,15.8,21300.0,1,0,2024-12-15,1.3,0
APP102058,22,Female,Karnataka,Self-Employed,40800.0,745,Personal,436000.0,48,13.58,11823.0,1,0,2025-09-25,0.58,0
APP101762,21,Male,Delhi,Business Owner,60000.0,603,Medical,299000.0,48,16.18,8501.0,1,2,2025-09-04,0.28,1
APP101494,55,Male,West Bengal,Salaried,18800.0,643,Personal,405000.0,36,13.71,13785.0,1,0,2024-04-10,1.47,1
APP104927,30,Female,Uttar Pradesh,Salaried,47300.0,704,Personal,208000.0,12,12.7,18549.0,1,1,2025-05-27,0.78,1
APP102080,28,Male,Gujarat,Salaried,64700.0,839,Home Renovation,227000.0,48,12.26,6007.0,2,3,2025-08-07,0.28,0
APP101174,53,Female,Karnataka,Salaried,54900.0,659,Personal,324000.0,48,13.0,8692.0,0,1,2024-02-21,0.16,0
APP104509,36,Male,Punjab,Salaried,50400.0,725,Education,544000.0,48,10.7,13981.0,1,1,2024-11-03,0.55,0
APP102628,42,Male,Karnataka,Salaried,38400.0,676,Business Expansion,310000.0,24,12.46,14659.0,0,1,2025-06-25,0.38,0
APP104261,54,Male,Karnataka,Salaried,46700.0,668,Vehicle,73000.0,36,14.5,2513.0,0,1,2025-03-27,0.05,1
APP105610,24,Female,Gujarat,Salaried,39400.0,589,Home Renovation,184000.0,36,15.58,6431.0,1,1,2025-12-30,0.33,1
APP100614,52,Female,West Bengal,Self-Employed,38200.0,571,Home Renovation,197000.0,48,14.28,5411.0,0,2,2025-10-12,0.14,0
APP103093,43,Female,Gujarat,Self-Employed,92200.0,505,Medical,356000.0,60,17.36,8917.0,1,3,2024-07-26,0.19,1
APP103450,47,Male,Karnataka,Salaried,53400.0,711,Personal,184000.0,24,12.45,8700.0,2,1,2025-11-29,0.49,1
APP101014,27,Male,Maharashtra,Salaried,52200.0,607,Business Expansion,344000.0,84,13.62,6375.0,0,1,2024-02-11,0.12,0
APP103057,42,Female,Uttar Pradesh,Salaried,29300.0,801,Education,251000.0,24,12.45,11868.0,1,2,2025-02-19,0.81,0
APP105787,23,Male,Tamil Nadu,Self-Employed,24500.0,736,Business Expansion,201000.0,84,12.36,3587.0,0,0,2024-02-19,0.15,0
APP105333,34,Male,Delhi,Salaried,55000.0,591,Personal,158000.0,24,12.06,7442.0,0,2,2024-04-30,0.14,0
APP103905,49,Female,West Bengal,Salaried,,835,Personal,149000.0,36,10.18,4820.0,0,2,2024-03-02,0.11,0
APP102181,21,Female,Karnataka,Salaried,39700.0,739,Business Expansion,127000.0,24,11.51,5949.0,1,3,2025-02-08,0.3,0
APP103418,49,Male,Uttar Pradesh,Self-Employed,54400.0,627,Medical,410000.0,60,14.46,9638.0,1,0,2024-07-05,0.35,1
APP104651,55,Male,Tamil Nadu,Salaried,22800.0,775,Personal,180000.0,48,10.39,4599.0,0,2,2024-02-26,0.2,0
APP103100,58,Male,Karnataka,Self-Employed,47500.0,598,Home Renovation,212000.0,36,13.72,7217.0,1,2,2024-08-28,0.3,0
APP101211,57,Male,Karnataka,Business Owner,92000.0,822,Home Renovation,105000.0,60,11.8,2325.0,2,2,2024-01-09,0.08,0
APP105824,32,Male,Uttar Pradesh,Salaried,44600.0,753,Education,223000.0,12,10.44,19651.0,1,1,2025-12-19,0.88,0
APP100634,23,Female,Rajasthan,Salaried,38600.0,702,Vehicle,235000.0,36,12.52,7864.0,2,1,2025-08-10,0.61,0
APP101055,52,Male,Tamil Nadu,Self-Employed,25700.0,540,Personal,201000.0,36,16.27,7093.0,0,2,2025-10-10,0.28,0
APP102340,34,Male,Gujarat,Self-Employed,65600.0,692,Education,20000.0,36,12.19,666.0,2,1,2024-11-16,0.03,0
APP100796,50,Female,Uttar Pradesh,Salaried,46100.0,618,Vehicle,99000.0,36,13.93,3380.0,1,0,2024-06-24,0.15,0
APP105187,38,Male,Delhi,Self-Employed,42500.0,493,Vehicle,155000.0,24,15.42,7546.0,0,0,2024-06-06,0.18,0
APP104270,57,Female,Maharashtra,Salaried,46700.0,555,Personal,265000.0,36,15.85,9297.0,0,0,2025-04-04,0.2,0
APP102814,-37,Male,Delhi,Salaried,35400.0,695,Home Renovation,252000.0,36,11.4,8298.0,1,3,2025-03-16,0.47,0
APP104341,38,Male,Punjab,Self-Employed,65300.0,670,Personal,171000.0,36,11.23,5617.0,2,1,2024-12-16,0.26,1
APP101080,51,Female,Maharashtra,Business Owner,20300.0,544,Home Renovation,68000.0,12,14.73,6129.0,0,1,2025-09-27,0.3,0
APP101654,55,Male,Karnataka,Salaried,49500.0,522,Medical,217000.0,24,13.74,10392.0,1,2,2024-04-20,0.42,0
APP101607,39,Female,Maharashtra,Self-Employed,37200.0,806,Personal,411000.0,84,12.11,7279.0,1,1,2025-05-20,0.39,0
APP100144,45,Female,Tamil Nadu,Business Owner,12000.0,865,Personal,247000.0,48,10.68,6346.0,3,1,2025-06-07,2.12,0
APP104241,43,Female,Telangana,Salaried,,558,Personal,20000.0,36,12.68,671.0,1,2,2024-06-28,0.02,0
APP100090,48,Male,West Bengal,Salaried,68600.0,801,Home Renovation,292000.0,60,10.82,6323.0,2,1,2024-07-28,0.28,0
APP100682,53,Female,Uttar Pradesh,Salaried,37100.0,698,Education,495000.0,48,13.73,13460.0,1,1,2025-04-20,0.73,1
APP104406,43,Male,Uttar Pradesh,Self-Employed,62000.0,703,Education,253000.0,12,12.87,22582.0,1,3,2024-06-12,0.73,0
APP103431,21,Male,Maharashtra,Self-Employed,48100.0,815,Vehicle,240000.0,12,10.76,21185.0,0,0,2024-11-23,0.44,0
APP100093,28,Male,Telangana,Business Owner,57000.0,741,Personal,205000.0,12,13.04,18314.0,3,2,2024-06-24,1.29,0
APP100834,34,Female,Punjab,Salaried,25200.0,617,Vehicle,114000.0,24,13.23,5432.0,0,1,2025-06-11,0.22,0
APP105020,51,Female,Gujarat,Self-Employed,12000.0,642,Medical,69000.0,24,12.74,3272.0,1,0,2024-10-27,0.55,1
APP105784,45,Female,Tamil Nadu,Self-Employed,20200.0,621,Personal,419000.0,36,13.53,14225.0,0,0,2024-10-03,0.7,1
APP105131,31,Female,Uttar Pradesh,Salaried,44100.0,704,Medical,301000.0,24,11.63,14117.0,0,0,2024-09-21,0.32,0
APP101400,22,Female,Rajasthan,Self-Employed,37100.0,823,Business Expansion,292000.0,36,9.92,9411.0,1,2,2024-08-15,0.51,1
APP103979,27,Male,Tamil Nadu,Salaried,29500.0,810,Medical,409000.0,24,10.35,18939.0,0,1,2024-02-03,0.64,0
APP102291,33,Male,West Bengal,Salaried,60800.0,719,Personal,292000.0,36,12.39,9753.0,1,0,2025-05-05,0.32,0
APP101500,36,Female,Uttar Pradesh,Salaried,42100.0,687,Vehicle,180000.0,60,12.9,4086.0,1,0,2025-01-01,0.19,0
APP102262,45,Male,Tamil Nadu,Salaried,64200.0,804,Home Renovation,256000.0,60,11.44,5622.0,1,1,2024-08-14,0.18,0
APP101468,49,Male,Delhi,Self-Employed,35800.0,570,Personal,92000.0,36,13.82,3136.0,2,1,2024-09-29,0.26,1
APP103928,48,Male,Karnataka,Salaried,52100.0,706,Medical,46000.0,48,13.55,1247.0,1,2,2024-11-24,0.05,0
APP103245,29,Male,Delhi,Self-Employed,15400.0,602,Medical,251000.0,36,13.13,8473.0,1,0,2025-02-05,1.1,1
APP100998,38,Male,Maharashtra,Salaried,33500.0,671,Medical,346000.0,24,12.8,16417.0,2,2,2025-09-28,1.47,1
APP100853,29,Female,Tamil Nadu,Self-Employed,74500.0,735,Home Renovation,146000.0,36,11.73,4830.0,2,3,2025-03-13,0.19,0
APP103875,32,Male,Rajasthan,Business Owner,119000.0,689,Business Expansion,115000.0,12,12.21,10229.0,1,3,2024-04-26,0.17,0
APP101142,58,Male,West Bengal,Salaried,50400.0,488,Home Renovation,397000.0,24,12.65,18809.0,1,0,2025-12-14,0.75,1
APP105239,22,Male,Uttar Pradesh,Self-Employed,43400.0,578,Personal,179000.0,48,12.96,4799.0,1,1,2024-11-05,0.22,0
APP102274,59,Male,Uttar Pradesh,Self-Employed,15000.0,731,Business Expansion,233000.0,48,13.29,6284.0,2,1,2024-06-25,1.26,0
APP104497,48,Female,Telangana,Salaried,51200.0,689,Personal,93000.0,84,14.15,1751.0,2,3,2024-02-04,0.1,0
APP101103,25,Male,Maharashtra,Business Owner,109000.0,787,Vehicle,364000.0,60,10.8,7878.0,0,0,2025-05-07,0.07,0
APP100084,28,Male,Rajasthan,Salaried,45000.0,668,Medical,173000.0,48,13.7,4701.0,1,1,2025-02-07,0.21,0
APP102210,44,Male,Tamil Nadu,Salaried,38600.0,686,Vehicle,145000.0,36,13.56,4925.0,1,4,2024-12-29,0.26,1
APP104210,35,Male,Maharashtra,Salaried,37600.0,456,Vehicle,20000.0,60,18.53,514.0,1,0,2024-11-30,0.03,0
APP105644,56,Male,Maharashtra,Salaried,70100.0,644,Home Renovation,411000.0,36,14.05,14057.0,1,0,2024-02-23,0.4,1
APP103440,57,Male,Tamil Nadu,Salaried,30700.0,714,Personal,416000.0,84,11.87,7315.0,1,0,2024-04-05,0.48,1
APP101567,46,Female,Uttar Pradesh,Salaried,48200.0,445,Home Renovation,20000.0,24,16.32,982.0,0,2,2025-06-23,0.02,0
APP105597,46,Female,Gujarat,Salaried,44400.0,746,Vehicle,394000.0,36,12.6,13200.0,1,1,2025-08-08,0.59,0
APP101660,34,Female,West Bengal,Self-Employed,15900.0,688,Home Renovation,335000.0,24,11.69,15721.0,1,2,2025-01-25,1.98,1
APP101556,53,Female,Uttar Pradesh,Business Owner,135500.0,745,Personal,293000.0,12,11.96,26027.0,1,2,2025-04-09,0.38,0
APP104721,37,Female,Karnataka,Business Owner,12000.0,545,Home Renovation,260000.0,48,13.55,7046.0,0,0,2024-01-25,0.59,0
APP103764,54,Male,Uttar Pradesh,Salaried,53100.0,647,Business Expansion,285000.0,36,15.11,9895.0,0,1,2025-08-02,0.19,1
APP103584,45,Male,Rajasthan,Self-Employed,,440,Personal,121000.0,24,17.86,6033.0,0,2,2024-05-17,0.14,0
APP101885,42,Male,Delhi,Salaried,41900.0,615,Home Renovation,355000.0,60,13.98,8257.0,1,1,2025-10-23,0.39,1
APP103144,52,Female,Gujarat,Self-Employed,36900.0,663,Personal,463000.0,36,13.03,15607.0,0,0,2024-11-25,0.42,0
APP101866,46,Male,Uttar Pradesh,Business Owner,88200.0,665,Education,335000.0,48,12.96,8981.0,0,1,2024-01-14,0.1,0
APP105048,44,Male,Rajasthan,Salaried,62900.0,510,Vehicle,178000.0,24,14.87,8620.0,0,1,2025-06-22,0.14,1
APP104720,31,Female,Telangana,Salaried,50900.0,692,Home Renovation,343000.0,24,14.48,16546.0,0,1,2024-03-22,0.33,0
APP102874,22,Male,Karnataka,Business Owner,82200.0,558,Personal,20000.0,48,15.36,560.0,0,1,2024-02-13,0.01,0
APP104330,47,Male,Tamil Nadu,Salaried,18700.0,538,Personal,130000.0,12,14.1,11678.0,0,3,2025-08-20,0.62,1
APP103588,21,Male,Gujarat,Self-Employed,22000.0,807,Business Expansion,545000.0,24,10.71,25328.0,2,1,2025-10-10,3.45,1
APP103267,41,Female,Telangana,Salaried,49100.0,708,Personal,308000.0,36,11.8,10201.0,0,2,2025-07-03,0.21,0
APP102884,21,Male,Maharashtra,Salaried,,789,Home Renovation,372000.0,24,10.71,17288.0,1,3,2024-06-18,0.65,1
APP102890,45,Male,Tamil Nadu,Self-Employed,37000.0,667,Personal,463000.0,24,13.83,22193.0,2,3,2024-07-19,1.8,0
APP103007,47,Female,Uttar Pradesh,Salaried,46000.0,646,Education,264000.0,84,12.7,4760.0,1,0,2024-11-14,0.21,0
APP101826,49,Male,Punjab,Self-Employed,12000.0,595,Personal,153000.0,12,14.15,13748.0,1,0,2024-11-29,2.29,1
APP103923,34,Female,Maharashtra,Salaried,17100.0,723,Personal,20000.0,36,11.26,657.0,1,1,2024-03-18,0.08,0
APP102640,54,Male,Tamil Nadu,Self-Employed,51400.0,747,Business Expansion,275000.0,24,11.35,12862.0,1,2,2025-03-27,0.5,0
APP105410,43,Female,Punjab,Business Owner,68600.0,535,Medical,127000.0,48,15.11,3542.0,2,0,2024-03-20,0.15,1
APP101525,42,Female,Maharashtra,Salaried,39200.0,662,Medical,99000.0,24,13.47,4729.0,2,1,2025-03-05,0.36,0
APP101562,53,Female,Uttar Pradesh,Salaried,65500.0,567,Medical,144000.0,36,14.98,4990.0,1,0,2025-05-05,0.15,0
APP100343,35,Female,Tamil Nadu,Self-Employed,17900.0,585,Personal,80000.0,48,13.31,2159.0,0,0,2024-07-15,0.12,0
APP102542,48,Female,Punjab,Salaried,56700.0,650,Personal,20000.0,48,13.85,545.0,1,3,2024-11-15,0.02,0
APP103385,30,Male,Maharashtra,Business Owner,,689,Vehicle,275000.0,36,11.63,9085.0,0,2,2025-05-03,0.17,1
APP102412,30,Male,Karnataka,Salaried,36300.0,749,Medical,449000.0,36,13.89,15322.0,1,4,2025-05-08,0.84,0
APP102707,39,Female,Delhi,Self-Employed,21900.0,775,Education,290000.0,36,10.86,9475.0,1,0,2025-09-15,0.87,1
APP105092,29,Male,Maharashtra,Salaried,28000.0,475,Medical,521000.0,60,16.37,12772.0,0,2,2024-01-16,0.46,1
APP101110,42,Male,West Bengal,Self-Employed,31800.0,709,Medical,176000.0,36,11.41,5796.0,0,2,2024-08-30,0.18,0
APP103442,56,Female,Rajasthan,Self-Employed,12000.0,685,Home Renovation,370000.0,36,13.56,12567.0,1,2,2025-01-17,2.09,1
APP102213,40,Female,Maharashtra,Business Owner,35000.0,714,Vehicle,359000.0,36,13.67,12212.0,1,3,2024-04-18,0.7,0
APP101359,58,Male,Telangana,Salaried,37500.0,757,Business Expansion,110000.0,36,12.19,3664.0,2,1,2024-07-23,0.29,0
APP102107,30,Male,Rajasthan,Business Owner,22800.0,709,Business Expansion,20000.0,60,13.56,461.0,2,2,2024-10-15,0.06,0
APP104805,49,Female,Punjab,Salaried,67800.0,480,Medical,92000.0,24,17.06,4551.0,0,1,2024-11-02,0.07,1
APP101378,26,Female,West Bengal,Self-Employed,18400.0,712,Medical,406000.0,84,13.66,7532.0,1,1,2024-09-01,0.82,1
APP102828,28,Male,Uttar Pradesh,Salaried,48000.0,507,Personal,461000.0,84,14.78,8839.0,0,0,2025-01-23,0.18,1
APP100424,53,Male,Uttar Pradesh,Self-Employed,64200.0,868,Home Renovation,20000.0,84,9.8,330.0,2,0,2025-03-27,0.02,0
APP100292,49,Female,Delhi,Salaried,58000.0,678,Personal,334000.0,60,12.77,7560.0,0,1,2025-02-07,0.13,1
APP101065,23,Female,Telangana,Self-Employed,52900.0,643,Personal,265000.0,36,13.65,9012.0,1,1,2024-09-18,0.34,1
APP102377,50,Male,Gujarat,Salaried,40200.0,549,Personal,492000.0,60,14.35,11537.0,0,0,2025-02-09,0.29,1
APP105108,58,Male,Maharashtra,Salaried,31700.0,764,Personal,132000.0,24,11.94,6210.0,0,1,2024-11-19,0.2,0
APP102127,59,Female,Karnataka,Self-Employed,47400.0,636,Vehicle,307000.0,48,13.88,8371.0,0,0,2024-03-22,0.18,0
APP101717,49,Male,Uttar Pradesh,Self-Employed,49800.0,541,Personal,244000.0,48,15.27,6824.0,0,2,2025-01-19,0.14,1
APP100937,28,Male,West Bengal,Salaried,58000.0,679,Personal,82000.0,36,13.31,2775.0,0,2,2024-06-16,0.05,0
APP103779,52,Male,Maharashtra,Salaried,70400.0,768,Personal,208000.0,24,10.87,9682.0,0,1,2025-10-17,0.14,0
APP103964,37,Female,Delhi,Self-Employed,24600.0,515,Education,374000.0,36,15.7,13093.0,0,1,2025-02-25,0.53,1
APP103990,22,Female,Delhi,Salaried,31400.0,743,Home Renovation,403000.0,36,13.85,13744.0,0,2,2025-09-14,0.44,0
APP104930,57,Male,Maharashtra,Salaried,37600.0,718,Medical,520000.0,36,12.83,17478.0,2,2,2025-11-29,1.39,1
APP100254,53,Male,Telangana,Self-Employed,62000.0,526,Vehicle,201000.0,36,14.73,6941.0,0,1,2025-01-21,0.11,1
APP105820,22,Male,Punjab,Business Owner,74000.0,531,Business Expansion,277000.0,36,12.9,9320.0,0,2,2024-02-26,0.13,0
APP101482,41,Female,West Bengal,Self-Employed,41300.0,614,Medical,133000.0,12,13.2,11892.0,1,2,2025-12-20,0.58,1
APP100944,51,Male,Telangana,Business Owner,67300.0,658,Business Expansion,331000.0,48,12.55,8806.0,1,3,2025-05-30,0.26,1
APP105503,33,Female,Delhi,Business Owner,99700.0,695,Business Expansion,20000.0,48,11.64,523.0,1,0,2025-03-15,0.01,0
APP103183,25,Male,Tamil Nadu,Salaried,65700.0,683,Business Expansion,385000.0,48,12.63,10258.0,0,1,2025-05-06,0.16,0
APP103266,56,Male,Punjab,Salaried,65400.0,654,Education,341000.0,36,12.73,11445.0,0,0,2024-12-15,0.18,0
APP104819,39,Male,Delhi,Self-Employed,12500.0,679,Home Renovation,270000.0,36,13.06,9105.0,0,0,2024-09-26,0.73,1
APP102907,35,Female,Gujarat,Salaried,44300.0,676,Personal,561000.0,24,13.51,26806.0,4,0,2024-05-25,3.03,1
APP100969,28,Male,Maharashtra,Business Owner,104100.0,880,Vehicle,199000.0,24,9.32,9121.0,1,0,2024-02-05,0.18,0
APP100496,56,Male,Maharashtra,Self-Employed,30300.0,780,Home Renovation,482000.0,12,11.44,42699.0,2,1,2024-10-08,4.23,1
APP105046,31,Male,Gujarat,Self-Employed,31100.0,616,Business Expansion,279000.0,48,12.31,7390.0,1,1,2024-11-17,0.48,0
APP104901,31,Male,Delhi,Self-Employed,55400.0,836,Vehicle,538000.0,24,10.72,25005.0,2,1,2025-08-08,1.35,0
APP101829,32,Male,Uttar Pradesh,Business Owner,55700.0,590,Personal,181000.0,48,14.52,4993.0,0,1,2024-09-20,0.09,0
APP102177,41,Female,Punjab,Salaried,26900.0,577,Home Renovation,405000.0,36,16.14,14267.0,0,0,2025-04-05,0.53,1
APP100337,43,Male,Punjab,Salaried,66800.0,461,Personal,198000.0,60,16.0,4815.0,1,2,2025-04-14,0.14,1
APP104826,45,Male,Karnataka,Salaried,76300.0,817,Vehicle,20000.0,48,11.35,520.0,0,1,2025-02-11,0.01,0
APP104704,50,Male,Rajasthan,Self-Employed,41000.0,618,Business Expansion,503000.0,36,11.84,16668.0,0,0,2025-08-22,0.41,1
APP101148,51,Female,Rajasthan,Business Owner,22000.0,728,Business Expansion,148000.0,48,9.58,3724.0,0,2,2024-12-19,0.17,1
APP102243,30,Male,Karnataka,Self-Employed,47600.0,530,Home Renovation,592000.0,60,14.53,13938.0,1,0,2024-10-05,0.59,0
APP103053,33,Female,Delhi,Salaried,33800.0,670,Personal,20000.0,12,12.47,1781.0,2,2,2025-02-24,0.16,0
APP105005,36,Male,Uttar Pradesh,Self-Employed,42300.0,529,Medical,193000.0,36,14.45,6639.0,0,2,2025-07-08,0.16,0
APP103968,49,Female,Rajasthan,Salaried,37000.0,794,Personal,331000.0,60,11.02,7200.0,1,0,2024-02-18,0.39,0
APP102151,41,Female,Uttar Pradesh,Salaried,28400.0,718,Personal,379000.0,84,12.7,6833.0,0,2,2024-11-17,0.24,0
APP102010,59,Male,West Bengal,Salaried,37700.0,523,Medical,372000.0,24,14.19,17894.0,2,3,2025-12-01,1.42,1
APP102491,39,Male,Punjab,Salaried,54400.0,691,Business Expansion,301000.0,36,12.51,10071.0,2,1,2025-07-16,0.56,0
APP105927,30,Male,Maharashtra,Self-Employed,52600.0,635,Personal,374000.0,60,12.46,8407.0,1,0,2024-10-03,0.32,0
APP101810,58,Male,Tamil Nadu,Self-Employed,32500.0,602,Personal,397000.0,84,16.35,7965.0,1,1,2024-04-17,0.49,0
APP101994,40,Female,Karnataka,Salaried,49200.0,532,Education,488000.0,48,14.15,13372.0,0,1,2025-12-18,0.27,0
APP104815,49,Male,Uttar Pradesh,Self-Employed,37800.0,638,Personal,368000.0,48,14.39,10128.0,0,2,2025-03-29,0.27,1
APP102932,31,Male,Rajasthan,Salaried,51800.0,662,Medical,98000.0,24,13.61,4687.0,1,2,2024-04-10,0.18,0
APP102824,21,Female,West Bengal,Salaried,60200.0,694,Vehicle,180000.0,60,11.44,3953.0,0,0,2024-02-29,0.07,0
APP105665,45,Male,Tamil Nadu,Salaried,44400.0,754,Personal,369000.0,12,12.16,32813.0,0,0,2024-05-18,0.74,0
APP102897,56,Male,Rajasthan,Salaried,28600.0,504,Vehicle,126000.0,36,14.42,4332.0,0,1,2024-08-05,0.15,1
APP102275,32,Male,West Bengal,Business Owner,52700.0,705,Personal,108000.0,36,12.26,3601.0,3,1,2025-12-24,0.27,1
APP100434,51,Male,Tamil Nadu,Self-Employed,66700.0,590,Personal,362000.0,60,13.62,8352.0,1,0,2025-06-03,0.25,0
APP105395,28,Male,Maharashtra,Self-Employed,33400.0,869,Vehicle,20000.0,36,9.0,636.0,1,1,2024-08-02,0.04,0
APP104501,32,Male,Maharashtra,Salaried,38900.0,666,Education,217000.0,36,13.2,7333.0,3,2,2025-01-31,0.75,1
APP102823,33,Male,Uttar Pradesh,Salaried,42100.0,665,Personal,256000.0,60,14.42,6013.0,0,0,2024-10-15,0.14,0
APP104917,47,Female,Uttar Pradesh,Self-Employed,25600.0,836,Home Renovation,301000.0,48,11.18,7806.0,0,1,2024-06-27,0.3,0
APP103755,39,Female,Telangana,Salaried,31100.0,694,Business Expansion,155000.0,60,12.87,3516.0,0,0,2025-10-14,0.11,0
APP102504,59,Male,Delhi,Salaried,42900.0,596,Medical,81000.0,24,16.49,3985.0,1,0,2025-06-07,0.19,1
APP103211,41,Male,Maharashtra,Business Owner,38400.0,737,Education,20000.0,12,12.88,1785.0,2,1,2024-07-02,0.14,0
APP105653,50,Male,Tamil Nadu,Salaried,44100.0,613,Vehicle,70000.0,60,13.04,1594.0,1,3,2024-04-21,0.07,0
APP104641,26,Female,Gujarat,Self-Employed,45600.0,889,Business Expansion,103000.0,48,9.9,2607.0,1,2,2024-11-25,0.11,0
APP104308,37,Male,Uttar Pradesh,Self-Employed,40500.0,618,Personal,95000.0,36,14.3,3261.0,0,2,2025-04-20,0.08,0
APP104992,23,Male,Rajasthan,Salaried,43600.0,567,Home Renovation,207000.0,24,13.91,9930.0,1,0,2024-11-17,0.46,1
APP103540,51,Male,Uttar Pradesh,Salaried,64100.0,678,Vehicle,283000.0,24,13.46,13516.0,1,3,2025-02-08,0.42,1
APP103270,30,Male,Karnataka,Salaried,28300.0,627,Vehicle,450000.0,12,13.35,40267.0,0,1,2024-10-17,1.42,0
APP101941,24,Male,Gujarat,Salaried,60200.0,538,Business Expansion,341000.0,60,14.86,8087.0,0,2,2025-12-19,0.13,0
APP101891,30,Male,Delhi,Salaried,22900.0,636,Personal,331000.0,48,14.13,9067.0,1,3,2024-01-22,0.79,1
APP105012,37,Male,Telangana,Salaried,37700.0,455,Personal,272000.0,36,17.31,9740.0,2,1,2024-11-19,0.78,0
APP103599,43,Male,West Bengal,Salaried,51800.0,681,Personal,110000.0,48,13.22,2963.0,0,2,2025-07-14,0.06,0
APP105385,54,Male,Gujarat,Self-Employed,23200.0,713,Personal,327000.0,48,15.14,9124.0,0,3,2024-05-06,0.39,0
APP104910,39,Male,Karnataka,Salaried,41800.0,685,Business Expansion,264000.0,60,15.13,6299.0,0,0,2024-10-14,0.15,0
APP101265,36,Male,Tamil Nadu,Salaried,21400.0,552,Home Renovation,74000.0,24,14.6,3574.0,1,1,2025-04-08,0.33,0
APP104438,53,Male,Delhi,Self-Employed,41200.0,684,Home Renovation,50000.0,36,11.6,1651.0,0,1,2024-02-20,0.04,0
APP102597,50,Female,Karnataka,Salaried,47800.0,699,Medical,371000.0,84,13.86,6924.0,1,1,2024-01-11,0.29,1
APP101410,37,Female,Telangana,Self-Employed,51800.0,654,Medical,138000.0,12,11.63,12237.0,1,2,2024-09-06,0.47,0
APP101214,28,Female,Tamil Nadu,Salaried,12000.0,610,Education,208000.0,48,11.81,5458.0,1,1,2025-05-25,0.91,0
APP100966,24,Female,Karnataka,Self-Employed,19800.0,652,Education,388000.0,84,12.91,7040.0,0,1,2024-04-10,0.36,1
APP101230,42,Male,Uttar Pradesh,Salaried,59300.0,709,Vehicle,310000.0,48,13.45,8386.0,0,3,2025-06-23,0.14,0
APP104791,28,Female,Maharashtra,Business Owner,16000.0,627,Home Renovation,232000.0,36,15.8,8134.0,1,2,2024-02-13,1.02,1
APP100605,25,Female,West Bengal,Salaried,29800.0,837,Home Renovation,324000.0,48,13.61,8791.0,1,3,2025-02-21,0.59,0
APP100104,21,Male,Maharashtra,Salaried,44000.0,471,Medical,271000.0,36,16.45,9588.0,0,4,2024-02-14,0.22,1
APP100645,21,Male,Maharashtra,Self-Employed,15100.0,835,Medical,365000.0,60,9.34,7637.0,3,0,2024-10-09,2.02,1
APP105500,38,Male,Karnataka,Self-Employed,57300.0,803,Personal,298000.0,36,10.81,9729.0,1,0,2024-09-15,0.34,1
APP104590,48,Male,Telangana,Salaried,50600.0,616,Personal,468000.0,48,15.57,13160.0,1,2,2024-09-22,0.52,0
APP103088,29,Male,Rajasthan,Salaried,34600.0,614,Personal,210000.0,36,14.64,7243.0,1,1,2025-01-11,0.42,1
APP101019,48,Female,West Bengal,Self-Employed,51400.0,700,Business Expansion,202000.0,60,11.42,4434.0,2,0,2025-11-01,0.26,0
APP100091,27,Female,West Bengal,Salaried,66900.0,685,Personal,242000.0,36,12.69,8118.0,1,2,2024-11-29,0.24,0
APP105208,38,Male,Tamil Nadu,Salaried,62400.0,715,Vehicle,120000.0,84,11.98,2117.0,1,1,2025-09-30,0.07,1
APP102870,23,Female,West Bengal,Business Owner,52300.0,666,Personal,156000.0,36,11.54,5147.0,1,2,2024-04-02,0.2,0
APP100908,27,Female,Tamil Nadu,Salaried,32700.0,632,Personal,301000.0,24,14.47,14519.0,2,0,2025-07-27,1.33,0
APP105570,36,Male,Rajasthan,Salaried,72500.0,683,Home Renovation,20000.0,24,11.94,941.0,1,1,2024-05-14,0.03,0
APP102150,35,Male,Karnataka,Self-Employed,43200.0,637,Personal,258000.0,60,13.06,5878.0,1,3,2025-04-05,0.27,1
APP100238,31,Male,Karnataka,Salaried,39900.0,720,Vehicle,230000.0,36,13.7,7827.0,1,1,2025-02-25,0.39,0
APP103140,42,Female,Maharashtra,Salaried,18400.0,786,Vehicle,283000.0,60,12.3,6338.0,0,1,2025-05-09,0.34,0
APP100942,22,Female,Uttar Pradesh,Salaried,29900.0,566,Home Renovation,26000.0,84,13.89,486.0,1,4,2024-06-23,0.03,0
APP101270,33,Female,Punjab,Salaried,27400.0,778,Home Renovation,20000.0,24,10.66,929.0,2,0,2024-08-30,0.1,0
APP100938,25,Female,Tamil Nadu,Salaried,64900.0,768,Home Renovation,20000.0,24,12.93,950.0,2,1,2025-03-21,0.04,0
APP105520,29,Male,Delhi,Business Owner,45800.0,765,Vehicle,233000.0,24,12.6,11034.0,2,1,2025-05-13,0.72,1
APP103229,57,Male,West Bengal,Self-Employed,75200.0,758,Personal,139000.0,60,11.12,3031.0,1,1,2024-04-08,0.08,0
APP103551,24,Male,West Bengal,Salaried,,861,Personal,222000.0,24,9.0,10142.0,0,2,2025-06-04,0.16,0
APP101862,38,Male,Karnataka,Salaried,25700.0,601,Vehicle,357000.0,36,15.34,12435.0,0,0,2024-11-09,0.48,0
APP101669,40,Male,Tamil Nadu,Self-Employed,39600.0,785,Personal,536000.0,36,14.01,18322.0,0,2,2025-10-17,0.46,0
APP100005,59,Male,West Bengal,Salaried,,722,Education,232000.0,60,12.18,5182.0,0,1,2025-06-29,0.17,0
APP104343,59,Female,Karnataka,Business Owner,107800.0,794,Home Renovation,107000.0,24,10.47,4961.0,0,0,2024-02-12,0.05,0
APP103943,21,Female,West Bengal,Self-Employed,33800.0,664,Vehicle,425000.0,24,14.14,20434.0,1,4,2024-08-09,1.21,1
APP103013,59,Female,Karnataka,Self-Employed,33200.0,694,Medical,113000.0,12,13.1,10098.0,0,2,2024-02-19,0.3,0
APP100018,58,Male,Maharashtra,Salaried,47200.0,617,Personal,197000.0,24,11.79,9254.0,0,1,2025-09-27,0.2,1
APP101970,22,Male,Delhi,Salaried,63800.0,591,Education,91000.0,24,14.6,4395.0,1,1,2025-08-24,0.14,0
APP102709,48,Male,Tamil Nadu,Salaried,61100.0,438,Personal,20000.0,36,15.51,698.0,3,2,2025-06-29,0.05,1
APP102232,51,Male,Gujarat,Salaried,52500.0,622,Medical,78000.0,36,12.55,2611.0,0,2,2024-12-02,0.05,0
APP100811,48,Female,Delhi,Salaried,41300.0,647,Vehicle,228000.0,12,14.16,20489.0,1,1,2024-10-16,0.99,0
APP101300,24,Female,Maharashtra,Self-Employed,12000.0,770,Vehicle,471000.0,60,12.01,10480.0,0,2,2025-10-26,0.87,1
APP105431,57,Male,Uttar Pradesh,Salaried,50100.0,602,Vehicle,94000.0,12,14.16,8447.0,2,1,2024-05-18,0.51,1
APP105928,37,Male,Delhi,Salaried,41900.0,774,Home Renovation,536000.0,60,11.9,11896.0,1,0,2024-01-05,0.57,0
APP100260,28,Male,Tamil Nadu,Salaried,50300.0,735,Personal,200000.0,12,12.64,17830.0,2,1,2024-03-05,1.06,1
APP101804,39,Male,Delhi,Self-Employed,79900.0,641,Personal,653000.0,60,12.27,14615.0,0,1,2024-07-27,0.18,0
APP101570,22,Male,Maharashtra,Self-Employed,22300.0,826,Personal,218000.0,24,11.16,10177.0,1,1,2024-11-05,0.91,1
APP104280,30,Male,Karnataka,Salaried,40500.0,637,Vehicle,20000.0,48,13.79,544.0,3,0,2025-02-21,0.05,1
APP102454,30,Male,Uttar Pradesh,Salaried,46100.0,794,Education,114000.0,36,11.96,3784.0,2,1,2024-12-20,0.25,0
APP101743,52,Female,Uttar Pradesh,Business Owner,84300.0,750,Personal,306000.0,36,11.32,10064.0,1,1,2024-01-28,0.24,0
APP101630,51,Male,Gujarat,Salaried,46100.0,759,Education,176000.0,24,12.11,8294.0,1,2,2025-07-04,0.36,0
APP101716,46,Male,Telangana,Salaried,22600.0,661,Home Renovation,168000.0,24,13.71,8043.0,0,1,2024-01-05,0.36,0
APP100520,49,Female,Tamil Nadu,Business Owner,73200.0,757,Vehicle,76000.0,36,11.94,2522.0,0,1,2024-03-28,0.03,0
APP103937,29,Female,Tamil Nadu,Self-Employed,52500.0,620,Home Renovation,175000.0,60,12.68,3953.0,2,2,2024-10-07,0.23,1
APP103482,38,Male,Karnataka,Business Owner,28900.0,699,Vehicle,190000.0,24,12.02,8946.0,1,0,2024-01-30,0.62,0
APP101658,50,Female,Telangana,Salaried,23400.0,565,Vehicle,396000.0,60,15.43,9510.0,0,2,2025-10-01,0.41,0
APP103472,55,Male,Tamil Nadu,Salaried,47900.0,635,Business Expansion,20000.0,36,14.67,690.0,0,1,2024-03-06,0.01,0
APP105708,54,Male,Delhi,Salaried,54500.0,564,Vehicle,510000.0,12,14.21,45842.0,1,0,2025-12-05,1.68,1
APP102475,40,Male,Karnataka,Salaried,18900.0,692,Business Expansion,310000.0,36,11.93,10286.0,2,3,2024-08-02,1.63,0
APP103948,54,Female,Delhi,Self-Employed,42100.0,642,Education,157000.0,84,12.05,2776.0,1,1,2025-05-04,0.13,0
APP103934,48,Female,Karnataka,Self-Employed,49500.0,618,Vehicle,448000.0,12,13.6,40140.0,0,0,2024-10-25,0.81,1
APP103645,30,Male,Gujarat,Salaried,33900.0,670,Personal,255000.0,84,12.25,4536.0,0,1,2025-08-03,0.13,0
APP100763,48,Female,Delhi,Salaried,55000.0,694,Education,20000.0,48,13.9,546.0,1,1,2025-11-27,0.02,0
APP104703,25,Male,Karnataka,Self-Employed,74100.0,704,Home Renovation,146000.0,36,11.5,4814.0,1,0,2024-05-25,0.13,0
APP104326,52,Female,West Bengal,Salaried,46700.0,669,Business Expansion,259000.0,12,14.9,23365.0,0,2,2025-06-29,0.5,0
APP104427,41,Male,Delhi,Self-Employed,56500.0,614,Home Renovation,72000.0,24,12.94,3421.0,3,0,2024-06-23,0.24,1
APP105536,37,Male,Delhi,Self-Employed,26500.0,759,Vehicle,130000.0,24,11.91,6114.0,0,1,2025-12-14,0.23,0
APP101091,49,Male,Punjab,Salaried,38100.0,697,Education,172000.0,24,13.02,8179.0,0,0,2025-01-08,0.21,0
APP103608,40,Male,Gujarat,Self-Employed,36500.0,648,Personal,281000.0,48,12.69,7495.0,1,1,2025-01-04,0.41,1
APP101101,32,Female,Tamil Nadu,Self-Employed,48700.0,699,Personal,112000.0,24,12.14,5280.0,1,1,2025-01-17,0.22,0
APP105225,50,Male,Punjab,Salaried,12000.0,625,Vehicle,107000.0,24,14.54,5165.0,0,0,2024-02-20,0.43,0
APP104557,44,Female,Rajasthan,Self-Employed,12000.0,752,Vehicle,129000.0,24,12.17,6083.0,1,2,2024-02-07,1.01,1
APP100958,32,Female,Maharashtra,Salaried,68600.0,523,Education,20000.0,12,11.55,1773.0,1,0,2025-01-11,0.05,0
APP105758,40,Male,Maharashtra,Salaried,53000.0,701,Education,149000.0,36,13.5,5056.0,1,3,2024-02-25,0.19,0
APP100559,41,Male,Gujarat,Business Owner,69700.0,507,Education,620000.0,12,14.56,55832.0,0,0,2025-08-17,0.8,1
APP101519,27,Male,Karnataka,Self-Employed,12000.0,747,Business Expansion,184000.0,24,12.42,8698.0,0,1,2025-09-25,0.72,0
APP105926,44,Male,Uttar Pradesh,Salaried,62400.0,814,Personal,188000.0,36,11.38,6189.0,2,0,2024-05-26,0.3,0
APP102484,38,Male,Karnataka,Salaried,49200.0,821,Personal,351000.0,24,11.9,16506.0,2,1,2025-06-13,1.01,0
APP100366,32,Female,Gujarat,Business Owner,47400.0,674,Medical,244000.0,84,12.66,4394.0,0,1,2024-12-08,0.09,0
APP103901,23,Female,Karnataka,Self-Employed,62700.0,836,Personal,261000.0,24,11.4,12213.0,1,1,2025-02-14,0.39,0
APP101948,53,Female,Uttar Pradesh,Self-Employed,12000.0,707,Education,571000.0,24,11.71,26802.0,1,2,2024-06-15,4.47,1
APP104165,45,Female,West Bengal,Self-Employed,61700.0,694,Education,121000.0,84,11.49,2103.0,0,1,2025-04-11,0.03,0
APP101572,59,Female,Tamil Nadu,Business Owner,55200.0,706,Vehicle,337000.0,36,14.01,11519.0,2,2,2024-07-25,0.63,0
APP100808,26,Male,Gujarat,Salaried,21800.0,656,Home Renovation,164000.0,24,13.25,7816.0,1,0,2025-11-16,0.72,1
APP103232,55,Male,Telangana,Salaried,60900.0,497,Medical,126000.0,36,16.6,4467.0,1,3,2024-06-06,0.15,1
APP103946,33,Male,Maharashtra,Self-Employed,,631,Vehicle,231000.0,36,16.16,8140.0,0,1,2024-06-25,0.4,0
APP100011,56,Female,Uttar Pradesh,Self-Employed,21500.0,670,Personal,395000.0,60,13.41,9071.0,2,0,2025-06-18,1.27,0
APP102025,29,Female,Delhi,Self-Employed,14600.0,642,Education,61000.0,48,13.7,1658.0,0,1,2024-05-03,0.11,0
APP105013,54,Male,Telangana,Self-Employed,28500.0,611,Education,192000.0,24,12.49,9082.0,0,2,2024-10-23,0.32,1
APP105547,40,Female,Tamil Nadu,Salaried,41000.0,490,Vehicle,292000.0,36,13.95,9973.0,1,0,2024-05-22,0.49,1
APP100176,21,Female,Uttar Pradesh,Self-Employed,57600.0,744,Education,543000.0,12,12.62,48403.0,0,3,2025-04-09,0.84,1
APP105090,33,Male,Maharashtra,Self-Employed,43800.0,873,Home Renovation,113000.0,84,11.26,1950.0,2,4,2024-04-11,0.13,0
APP102488,46,Male,Maharashtra,Salaried,66200.0,685,Home Renovation,171000.0,48,13.32,4615.0,0,2,2025-04-09,0.07,0
APP103886,59,Male,Telangana,Salaried,55000.0,602,Medical,349000.0,48,14.73,9665.0,0,4,2024-11-30,0.18,1
APP102569,40,Male,Rajasthan,Salaried,,653,Business Expansion,25000.0,24,13.92,1199.0,2,2,2024-03-18,0.09,0
APP103520,47,Male,Delhi,Salaried,83800.0,674,Medical,184000.0,12,13.19,16451.0,0,0,2024-02-18,0.2,0
APP103760,42,Male,Telangana,Salaried,41500.0,803,Vehicle,234000.0,60,11.69,5169.0,0,1,2025-04-14,0.12,0
APP105351,44,Male,Telangana,Salaried,73700.0,637,Business Expansion,385000.0,36,14.09,13175.0,2,0,2025-08-19,0.54,0
APP103282,55,Female,Rajasthan,Salaried,56600.0,683,Home Renovation,20000.0,12,12.78,1784.0,2,1,2025-02-03,0.09,0
APP101664,25,Male,Gujarat,Self-Employed,32500.0,636,Home Renovation,265000.0,60,12.23,5926.0,0,0,2024-10-23,0.18,0
APP102191,42,Female,Gujarat,Self-Employed,42700.0,664,Vehicle,336000.0,36,13.59,11417.0,0,1,2025-03-05,0.27,1
APP103875,32,Male,Rajasthan,Business Owner,119000.0,689,Business Expansion,115000.0,12,12.21,10229.0,1,3,2024-04-26,0.17,0
APP103370,40,Female,Tamil Nadu,Business Owner,112700.0,645,Personal,321000.0,12,13.85,28799.0,0,0,2024-11-24,0.26,1
APP102660,26,Female,Punjab,Self-Employed,55400.0,534,Personal,217000.0,60,13.6,5004.0,0,1,2024-07-31,0.09,1
APP104252,50,Male,Telangana,Self-Employed,48400.0,839,Education,140000.0,36,11.81,4637.0,1,1,2025-12-27,0.19,0
APP103578,31,Male,Uttar Pradesh,Salaried,64100.0,670,Personal,20000.0,12,13.59,1792.0,0,1,2025-01-18,0.03,1
APP105556,45,Female,Uttar Pradesh,Salaried,47600.0,715,Personal,173000.0,24,12.62,8194.0,1,0,2024-05-07,0.34,0
APP102046,34,Female,Uttar Pradesh,Salaried,18900.0,596,Vehicle,20000.0,36,13.88,682.0,1,1,2025-09-06,0.07,0
APP102624,29,Female,Telangana,Salaried,62300.0,675,Medical,40000.0,12,14.25,3596.0,1,0,2024-01-06,0.12,1
APP103410,38,Male,Maharashtra,Self-Employed,59600.0,585,Education,515000.0,24,14.32,24805.0,1,2,2024-10-07,0.83,0
APP101185,29,Male,Uttar Pradesh,Salaried,54900.0,612,Vehicle,353000.0,48,11.97,9291.0,2,1,2024-10-28,0.51,1
APP101006,26,Female,Telangana,Salaried,73700.0,754,Personal,88000.0,60,11.47,1934.0,1,0,2024-03-23,0.05,0
APP103569,41,Male,Telangana,Salaried,48100.0,592,Medical,299000.0,48,15.31,8368.0,0,1,2025-10-07,0.17,0
APP103737,22,Female,Gujarat,Self-Employed,72900.0,715,Business Expansion,236000.0,36,13.33,7989.0,2,0,2024-06-27,0.33,1
APP104656,56,Male,Delhi,Salaried,60300.0,724,Personal,449000.0,24,10.19,20758.0,0,1,2025-10-03,0.34,0
APP105006,37,Male,Rajasthan,Business Owner,68800.0,665,Education,456000.0,36,12.53,15261.0,1,1,2024-10-05,0.44,0
APP105407,50,Male,Maharashtra,Salaried,47100.0,607,Business Expansion,216000.0,24,12.93,10262.0,0,2,2025-10-01,0.22,1
APP102049,36,Male,Tamil Nadu,Salaried,66200.0,671,Vehicle,200000.0,36,12.91,6730.0,1,0,2024-02-09,0.2,0
APP104011,31,Female,Karnataka,Business Owner,89100.0,595,Vehicle,577000.0,36,15.52,20149.0,1,0,2025-01-07,0.45,0
APP100269,58,Male,Tamil Nadu,Self-Employed,20600.0,767,Education,124000.0,24,13.17,5905.0,2,0,2024-02-12,0.86,0
APP101993,28,Female,Rajasthan,Self-Employed,59400.0,634,Vehicle,227000.0,36,14.26,7787.0,0,1,2025-06-02,0.13,1
APP100265,32,Male,Karnataka,Self-Employed,49000.0,755,Business Expansion,339000.0,24,12.27,16001.0,3,0,2024-04-22,1.31,1
APP100914,59,Female,Maharashtra,Self-Employed,46700.0,679,Personal,260000.0,36,12.85,8742.0,0,0,2025-08-28,0.19,0
APP102278,33,Female,Karnataka,Salaried,55600.0,585,Education,273000.0,48,12.39,7242.0,0,0,2024-07-04,0.13,0
APP102231,37,Male,Maharashtra,Salaried,67000.0,652,Personal,363000.0,84,14.08,6819.0,0,1,2024-10-11,0.1,0
APP100290,57,Female,Karnataka,Self-Employed,78500.0,633,Education,114000.0,60,15.36,2734.0,0,1,2024-07-01,0.03,1
APP102912,53,Male,Tamil Nadu,Self-Employed,19600.0,818,Home Renovation,522000.0,84,11.28,9015.0,1,2,2024-03-21,0.92,0
APP104969,30,Female,Karnataka,Self-Employed,42600.0,697,Vehicle,192000.0,48,12.81,5133.0,1,0,2024-06-06,0.24,1
APP102093,34,Female,Karnataka,Business Owner,92400.0,638,Personal,142000.0,36,13.69,4832.0,0,1,2025-05-07,0.05,1
APP104571,45,Male,Tamil Nadu,Self-Employed,27400.0,725,Vehicle,393000.0,24,11.41,18392.0,0,3,2024-06-29,0.67,0
APP101652,35,Male,Rajasthan,Self-Employed,51200.0,714,Business Expansion,442000.0,36,10.88,14445.0,0,1,2024-08-27,0.28,0
APP104141,50,Female,West Bengal,Business Owner,37600.0,780,Personal,100000.0,60,10.68,2158.0,2,2,2025-03-03,0.17,0
APP104257,50,Male,Maharashtra,Salaried,34900.0,630,Medical,230000.0,48,14.23,6312.0,0,0,2024-08-21,0.18,1
APP103039,24,Female,Gujarat,Self-Employed,32200.0,699,Personal,20000.0,84,13.57,370.0,2,0,2024-12-14,0.03,1
APP102677,59,Male,West Bengal,Salaried,26400.0,563,Medical,317000.0,84,16.66,6416.0,0,1,2025-01-17,0.24,0
APP100288,26,Male,Delhi,Business Owner,20200.0,598,Education,359000.0,36,13.55,12191.0,0,1,2024-11-18,0.6,0
APP103107,52,Male,Uttar Pradesh,Salaried,58500.0,630,Home Renovation,234000.0,36,13.25,7913.0,1,0,2025-06-02,0.27,1
APP105996,24,Male,Uttar Pradesh,Salaried,44400.0,634,Business Expansion,225000.0,24,13.44,10743.0,1,1,2025-03-25,0.48,0
APP100575,32,Female,Tamil Nadu,Salaried,49700.0,777,Business Expansion,347000.0,12,11.04,30675.0,0,1,2024-01-27,0.62,0
APP100850,40,Male,Delhi,Salaried,33800.0,699,Personal,20000.0,48,10.68,514.0,1,2,2024-08-22,0.03,0
APP103883,52,Male,West Bengal,Salaried,41100.0,425,Education,68000.0,24,16.46,3344.0,1,1,2024-01-10,0.16,1
APP105007,43,Male,Tamil Nadu,Salaried,24500.0,698,Business Expansion,336000.0,60,12.86,7621.0,1,2,2024-05-04,0.62,1
APP105350,36,Male,Uttar Pradesh,Salaried,30200.0,716,Medical,458000.0,12,13.55,41026.0,2,0,2025-03-03,4.08,1
APP101722,25,Male,West Bengal,Self-Employed,47600.0,830,Personal,219000.0,48,9.65,5518.0,2,1,2024-12-13,0.35,0
APP105831,39,Male,Gujarat,Salaried,47400.0,354,Education,494000.0,36,17.31,17689.0,2,4,2024-08-17,1.12,1
APP105028,40,Female,West Bengal,Self-Employed,12000.0,566,Personal,157000.0,84,12.2,2788.0,3,0,2024-06-11,0.93,1
APP103949,49,Male,West Bengal,Self-Employed,49200.0,638,Vehicle,159000.0,60,13.55,3663.0,2,0,2025-02-20,0.22,0
APP101100,43,Male,Delhi,Business Owner,37000.0,634,Education,372000.0,60,12.95,8455.0,1,0,2024-02-27,0.46,1
APP101207,51,Male,Maharashtra,Salaried,13100.0,845,Personal,189000.0,24,10.82,8793.0,0,1,2025-12-23,0.67,0
APP101843,56,Male,Delhi,Salaried,32300.0,780,Medical,144000.0,48,11.38,3748.0,0,4,2024-05-18,0.12,0
APP101848,33,Female,Punjab,Salaried,31800.0,685,Personal,163000.0,12,12.68,14534.0,0,0,2024-04-12,0.46,0
APP102524,44,Male,Tamil Nadu,Salaried,,799,Vehicle,339000.0,36,10.03,10943.0,0,0,2024-04-30,0.19,0
APP103947,21,Male,West Bengal,Self-Employed,20000.0,615,Personal,140000.0,84,12.98,2545.0,1,1,2025-06-03,0.25,1
APP101694,50,Female,Uttar Pradesh,Salaried,40500.0,607,Vehicle,113000.0,36,12.85,3799.0,2,1,2024-07-06,0.28,0
APP104181,34,Male,Uttar Pradesh,Self-Employed,45100.0,561,Medical,362000.0,12,12.34,32221.0,1,0,2024-02-23,1.43,1
APP104565,48,Male,Karnataka,Salaried,63200.0,723,Vehicle,373000.0,24,12.95,17724.0,0,0,2025-06-06,0.28,1
APP103960,23,Female,Tamil Nadu,Salaried,44500.0,663,Personal,111000.0,48,13.01,2978.0,1,2,2025-10-24,0.13,1
APP100233,23,Female,Uttar Pradesh,Salaried,48000.0,820,Business Expansion,418000.0,36,11.72,13828.0,1,1,2025-03-23,0.58,0
APP103332,54,Male,Uttar Pradesh,Salaried,43200.0,721,Personal,194000.0,24,12.26,9156.0,3,4,2024-06-29,0.85,1
APP105781,58,Male,Rajasthan,Self-Employed,31000.0,532,Personal,117000.0,36,14.17,4008.0,1,1,2025-08-01,0.26,1
APP102647,31,Male,Maharashtra,Self-Employed,24300.0,538,Medical,350000.0,24,15.53,17059.0,1,3,2024-11-24,1.4,1
APP104041,36,Male,Maharashtra,Self-Employed,21300.0,792,Home Renovation,169000.0,36,11.02,5534.0,1,3,2025-09-06,0.52,0
APP101711,34,Female,West Bengal,Salaried,39700.0,639,Vehicle,219000.0,84,15.05,4232.0,0,0,2024-12-02,0.11,0
APP100182,52,Male,Uttar Pradesh,Salaried,37700.0,803,Business Expansion,412000.0,12,10.71,36358.0,2,1,2025-10-06,2.89,0
APP105084,39,Male,West Bengal,Business Owner,66400.0,729,Personal,210000.0,48,11.23,5451.0,1,2,2025-10-03,0.16,0
APP105096,32,Female,Uttar Pradesh,Salaried,32400.0,753,Personal,432000.0,36,11.93,14334.0,2,1,2024-01-10,1.33,1
APP105737,35,Female,Telangana,Self-Employed,53600.0,769,Business Expansion,180000.0,36,12.04,5982.0,2,1,2025-05-15,0.33,0
APP105452,21,Male,Karnataka,Business Owner,,565,Vehicle,164000.0,36,13.05,5530.0,0,3,2025-08-23,0.06,1
APP101462,24,Female,Maharashtra,Self-Employed,41700.0,725,Business Expansion,356000.0,24,11.74,16715.0,2,1,2024-05-28,1.2,1
APP100049,56,Male,Tamil Nadu,Self-Employed,91900.0,685,Vehicle,92000.0,12,13.58,8242.0,1,0,2024-01-02,0.18,0
APP105935,34,Male,Uttar Pradesh,Salaried,42900.0,658,Personal,51000.0,36,12.69,1711.0,0,1,2025-09-02,0.04,0
APP105354,33,Male,West Bengal,Self-Employed,29500.0,633,Business Expansion,209000.0,12,14.38,18803.0,0,0,2025-09-28,0.64,0
APP104582,50,Female,Delhi,Salaried,52200.0,803,Business Expansion,49000.0,36,11.43,1614.0,0,1,2024-03-05,0.03,0
APP105995,23,Female,Rajasthan,Salaried,58000.0,607,Business Expansion,221000.0,48,13.68,6004.0,2,3,2024-07-22,0.31,0
APP100106,57,Male,Gujarat,Salaried,38900.0,681,Education,414000.0,60,13.62,9552.0,2,0,2025-07-13,0.74,0
APP100443,30,Female,Maharashtra,Salaried,43100.0,632,Business Expansion,159000.0,60,15.05,3787.0,1,0,2025-07-30,0.18,0
APP101954,26,Male,Telangana,Salaried,68100.0,651,Vehicle,109000.0,84,13.47,2011.0,0,2,2025-06-13,0.03,0
APP104742,34,Female,Punjab,Salaried,27700.0,648,Medical,222000.0,24,12.42,10494.0,0,1,2025-07-29,0.38,1
APP105858,35,Female,Maharashtra,Self-Employed,23000.0,706,Home Renovation,20000.0,24,11.36,936.0,1,1,2024-11-18,0.08,0
APP100726,25,Male,Delhi,Self-Employed,12000.0,697,Home Renovation,62000.0,60,12.37,1391.0,3,1,2025-01-24,0.46,1
APP102238,23,Male,Rajasthan,Business Owner,62700.0,728,Business Expansion,214000.0,84,11.6,3732.0,2,3,2024-09-21,0.18,0
APP102330,47,Female,Maharashtra,Self-Employed,63000.0,581,Medical,229000.0,24,13.2,10909.0,0,1,2025-03-25,0.17,1
APP104125,32,Male,Uttar Pradesh,Business Owner,44800.0,739,Medical,273000.0,12,12.7,24345.0,0,1,2024-12-02,0.54,1
APP100169,22,Female,Uttar Pradesh,Self-Employed,,829,Home Renovation,331000.0,36,9.46,10597.0,0,1,2025-05-06,0.17,1
APP101001,47,Female,Maharashtra,Salaried,72300.0,711,Personal,300000.0,36,11.63,9911.0,0,2,2025-05-31,0.14,1
APP103252,43,Male,Punjab,Business Owner,78500.0,680,Personal,167000.0,48,13.75,4543.0,0,0,2024-05-13,0.06,0
APP102148,41,Male,Gujarat,Salaried,48400.0,649,Education,488000.0,36,13.35,16525.0,0,2,2024-01-13,0.34,0
APP100197,36,Male,Maharashtra,Self-Employed,14100.0,720,Personal,405000.0,48,13.21,10907.0,1,0,2025-01-13,1.55,1
APP104591,50,Female,Gujarat,Self-Employed,74900.0,671,Home Renovation,239000.0,36,11.52,7884.0,3,2,2024-07-16,0.42,1
APP103793,47,Male,Maharashtra,Salaried,71800.0,559,Home Renovation,161000.0,24,13.78,7713.0,0,1,2025-09-21,0.11,1
APP100647,24,Female,Delhi,Salaried,21000.0,780,Vehicle,555000.0,36,10.5,18039.0,1,1,2024-02-09,1.72,1
APP103035,34,Male,Rajasthan,Salaried,15200.0,788,Vehicle,231000.0,84,10.23,3862.0,0,1,2024-06-19,0.25,0
APP104140,31,Female,Maharashtra,Salaried,59000.0,598,Vehicle,96000.0,48,15.24,2683.0,0,3,2024-11-16,0.05,1
APP103733,40,Male,Gujarat,Salaried,37300.0,737,Personal,339000.0,12,12.98,30275.0,3,1,2025-05-10,3.25,1
APP102758,32,Male,Rajasthan,Salaried,49300.0,688,Personal,180000.0,36,12.5,6022.0,0,5,2025-05-01,0.12,0
APP100373,36,Male,Delhi,Self-Employed,,688,Home Renovation,33000.0,12,13.4,2954.0,0,3,2025-07-27,0.11,1
APP104774,38,Female,Uttar Pradesh,Self-Employed,18600.0,653,Personal,177000.0,24,13.3,8440.0,0,0,2024-09-19,0.45,0
APP100566,38,Male,Rajasthan,Business Owner,72100.0,632,Home Renovation,274000.0,36,13.9,9351.0,2,1,2024-09-04,0.39,1
APP103720,36,Male,Delhi,Salaried,46500.0,833,Education,324000.0,60,11.15,7069.0,1,1,2024-01-19,0.3,0
APP102895,41,Male,West Bengal,Self-Employed,29900.0,672,Home Renovation,293000.0,36,14.05,10021.0,0,0,2025-06-16,0.34,0
APP104556,41,Male,Maharashtra,Salaried,55400.0,589,Home Renovation,330000.0,48,14.52,9104.0,0,0,2025-09-04,0.16,0
APP103485,21,Female,Delhi,Self-Employed,63400.0,674,Education,160000.0,24,12.49,7568.0,0,2,2024-10-25,0.12,1
APP101155,37,Female,Delhi,Salaried,63900.0,631,Business Expansion,401000.0,60,13.22,9169.0,0,4,2024-05-18,0.14,0
APP104135,36,Male,Telangana,Salaried,37200.0,692,Vehicle,199000.0,60,12.21,4448.0,0,0,2024-10-14,0.12,0
APP100973,49,Male,Karnataka,Self-Employed,60500.0,597,Business Expansion,56000.0,12,14.43,5039.0,0,0,2024-02-09,0.08,1
APP103287,32,Male,Delhi,Salaried,50200.0,665,Personal,393000.0,12,14.07,35299.0,1,2,2024-07-04,1.41,0
APP103627,54,Male,Telangana,Salaried,46800.0,579,Vehicle,20000.0,12,13.99,1796.0,0,2,2025-04-04,0.04,0
APP103638,36,Male,Uttar Pradesh,Salaried,,627,Personal,273000.0,24,14.05,13114.0,0,1,2024-04-09,0.44,1
APP105882,41,Male,Maharashtra,Salaried,63900.0,409,Medical,586000.0,60,17.01,14567.0,1,5,2024-09-15,0.46,1
APP105594,31,Male,Gujarat,Self-Employed,58800.0,681,Personal,369000.0,36,11.5,12168.0,3,1,2025-04-27,0.83,0
APP101835,35,Male,Rajasthan,Salaried,54800.0,641,Personal,233000.0,24,12.49,11022.0,2,2,2024-05-26,0.6,0
APP102308,43,Male,Uttar Pradesh,Self-Employed,34300.0,675,Personal,187000.0,12,12.74,16680.0,0,2,2025-01-09,0.49,0
APP101840,36,Male,Uttar Pradesh,Self-Employed,,860,Education,235000.0,48,9.32,5884.0,3,0,2025-12-27,1.96,0
APP104923,58,Female,Rajasthan,Business Owner,39700.0,749,Education,333000.0,48,10.66,8552.0,1,1,2025-10-04,0.43,0
APP102044,44,Male,Karnataka,Salaried,30800.0,724,Medical,288000.0,24,11.7,13517.0,0,1,2024-03-02,0.44,1
APP104405,47,Male,Maharashtra,Self-Employed,51200.0,707,Education,63000.0,48,12.76,1683.0,1,3,2024-02-20,0.07,0
APP104372,52,Male,Tamil Nadu,Self-Employed,32500.0,763,Personal,411000.0,24,12.19,19384.0,1,1,2025-01-03,1.19,1
APP104732,42,Male,Maharashtra,Business Owner,18800.0,666,Home Renovation,266000.0,60,14.46,6253.0,0,0,2025-11-13,0.33,0
APP104750,43,Female,West Bengal,Salaried,52800.0,597,Vehicle,251000.0,12,12.58,22369.0,2,0,2024-05-25,1.27,1
APP104718,26,Male,Maharashtra,Business Owner,111200.0,660,Personal,312000.0,48,13.28,8414.0,1,0,2024-06-22,0.15,0
APP105955,38,Female,Tamil Nadu,Salaried,59000.0,734,Education,20000.0,84,12.98,364.0,1,1,2025-01-09,0.01,0
APP100844,25,Male,Karnataka,Salaried,43700.0,443,Vehicle,275000.0,36,16.21,9697.0,4,0,2025-08-14,1.11,1
APP104489,46,Female,Uttar Pradesh,Self-Employed,43400.0,729,Personal,439000.0,60,11.39,9631.0,0,0,2025-05-27,0.22,1
APP102155,25,Male,Maharashtra,Self-Employed,19600.0,649,Home Renovation,263000.0,48,13.5,7121.0,1,0,2025-10-25,0.73,1
APP100349,24,Male,Delhi,Business Owner,47400.0,753,Medical,301000.0,24,10.92,14018.0,0,1,2024-11-23,0.3,0
APP100784,57,Female,Karnataka,Salaried,21000.0,756,Personal,295000.0,36,11.25,9693.0,0,2,2025-04-24,0.46,0
APP100047,34,Male,Uttar Pradesh,Salaried,38200.0,825,Business Expansion,184000.0,36,10.31,5964.0,4,2,2024-05-06,0.78,1
APP103651,22,Female,Telangana,Salaried,25200.0,522,Personal,175000.0,12,16.47,15917.0,0,2,2024-03-14,0.63,1
APP105751,49,Female,Delhi,Self-Employed,31500.0,709,Business Expansion,144000.0,24,12.17,6790.0,1,2,2025-07-04,0.43,0
APP104498,21,Female,Uttar Pradesh,Salaried,53300.0,756,Business Expansion,264000.0,48,9.5,6633.0,1,2,2024-08-14,0.25,0
APP104018,48,Female,West Bengal,Salaried,39300.0,662,Personal,397000.0,84,13.88,7413.0,1,3,2024-05-29,0.38,1
APP105203,31,Male,Rajasthan,Salaried,23100.0,770,Personal,342000.0,36,12.73,11479.0,1,1,2025-04-22,0.99,0
APP105250,24,Male,Rajasthan,Business Owner,89500.0,900,Vehicle,284000.0,48,9.4,7121.0,0,0,2024-01-08,0.08,0
APP101439,21,Male,Punjab,Salaried,39600.0,668,Personal,298000.0,36,13.83,10160.0,1,2,2024-07-27,0.51,1
APP105085,28,Male,Rajasthan,Self-Employed,69600.0,597,Personal,268000.0,48,14.68,7415.0,0,2,2024-08-14,0.11,1
APP101865,24,Female,Delhi,Salaried,36300.0,729,Business Expansion,70000.0,84,10.87,1194.0,2,0,2025-08-30,0.1,1
APP105406,52,Male,Karnataka,Self-Employed,58100.0,618,Business Expansion,146000.0,24,15.25,7096.0,1,2,2025-09-02,0.24,0
APP103195,35,Male,Gujarat,Salaried,24900.0,796,Vehicle,163000.0,36,10.31,5283.0,0,2,2025-02-18,0.21,0
APP100033,29,Female,Uttar Pradesh,Business Owner,107700.0,762,Vehicle,369000.0,24,11.45,17275.0,1,2,2025-09-04,0.32,0
APP100787,54,Female,Rajasthan,Self-Employed,85000.0,595,Personal,155000.0,36,15.21,5389.0,0,4,2024-12-25,0.06,0
APP105139,39,Male,Maharashtra,Self-Employed,22500.0,688,Business Expansion,373000.0,48,13.99,10191.0,1,3,2024-04-09,0.91,0
APP104577,49,Male,Uttar Pradesh,Self-Employed,49500.0,610,Personal,221000.0,24,14.26,10638.0,1,1,2024-09-15,0.43,0
APP105339,29,Female,Delhi,Business Owner,78500.0,567,Personal,117000.0,12,16.1,10621.0,1,2,2025-12-13,0.27,0
APP102627,54,Male,Gujarat,Business Owner,59200.0,706,Education,65000.0,24,13.39,3102.0,1,1,2024-02-18,0.1,0
APP100931,33,Female,Maharashtra,Salaried,20500.0,593,Medical,195000.0,12,13.42,17455.0,1,3,2024-06-18,1.7,1
APP102404,26,Male,Uttar Pradesh,Self-Employed,16600.0,562,Education,265000.0,48,15.05,7382.0,1,2,2024-04-14,0.89,1
APP101685,31,Male,Delhi,Self-Employed,63400.0,491,Personal,53000.0,36,17.16,1894.0,0,2,2024-11-05,0.03,0
APP101248,51,Male,Uttar Pradesh,Salaried,17700.0,673,Personal,140000.0,24,12.73,6638.0,1,1,2025-07-03,0.75,1
APP104855,38,Male,Maharashtra,Salaried,73100.0,723,Home Renovation,338000.0,24,11.3,15801.0,1,3,2024-11-06,0.43,0
APP100092,29,Female,Maharashtra,Self-Employed,34700.0,573,Vehicle,250000.0,24,14.24,12032.0,0,0,2024-07-08,0.35,0
APP105271,25,Male,Gujarat,Self-Employed,73800.0,814,Vehicle,332000.0,24,11.19,15503.0,0,1,2025-12-17,0.21,0
APP105511,31,Male,Delhi,Self-Employed,31200.0,785,Vehicle,270000.0,36,12.1,8981.0,0,2,2025-02-12,0.29,1
APP105437,26,Male,Karnataka,Self-Employed,26200.0,562,Medical,454000.0,48,13.18,12220.0,1,0,2024-07-15,0.93,1
APP105568,38,Male,Delhi,Self-Employed,23700.0,621,Personal,558000.0,24,12.76,26465.0,0,2,2025-01-21,1.12,1
APP102851,39,Male,Karnataka,Salaried,47500.0,647,Personal,342000.0,36,13.36,11583.0,0,1,2025-02-21,0.24,1
APP102793,46,Male,Maharashtra,Business Owner,129600.0,493,Personal,372000.0,24,15.67,18156.0,0,3,2024-07-20,0.14,0
APP105703,29,Male,Punjab,Salaried,12000.0,751,Vehicle,348000.0,24,12.67,16491.0,1,0,2025-06-13,2.75,0
APP100764,30,Male,Tamil Nadu,Salaried,26700.0,744,Home Renovation,145000.0,60,12.51,3263.0,0,0,2025-08-22,0.12,0
APP102988,54,Female,Tamil Nadu,Business Owner,112100.0,672,Personal,20000.0,24,12.79,949.0,1,0,2024-05-29,0.02,0
APP105469,54,Male,Uttar Pradesh,Salaried,44100.0,754,Business Expansion,71000.0,60,11.2,1551.0,3,2,2025-04-20,0.14,0
APP102448,42,Male,Punjab,Business Owner,55600.0,822,Personal,223000.0,12,13.29,19948.0,1,0,2025-03-14,0.72,0
APP101728,54,Male,Rajasthan,Salaried,43300.0,541,Education,193000.0,24,13.96,9263.0,1,2,2025-12-21,0.43,0
APP100257,34,Male,Uttar Pradesh,Self-Employed,52800.0,540,Personal,113000.0,12,14.17,10155.0,1,0,2024-07-01,0.38,1
APP105040,45,Female,Delhi,Self-Employed,33700.0,694,Personal,225000.0,84,13.94,4209.0,0,0,2024-09-26,0.12,0
APP101219,35,Male,Gujarat,Salaried,35000.0,673,Personal,349000.0,24,14.37,16818.0,0,1,2024-03-04,0.48,0
APP101161,56,Male,Uttar Pradesh,Salaried,42800.0,827,Personal,79000.0,36,9.58,2534.0,2,0,2024-06-09,0.18,0
APP100772,33,Male,Tamil Nadu,Salaried,44100.0,783,Medical,80000.0,36,10.83,2613.0,0,1,2024-04-13,0.06,0
APP105582,38,Male,Delhi,Salaried,36700.0,678,Vehicle,388000.0,60,12.11,8652.0,0,0,2024-06-19,0.24,0
APP100312,46,Male,Karnataka,Salaried,34800.0,727,Education,426000.0,12,11.43,37736.0,2,1,2025-01-11,3.25,1
APP104386,45,Female,West Bengal,Salaried,,800,Vehicle,314000.0,24,10.17,14514.0,1,1,2024-06-26,0.64,0
APP104032,39,Male,West Bengal,Salaried,43700.0,675,Medical,379000.0,12,14.01,34031.0,0,1,2025-03-15,0.78,1
APP104859,31,Female,Karnataka,Self-Employed,76500.0,782,Personal,20000.0,48,9.0,498.0,2,0,2025-12-02,0.02,1
APP102997,57,Male,Punjab,Self-Employed,35000.0,760,Vehicle,284000.0,84,12.0,5013.0,1,0,2024-12-28,0.29,0
APP104279,50,Male,Rajasthan,Salaried,61400.0,610,Medical,391000.0,24,14.39,18845.0,1,1,2024-06-04,0.61,0
APP101176,40,Male,Uttar Pradesh,Salaried,47600.0,613,Personal,358000.0,24,13.23,17059.0,1,1,2024-10-22,0.72,0
APP103896,43,Female,Maharashtra,Salaried,25900.0,605,Personal,365000.0,24,13.44,17428.0,2,0,2025-06-25,2.02,0
APP101349,54,Female,Maharashtra,Self-Employed,62900.0,761,Education,20000.0,24,12.21,943.0,1,0,2024-12-21,0.03,0
APP103775,30,Male,Maharashtra,Self-Employed,28100.0,642,Medical,263000.0,36,13.42,8915.0,1,1,2025-10-24,0.63,0
APP103116,58,Female,Tamil Nadu,Salaried,69900.0,636,Medical,224000.0,48,13.85,6104.0,2,1,2025-01-15,0.26,0
APP103516,28,Female,Tamil Nadu,Salaried,42500.0,621,Business Expansion,155000.0,36,15.1,5381.0,0,0,2025-05-05,0.13,0
APP102298,51,Male,West Bengal,Self-Employed,44000.0,708,Vehicle,246000.0,36,13.63,8364.0,1,0,2024-03-17,0.38,1
APP102871,40,Male,Maharashtra,Business Owner,12000.0,486,Personal,270000.0,36,16.47,9555.0,2,0,2024-07-24,2.39,1
APP105195,37,Female,Tamil Nadu,Salaried,12700.0,768,Vehicle,240000.0,36,11.08,7866.0,1,0,2024-05-14,1.24,0
APP100391,36,Male,West Bengal,Self-Employed,24800.0,785,Business Expansion,431000.0,24,10.97,20082.0,0,2,2024-05-20,0.81,0
APP105789,54,Male,Gujarat,Salaried,42900.0,674,Personal,188000.0,48,11.7,4923.0,0,1,2025-11-25,0.11,1
APP101456,31,Male,Rajasthan,Salaried,25800.0,778,Business Expansion,142000.0,36,11.05,4652.0,1,0,2025-09-21,0.36,0
APP101092,38,Male,Rajasthan,Business Owner,,654,Vehicle,297000.0,12,12.76,26494.0,0,0,2024-02-25,0.36,0
APP103239,57,Male,Telangana,Self-Employed,12000.0,504,Personal,165000.0,24,14.12,7931.0,0,0,2024-07-27,0.66,0
APP105000,59,Male,West Bengal,Self-Employed,30600.0,709,Vehicle,151000.0,36,11.09,4950.0,0,1,2025-03-28,0.16,0
APP102778,22,Female,Uttar Pradesh,Self-Employed,40800.0,633,Home Renovation,318000.0,84,11.3,5495.0,1,1,2024-08-31,0.27,1
APP104462,49,Male,Punjab,Business Owner,52600.0,614,Personal,239000.0,48,14.99,6650.0,0,0,2025-10-10,0.13,0
APP104441,55,Male,West Bengal,Business Owner,90600.0,691,Vehicle,334000.0,36,14.89,11560.0,1,2,2024-09-20,0.26,0
APP103656,34,Male,Gujarat,Salaried,26800.0,688,Vehicle,20000.0,24,12.38,945.0,0,2,2025-10-31,0.04,0
APP102583,57,Female,Rajasthan,Business Owner,69300.0,625,Personal,170000.0,60,12.9,3859.0,2,1,2025-07-26,0.17,0
APP103257,27,Male,Gujarat,Salaried,12000.0,455,Personal,116000.0,36,16.87,4128.0,0,2,2024-04-01,0.34,1
APP101372,49,Female,Delhi,Salaried,45000.0,655,Medical,276000.0,24,13.53,13190.0,1,2,2025-07-10,0.59,0
APP105735,59,Male,West Bengal,Self-Employed,55300.0,697,Vehicle,210000.0,48,10.95,5422.0,0,2,2024-05-21,0.1,1
APP100919,53,Female,Gujarat,Self-Employed,50300.0,633,Personal,622000.0,36,14.2,21319.0,0,0,2024-08-25,0.42,0
APP104307,43,Male,Tamil Nadu,Salaried,39300.0,492,Medical,20000.0,36,16.15,705.0,2,1,2025-12-06,0.05,0
APP105699,57,Female,West Bengal,Salaried,36300.0,661,Business Expansion,327000.0,48,14.14,8959.0,0,3,2024-08-26,0.25,0
APP102550,26,Male,Karnataka,Self-Employed,53700.0,689,Business Expansion,368000.0,48,13.08,9887.0,0,1,2025-06-28,0.18,0
APP100537,30,Male,Telangana,Salaried,27300.0,750,Vehicle,206000.0,12,14.18,18514.0,1,0,2024-02-09,1.36,1
APP101220,46,Male,Tamil Nadu,Business Owner,109000.0,625,Business Expansion,334000.0,36,11.99,11092.0,2,1,2024-04-10,0.31,0
APP104271,40,Male,Punjab,Self-Employed,73400.0,600,Business Expansion,145000.0,36,13.02,4887.0,0,1,2024-04-02,0.07,1
